{
"type": "FeatureCollection",
"name": "DF_01",
"crs": { "type": "name", "properties": { "name": "urn:ogc:def:crs:OGC:1.3:CRS84" } },
"features": [
{ "type": "Feature", "properties": { "CC_2": "5300108", "NAME_2": "Brasília", "Nome_Município": "Brasília", "UF": "53", "SIGLA_UF": "DF", "Nome_UF": "Distrito Federal", "Rank_Category": 9.0, "region_ID": "2002804", "GID_2": "BRA.7.1_2", "ENGTYPE_2": "Municipality" }, "geometry": { "type": "Polygon", "coordinates": [ [ [ -47.308504114999948, -16.04997138899995 ], [ -47.309969652999882, -16.049988738999957 ], [ -47.312847764999901, -16.049991674999944 ], [ -47.317884575999983, -16.049985758999981 ], [ -47.415464089999944, -16.049871141999915 ], [ -47.415595762999942, -16.049870986999906 ], [ -47.415759303999948, -16.04987079499989 ], [ -47.415816207999967, -16.049870943999906 ], [ -47.41631840499997, -16.049872261999951 ], [ -47.452260986999875, -16.049966540999833 ], [ -47.511011690999908, -16.049873743999967 ], [ -47.525332638999942, -16.049861946999954 ], [ -47.537503573999857, -16.049860697999975 ], [ -47.555885783999884, -16.049858810999979 ], [ -47.596726797999906, -16.049854618999973 ], [ -47.598173932999941, -16.049854470999946 ], [ -47.617322502999968, -16.049805943999957 ], [ -47.618320450999931, -16.049803414999928 ], [ -47.629214380999883, -16.049807751999936 ], [ -47.673908706999896, -16.049841135999941 ], [ -47.683637276999889, -16.049848401999895 ], [ -47.721441828999957, -16.049876639999923 ], [ -47.739080624999929, -16.049889814999972 ], [ -47.744785430999968, -16.049894075999873 ], [ -47.813194918999841, -16.049945172999912 ], [ -47.81321434399996, -16.049945281999953 ], [ -47.81323300299988, -16.049945201999947 ], [ -47.814518748999944, -16.049946161999912 ], [ -47.814547291999986, -16.049946183999907 ], [ -47.814783307999903, -16.049946359999922 ], [ -47.821780910999962, -16.049951586999839 ], [ -47.82182467399997, -16.049951619999945 ], [ -47.831273571999986, -16.049958676999893 ], [ -47.831358420999891, -16.049958739999965 ], [ -47.831368501999918, -16.049958747999881 ], [ -47.84381648699997, -16.049942867999903 ], [ -47.843846494999923, -16.049942829999907 ], [ -47.887981903999957, -16.049886524999977 ], [ -47.89420478999989, -16.04987858699991 ], [ -47.910855873999878, -16.049868432999972 ], [ -47.910986910999952, -16.049868352999965 ], [ -47.91984023099991, -16.049862953999877 ], [ -47.923572780999962, -16.049860677999959 ], [ -47.938646036999842, -16.049851486999898 ], [ -47.948477293999986, -16.049845491999918 ], [ -47.953970462999905, -16.049842141999932 ], [ -47.957718389999968, -16.049839856999938 ], [ -47.961781039999835, -16.049837379999872 ], [ -47.962423349999938, -16.049836987999925 ], [ -47.966516887999887, -16.049834491999832 ], [ -47.972334073999832, -16.049830943999893 ], [ -47.977554364999946, -16.04982776099996 ], [ -47.978063818999885, -16.049827207999954 ], [ -47.978112984999939, -16.049827153999843 ], [ -47.981520577999902, -16.049823453999977 ], [ -47.982872468999858, -16.049821985999927 ], [ -47.982878857999935, -16.049901946999967 ], [ -47.98532722099992, -16.049904045999881 ], [ -47.985610855999937, -16.049898164999945 ], [ -47.989188615999922, -16.049823978999939 ], [ -47.989692954999839, -16.049813520999976 ], [ -47.993541580999931, -16.049797974999933 ], [ -47.996353129999875, -16.049786617999928 ], [ -47.997575841999947, -16.049781678999977 ], [ -47.998134123999876, -16.049892834999923 ], [ -48.000725778999936, -16.049902612999972 ], [ -48.001475347999929, -16.049905440999908 ], [ -48.00155276199996, -16.049905732999946 ], [ -48.007374540999876, -16.049927696999816 ], [ -48.008061242999872, -16.049930287999928 ], [ -48.010706770999832, -16.049940268999876 ], [ -48.012324881999973, -16.049946373999944 ], [ -48.013851162999913, -16.049952131999873 ], [ -48.01472046899994, -16.049955411999974 ], [ -48.015729974999942, -16.049959219999948 ], [ -48.015955897999902, -16.049712736999879 ], [ -48.017820563999919, -16.049713373999907 ], [ -48.018055619999984, -16.049713453999914 ], [ -48.018934723999905, -16.049713754999971 ], [ -48.022291086999985, -16.049714901999948 ], [ -48.023055030999956, -16.049715162999973 ], [ -48.027316801999973, -16.049716618999923 ], [ -48.028079550999905, -16.049716879999949 ], [ -48.029487016999951, -16.049717360999978 ], [ -48.029856084999892, -16.049717486999896 ], [ -48.030202445999976, -16.049717604999842 ], [ -48.030368561999865, -16.049717541999939 ], [ -48.03056766799989, -16.049717466999937 ], [ -48.030997121999917, -16.049717303999898 ], [ -48.03111260999998, -16.049717259999966 ], [ -48.033765901999857, -16.049716253999975 ], [ -48.035633700999938, -16.049694969999905 ], [ -48.03673308599997, -16.049682441999948 ], [ -48.0377907969999, -16.049670388999914 ], [ -48.038276106999888, -16.049664857999915 ], [ -48.038477805999889, -16.049662559999888 ], [ -48.038580606999972, -16.049719636999896 ], [ -48.038765630999819, -16.049719319999895 ], [ -48.04123791599983, -16.049715083999899 ], [ -48.042311638999934, -16.049713243999918 ], [ -48.042553684999973, -16.049712828999873 ], [ -48.042804406999949, -16.049712399999919 ], [ -48.045255783999892, -16.049708199999941 ], [ -48.045448437999937, -16.049707869999907 ], [ -48.048320142999955, -16.049702948999936 ], [ -48.05123344499998, -16.049697957999967 ], [ -48.052200866999897, -16.049696299999937 ], [ -48.054481640999938, -16.049692391999884 ], [ -48.057582427999932, -16.049687078999966 ], [ -48.05790563599993, -16.049686945999952 ], [ -48.062058484999909, -16.049685236999892 ], [ -48.065694807999932, -16.049683739999978 ], [ -48.0658476669999, -16.049683676999962 ], [ -48.069879119999939, -16.049682017999828 ], [ -48.07124353599994, -16.049681456999963 ], [ -48.072071278999942, -16.049681115999931 ], [ -48.084810880999953, -16.049675872999956 ], [ -48.08506523099993, -16.049675767999929 ], [ -48.087070102999917, -16.049674942999957 ], [ -48.087850815999957, -16.049674621999941 ], [ -48.087891461999959, -16.049674604999836 ], [ -48.101106672999947, -16.049669165999831 ], [ -48.101440552999918, -16.049669027999983 ], [ -48.109710225999834, -16.049665624999875 ], [ -48.10992998099988, -16.049665534999974 ], [ -48.125075218999882, -16.049659301999895 ], [ -48.140346280999893, -16.049653016999912 ], [ -48.140367426999944, -16.049652793999883 ], [ -48.140388572999939, -16.049652570999967 ], [ -48.140432083999883, -16.049652112999922 ], [ -48.143588321999914, -16.049618873999918 ], [ -48.143816366999943, -16.049616471999911 ], [ -48.147085739999909, -16.049582040999894 ], [ -48.160327886999937, -16.049583641999959 ], [ -48.193017062999957, -16.049587593999831 ], [ -48.258702156999902, -16.04959553599997 ], [ -48.277811195999959, -16.049597846999973 ], [ -48.277580452999985, -16.049466614999858 ], [ -48.277493420999974, -16.049343700999884 ], [ -48.277433383999949, -16.049176318999969 ], [ -48.27739913299996, -16.049007943999982 ], [ -48.277409346999946, -16.048820861999957 ], [ -48.2774820059999, -16.048522155999933 ], [ -48.27781024799998, -16.047888918999945 ], [ -48.277857801999971, -16.047743928999978 ], [ -48.27786322399993, -16.047610697999971 ], [ -48.277814434999982, -16.047483486999909 ], [ -48.277723224999875, -16.047304328999928 ], [ -48.277698619999967, -16.047194916999899 ], [ -48.277716041999895, -16.04705005399984 ], [ -48.278646827999978, -16.044990106999933 ], [ -48.278692753999962, -16.044801740999958 ], [ -48.278687434999881, -16.044707736999896 ], [ -48.278652786999942, -16.044618556999978 ], [ -48.278579109999896, -16.044553047999898 ], [ -48.278461598999968, -16.04453003499998 ], [ -48.277996897999969, -16.044536686999891 ], [ -48.277825620999977, -16.044523301999959 ], [ -48.27770802699996, -16.044481482999856 ], [ -48.277590367999892, -16.044425560999912 ], [ -48.277487149999956, -16.044317863999879 ], [ -48.277442569999835, -16.044195815999842 ], [ -48.277441886999952, -16.044045376999918 ], [ -48.27751439199983, -16.043853295999838 ], [ -48.277966530999947, -16.043235527999968 ], [ -48.278019888999893, -16.04313596999998 ], [ -48.278073099999972, -16.043004109999913 ], [ -48.278223014999924, -16.042622674999961 ], [ -48.278305534999902, -16.042481288999909 ], [ -48.278519471999857, -16.042193948999852 ], [ -48.278592078999907, -16.042024395999931 ], [ -48.278615661999822, -16.041831542999887 ], [ -48.27861484999994, -16.04165289599996 ], [ -48.27857501099993, -16.041497919999927 ], [ -48.278511033999962, -16.041413563999924 ], [ -48.278417855999976, -16.041362240999945 ], [ -48.278261191999889, -16.041334690999975 ], [ -48.278080261999946, -16.041349553999964 ], [ -48.277752687999907, -16.041388538999911 ], [ -48.277530948999868, -16.041404381999882 ], [ -48.277333390999956, -16.041390883999952 ], [ -48.277184096999918, -16.041337791999979 ], [ -48.277027107999913, -16.041231012999958 ], [ -48.276937206999946, -16.041127534999816 ], [ -48.276880679999977, -16.040988104999826 ], [ -48.276872220999962, -16.040766105999921 ], [ -48.276919410999881, -16.040490154999929 ], [ -48.277128731999881, -16.039811647999898 ], [ -48.277172620999977, -16.039629274999925 ], [ -48.27718672899988, -16.039453735999871 ], [ -48.277171042999839, -16.039280806999955 ], [ -48.277091815999938, -16.039066264999974 ], [ -48.27695661599995, -16.038834050999924 ], [ -48.276787880999848, -16.038601978999907 ], [ -48.276180864999958, -16.037859630999947 ], [ -48.276023222999981, -16.037607686999877 ], [ -48.27595919699985, -16.037457544999825 ], [ -48.275894407999886, -16.037139089999926 ], [ -48.275871483999936, -16.037013843999887 ], [ -48.27583002599988, -16.036910162999902 ], [ -48.275770018999935, -16.036824464999938 ], [ -48.275444142999959, -16.036449802999925 ], [ -48.275374640999985, -16.036378701999979 ], [ -48.27528877799989, -16.036343248999913 ], [ -48.27456174699995, -16.036249595999891 ], [ -48.274411203999932, -16.036216413999966 ], [ -48.274108868999974, -16.03610307799994 ], [ -48.273634518999984, -16.035854374999872 ], [ -48.273469938999938, -16.035715394999897 ], [ -48.273372510999877, -16.035594040999911 ], [ -48.273312099999941, -16.035418814999957 ], [ -48.273322582999981, -16.03526477999992 ], [ -48.273389150999833, -16.035153484999967 ], [ -48.27349690099993, -16.035084992999884 ], [ -48.273962031999986, -16.034943383999973 ], [ -48.274096881999924, -16.034873673999982 ], [ -48.274195679999934, -16.034770226999967 ], [ -48.274230896999939, -16.03465559599988 ], [ -48.274210214999982, -16.034472508999954 ], [ -48.27414573599998, -16.034262891999902 ], [ -48.274001293999959, -16.033931493999944 ], [ -48.273805219999986, -16.033596495999916 ], [ -48.273665630999972, -16.033459698999877 ], [ -48.27355022799992, -16.033402939999974 ], [ -48.273379185999886, -16.033334964999938 ], [ -48.273287554999968, -16.033266657999889 ], [ -48.273211649999951, -16.033163939999952 ], [ -48.273119396999959, -16.032958316999952 ], [ -48.272962445999951, -16.032493408999869 ], [ -48.272910295999907, -16.032375327999944 ], [ -48.272822480999935, -16.032272659999819 ], [ -48.272671155999944, -16.032174073999897 ], [ -48.272050562999937, -16.031909534999954 ], [ -48.271915149999984, -16.031817312999976 ], [ -48.271851227999946, -16.031729808999842 ], [ -48.271842873999958, -16.031638257999816 ], [ -48.271886134999818, -16.031546491999961 ], [ -48.271984981999822, -16.031454493999888 ], [ -48.27281264699991, -16.030974164999918 ], [ -48.272922205999919, -16.030869032999931 ], [ -48.272985715999937, -16.030758680999952 ], [ -48.272995412999933, -16.030667980999908 ], [ -48.272984852999969, -16.030567650999956 ], [ -48.272937031999902, -16.030422146999911 ], [ -48.272722883999961, -16.02999887999988 ], [ -48.272698957999921, -16.029922763999878 ], [ -48.272698592999973, -16.029841818999955 ], [ -48.272679745999937, -16.029398311999955 ], [ -48.272659138999984, -16.029310975999977 ], [ -48.272601533999932, -16.029236744999878 ], [ -48.272435698999971, -16.029068031999941 ], [ -48.272378079999839, -16.028990563999969 ], [ -48.272313502999907, -16.028864556999906 ], [ -48.272292720999985, -16.02873836699996 ], [ -48.272261225999955, -16.027731523999933 ], [ -48.272224144999882, -16.02758377299989 ], [ -48.27213944399989, -16.027477276999946 ], [ -48.272031395999932, -16.027422682999884 ], [ -48.27185263399997, -16.027374859999952 ], [ -48.271485120999955, -16.027305158999923 ], [ -48.271400595999978, -16.027237514999854 ], [ -48.271366586999818, -16.027166423999915 ], [ -48.271372871999972, -16.027066023999964 ], [ -48.271429746999956, -16.026978364999877 ], [ -48.27180065999994, -16.026620595999873 ], [ -48.27184796399996, -16.026518943999974 ], [ -48.271887707999952, -16.026363282999966 ], [ -48.271935757999927, -16.02605640999991 ], [ -48.271962272999986, -16.025956954999856 ], [ -48.272029291999957, -16.025870288999954 ], [ -48.272154652999916, -16.025766102999967 ], [ -48.27219466899993, -16.025670910999906 ], [ -48.272162704999971, -16.025558740999941 ], [ -48.271995631999971, -16.025382344999912 ], [ -48.271855990999882, -16.025309497999842 ], [ -48.27169411299991, -16.025288574999877 ], [ -48.271401980999883, -16.025283160999948 ], [ -48.271289496999941, -16.02525339399989 ], [ -48.271239674999947, -16.025167214999954 ], [ -48.271243740999864, -16.025072171999909 ], [ -48.271323929999937, -16.024916341999926 ], [ -48.271458161999931, -16.024786202999962 ], [ -48.271556849999911, -16.02474638699988 ], [ -48.27220824699998, -16.024696159999962 ], [ -48.272302558999968, -16.024682808999955 ], [ -48.272423659999959, -16.024630471999956 ], [ -48.272499645999972, -16.024539448999974 ], [ -48.272552753999889, -16.024357815999963 ], [ -48.272556350999935, -16.02415911099996 ], [ -48.272506118999956, -16.023982227999966 ], [ -48.272442678999937, -16.023865870999941 ], [ -48.27232988399993, -16.023766996999939 ], [ -48.272176761999958, -16.023694205999959 ], [ -48.271983389999946, -16.023664776999908 ], [ -48.271277562999899, -16.023602925999967 ], [ -48.271145120999961, -16.023567798999977 ], [ -48.271046843999898, -16.023481360999938 ], [ -48.270967145999975, -16.023340565999888 ], [ -48.270852766999951, -16.023022601999969 ], [ -48.270803387999933, -16.022943195999972 ], [ -48.270708973999945, -16.022878453999965 ], [ -48.270224069999983, -16.022590758999968 ], [ -48.270046583999942, -16.022472080999819 ], [ -48.269925489999935, -16.022335075999933 ], [ -48.269883505999928, -16.022208597999963 ], [ -48.269898011999885, -16.022085503999961 ], [ -48.269957531999921, -16.021926035999911 ], [ -48.270252966999976, -16.021483332999878 ], [ -48.270280034999985, -16.021386279999945 ], [ -48.270279512999934, -16.021270485999878 ], [ -48.270254447999889, -16.020720557999937 ], [ -48.270257495999886, -16.020561324999903 ], [ -48.270279514999913, -16.020434581999893 ], [ -48.270324300999903, -16.020347547999961 ], [ -48.270560197999885, -16.020061459999852 ], [ -48.270627376999926, -16.019930909999971 ], [ -48.270660008999982, -16.019778710999901 ], [ -48.270650211999964, -16.019641142999888 ], [ -48.270618440999897, -16.019533991999879 ], [ -48.270512891999942, -16.019369215999859 ], [ -48.27025834899996, -16.019097836999947 ], [ -48.270134002999953, -16.018978619999871 ], [ -48.270046736999859, -16.018850480999902 ], [ -48.269999564999864, -16.018722799999921 ], [ -48.269974798999954, -16.018618058999948 ], [ -48.269961828999953, -16.018505821999895 ], [ -48.269965994999836, -16.018403107999859 ], [ -48.26999688799998, -16.01827468099998 ], [ -48.270038580999881, -16.018120373999977 ], [ -48.270116212999937, -16.017838856999958 ], [ -48.270172310999953, -16.01752847399996 ], [ -48.270182814999941, -16.017353087999936 ], [ -48.270166599999982, -16.017096232999904 ], [ -48.270130990999974, -16.016712805999873 ], [ -48.270141832999911, -16.016612508999856 ], [ -48.270193952999932, -16.016482021999877 ], [ -48.27059081099992, -16.015991854999925 ], [ -48.270695644999876, -16.015863125999942 ], [ -48.270830700999966, -16.015757623999889 ], [ -48.271003485999984, -16.015670056999966 ], [ -48.271638482999947, -16.015392395999982 ], [ -48.271711805999871, -16.01533605599991 ], [ -48.271730827999932, -16.015289763999931 ], [ -48.271721003999915, -16.015243591999933 ], [ -48.271663032999982, -16.015182216999904 ], [ -48.271238616999881, -16.014888224999936 ], [ -48.271177397999963, -16.014817082999969 ], [ -48.27114820099996, -16.014727860999869 ], [ -48.271147950999932, -16.014672406999978 ], [ -48.271163754999975, -16.01462304699993 ], [ -48.271221155999967, -16.014558110999872 ], [ -48.271339221999938, -16.014452870999946 ], [ -48.272230642999887, -16.013773102999949 ], [ -48.272318690999896, -16.013654818999896 ], [ -48.272354897999946, -16.013510222999855 ], [ -48.272326474999943, -16.013341863999869 ], [ -48.272275365999974, -16.013127839999925 ], [ -48.272223681999947, -16.012749669999891 ], [ -48.272198998999954, -16.012579355999947 ], [ -48.27220421699991, -16.012404576999927 ], [ -48.27222371299996, -16.012239886999907 ], [ -48.272223735999944, -16.012099115999888 ], [ -48.272170372999881, -16.011837316999902 ], [ -48.272118647999946, -16.011702502999924 ], [ -48.272093509999934, -16.011595468999872 ], [ -48.272101640999949, -16.011471807999953 ], [ -48.272163391999925, -16.011264118999975 ], [ -48.272161496999956, -16.011114849999899 ], [ -48.272119465999936, -16.010992241999872 ], [ -48.271788982999965, -16.010405289999881 ], [ -48.271582150999961, -16.010071656999912 ], [ -48.271390842999949, -16.00969692599989 ], [ -48.271380740999916, -16.009612438999909 ], [ -48.271403741999961, -16.009526807999976 ], [ -48.271476675999963, -16.009470358999977 ], [ -48.271598481999888, -16.00942162399997 ], [ -48.272315319999962, -16.009175250999931 ], [ -48.272382406999952, -16.00912617899985 ], [ -48.272423752999885, -16.009055147999902 ], [ -48.272426540999959, -16.008962710999981 ], [ -48.272368404999838, -16.008864366999944 ], [ -48.272213838999903, -16.008704807999891 ], [ -48.272024069999929, -16.008557131999908 ], [ -48.271889123999983, -16.008483753999883 ], [ -48.271240132999935, -16.008138323999901 ], [ -48.271178086999953, -16.008069737999904 ], [ -48.271126375999927, -16.007974446999924 ], [ -48.270591047999972, -16.00653484399993 ], [ -48.270441910999978, -16.006129222999959 ], [ -48.270380529999954, -16.006021649999923 ], [ -48.270309704999931, -16.005952027999854 ], [ -48.270013996999978, -16.005765326999949 ], [ -48.269898061999982, -16.0056425759999 ], [ -48.269817214999875, -16.005482708999921 ], [ -48.269771484999978, -16.005291886999942 ], [ -48.269751551999946, -16.005135515999882 ], [ -48.269750816999874, -16.004972235999958 ], [ -48.269801140999959, -16.004759448999948 ], [ -48.269973773999936, -16.004219968999962 ], [ -48.270002182999974, -16.004122847999952 ], [ -48.270009176999963, -16.004051537999885 ], [ -48.269992981999849, -16.00398891999987 ], [ -48.269806229999915, -16.003788672999974 ], [ -48.269537591999892, -16.003509963999932 ], [ -48.269413328999917, -16.00333158199993 ], [ -48.269331647999934, -16.003166193999903 ], [ -48.269255531999931, -16.003027533999898 ], [ -48.269142702999943, -16.002852454999982 ], [ -48.269024354999885, -16.002703653999845 ], [ -48.268903798999986, -16.002486692999923 ], [ -48.268790114999888, -16.002325847999941 ], [ -48.268725724999967, -16.002261417999932 ], [ -48.268664690999969, -16.002230862999966 ], [ -48.267907372999957, -16.002024505999941 ], [ -48.267833397999937, -16.001986634999923 ], [ -48.267785060999927, -16.001928298999815 ], [ -48.267759005999949, -16.001835982999978 ], [ -48.267758425999943, -16.001706589999856 ], [ -48.267814274999978, -16.001296607999961 ], [ -48.267810737999923, -16.00122268299998 ], [ -48.267788081999925, -16.001173482999889 ], [ -48.267720570999927, -16.001127550999911 ], [ -48.267425202999846, -16.001014783999892 ], [ -48.267319397999984, -16.001005979999888 ], [ -48.26722656499993, -16.001031011999828 ], [ -48.266772784999944, -16.001328652999916 ], [ -48.266610463999939, -16.001389255999982 ], [ -48.266479130999983, -16.001405204999969 ], [ -48.266366804999848, -16.001371780999932 ], [ -48.266279857999848, -16.001279715999885 ], [ -48.266224779999902, -16.001147467999942 ], [ -48.266208022999933, -16.000984253999945 ], [ -48.266162977999954, -15.998800087999882 ], [ -48.266143236999824, -15.998685761999923 ], [ -48.266100910999967, -15.998538057999951 ], [ -48.266032903999928, -15.998381216999974 ], [ -48.26594898299993, -15.998249088999955 ], [ -48.265804277999905, -15.99814185799994 ], [ -48.265675846999955, -15.998090014999946 ], [ -48.265496135999911, -15.998038383999926 ], [ -48.26542332799994, -15.998013923999963 ], [ -48.265378238999915, -15.997964817999957 ], [ -48.265361772999825, -15.997866298999895 ], [ -48.265456474999951, -15.996827666999934 ], [ -48.265452744999891, -15.996710334999932 ], [ -48.265407435999975, -15.996611935999852 ], [ -48.265310985999974, -15.996544556999936 ], [ -48.264745838999943, -15.996303507999926 ], [ -48.264658425999983, -15.996285384999908 ], [ -48.264555925999957, -15.996298131999822 ], [ -48.264251821999892, -15.996379489999981 ], [ -48.264162126999963, -15.996389102999956 ], [ -48.264078717999951, -15.99637096299989 ], [ -48.263979132999907, -15.996319 ], [ -48.263644823999869, -15.99609608999998 ], [ -48.263384169999881, -15.995859941999981 ], [ -48.263065345999962, -15.995516204999944 ], [ -48.262665784999967, -15.995029508999949 ], [ -48.262585071999922, -15.994897365999918 ], [ -48.262565416999905, -15.994801940999935 ], [ -48.262564797999858, -15.994663305999893 ], [ -48.26260885399995, -15.994481112999949 ], [ -48.262681891999932, -15.994329850999861 ], [ -48.263184842999976, -15.993563729999948 ], [ -48.263309152999966, -15.993411441999967 ], [ -48.263819417999912, -15.992848623999976 ], [ -48.26390529899993, -15.992703080999888 ], [ -48.263927250999984, -15.99259516199993 ], [ -48.263920413999926, -15.992499683999938 ], [ -48.263868696999907, -15.992401310999981 ], [ -48.263772097999833, -15.992300042999943 ], [ -48.263534281999966, -15.992153144999975 ], [ -48.263357673999906, -15.992076941999869 ], [ -48.263014182999825, -15.991948964999949 ], [ -48.26294025299984, -15.991899975999956 ], [ -48.262885468999912, -15.991832423999881 ], [ -48.262233991999949, -15.990893522999841 ], [ -48.262150504999966, -15.990761966999969 ], [ -48.262076948999891, -15.990622051999935 ], [ -48.26161789799994, -15.989702504999968 ], [ -48.261586027999954, -15.989564943999937 ], [ -48.261585655999909, -15.989481481999974 ], [ -48.26162011699995, -15.989421245999949 ], [ -48.261685965999959, -15.989390927999864 ], [ -48.26179708199993, -15.989387130999887 ], [ -48.261901415999944, -15.989420086999871 ], [ -48.262339990999976, -15.989641960999847 ], [ -48.26242685699998, -15.989651617999925 ], [ -48.262496179999971, -15.989621284999828 ], [ -48.262586011999929, -15.989517419999913 ], [ -48.262851137999917, -15.989004836999982 ], [ -48.262868025999978, -15.988897932999919 ], [ -48.262846726999896, -15.988794525999879 ], [ -48.262404570999934, -15.987770473999888 ], [ -48.262327211999832, -15.987556207999944 ], [ -48.262284971999975, -15.987429516999953 ], [ -48.262263479999888, -15.987282709999931 ], [ -48.26212497299997, -15.986595541999918 ], [ -48.261991321999915, -15.986098541999922 ], [ -48.261910092999869, -15.985795069999881 ], [ -48.261769782999977, -15.985481825999898 ], [ -48.261591585999895, -15.985238846999948 ], [ -48.26141035899991, -15.985095309999963 ], [ -48.26112850099986, -15.984969606999982 ], [ -48.260721681999939, -15.984857770999952 ], [ -48.259505343999933, -15.98466913999988 ], [ -48.25935686899993, -15.984620437999922 ], [ -48.259263778999923, -15.984546507999937 ], [ -48.259223225999961, -15.984466416999965 ], [ -48.259201119999886, -15.984362469999894 ], [ -48.259199665999972, -15.984035500999937 ], [ -48.259189979999974, -15.98394339399988 ], [ -48.259155742999951, -15.983893001999888 ], [ -48.259065758999895, -15.983822030999875 ], [ -48.258272483999974, -15.983436832999871 ], [ -48.25815465799991, -15.983363003999898 ], [ -48.258098684999879, -15.983291893999876 ], [ -48.258082841999908, -15.983205755999961 ], [ -48.258116510999969, -15.983128332999854 ], [ -48.258218084999896, -15.983023877999926 ], [ -48.259010119999971, -15.982435041999963 ], [ -48.25908713299998, -15.982370268999944 ], [ -48.259114695999926, -15.982310705999964 ], [ -48.259111286999939, -15.982239379999953 ], [ -48.259052050999912, -15.982129640999915 ], [ -48.258477025999923, -15.981454271999894 ], [ -48.258437478999952, -15.981371799999977 ], [ -48.258424714999876, -15.9812826779999 ], [ -48.25843654099998, -15.981160756999941 ], [ -48.258655818999898, -15.980407812999886 ], [ -48.258695644999932, -15.980324418999942 ], [ -48.258757192999951, -15.98025877099991 ], [ -48.258856015999925, -15.980231612999887 ], [ -48.259022979999884, -15.980230925999933 ], [ -48.259638528999858, -15.98028487299996 ], [ -48.259748158999969, -15.980285052999875 ], [ -48.259868638999876, -15.980260777999888 ], [ -48.259945751999965, -15.980218844999911 ], [ -48.260053572999823, -15.980129226999964 ], [ -48.260531426999933, -15.979435781999939 ], [ -48.260649893999869, -15.979243978999875 ], [ -48.260670981999908, -15.979119046999926 ], [ -48.260651979999864, -15.97901805999993 ], [ -48.260592783999925, -15.978917238999941 ], [ -48.260409473999971, -15.978718834999938 ], [ -48.260273072999951, -15.978639137999949 ], [ -48.260124449999978, -15.978592188999869 ], [ -48.259991430999833, -15.978577873999939 ], [ -48.259642005999979, -15.978570391999938 ], [ -48.259518054999944, -15.97854686199986 ], [ -48.259397152999952, -15.978476018999856 ], [ -48.259363605999908, -15.978437652999958 ], [ -48.259258477999936, -15.978317421999975 ], [ -48.259243669999933, -15.978295339999931 ], [ -48.259125641999958, -15.978115797999976 ], [ -48.259066353999856, -15.977994167999952 ], [ -48.258838319999882, -15.977471944999934 ], [ -48.258779164999964, -15.977380039999957 ], [ -48.258707760999926, -15.977314937999893 ], [ -48.258388371999956, -15.977108174999898 ], [ -48.258310705999861, -15.977025262999973 ], [ -48.25824219499998, -15.976915561999874 ], [ -48.257952469999964, -15.976426284999889 ], [ -48.257930470999838, -15.976346115999945 ], [ -48.25793949499996, -15.976289600999962 ], [ -48.25797949199989, -15.976244848999897 ], [ -48.258053617999906, -15.976226709999821 ], [ -48.258189713999968, -15.976238041999977 ], [ -48.25835074299988, -15.976293859999942 ], [ -48.258852551999837, -15.976499875999934 ], [ -48.258976282999924, -15.976512559999946 ], [ -48.259041171999968, -15.976503375999982 ], [ -48.259096667999984, -15.976467477999847 ], [ -48.259121071999914, -15.976393064999911 ], [ -48.259165057999951, -15.975159294999969 ], [ -48.259176995999951, -15.975062772999877 ], [ -48.259213727999963, -15.974979391999909 ], [ -48.259287443999938, -15.974869106999847 ], [ -48.25969033399997, -15.974385904999906 ], [ -48.259723999999892, -15.97430848099998 ], [ -48.259735917999933, -15.974207366999963 ], [ -48.259707337999942, -15.974038051999912 ], [ -48.259613668999918, -15.973833175999914 ], [ -48.259324423999885, -15.973450911999919 ], [ -48.259231391999833, -15.97338887199993 ], [ -48.259163251999951, -15.973362399999871 ], [ -48.259055024999896, -15.973359871999946 ], [ -48.25896026099997, -15.973389777999841 ], [ -48.258950048999907, -15.97339300099992 ], [ -48.258737293999957, -15.9735246649999 ], [ -48.258669391999945, -15.973551695999902 ], [ -48.258598306999943, -15.973557932999881 ], [ -48.258511576999979, -15.97352261899988 ], [ -48.258098722999819, -15.973155720999898 ], [ -48.258030250999923, -15.97305397599996 ], [ -48.257974056999956, -15.972932333999893 ], [ -48.257961187999967, -15.972819430999891 ], [ -48.257988582999928, -15.972722498999872 ], [ -48.258056102999944, -15.972609265999893 ], [ -48.259743644999958, -15.969689436999829 ], [ -48.259818272999894, -15.969589388999964 ], [ -48.259907497999905, -15.969490928999903 ], [ -48.260006063999981, -15.96940729399995 ], [ -48.260295855999971, -15.969218833999946 ], [ -48.260366714999975, -15.969162064999978 ], [ -48.260455925999963, -15.969060632999913 ], [ -48.260523494999973, -15.968959289999873 ], [ -48.260563342999887, -15.968881839999881 ], [ -48.260584561999963, -15.968786632999979 ], [ -48.260574836999979, -15.968685607999817 ], [ -48.26053739199989, -15.968608475999929 ], [ -48.260428743999967, -15.968510985999842 ], [ -48.260273362999953, -15.968333274999964 ], [ -48.26022340499992, -15.968223497999929 ], [ -48.260201299999949, -15.968119550999972 ], [ -48.260213203999967, -15.968015464999951 ], [ -48.26035073099996, -15.967655225999977 ], [ -48.260368831999983, -15.967554086999883 ], [ -48.26035600199998, -15.967450101999816 ], [ -48.260269930999982, -15.966867843999978 ], [ -48.260232507999888, -15.966795376999983 ], [ -48.260154843999942, -15.966712466999979 ], [ -48.259909909999919, -15.966558903999953 ], [ -48.259160608999935, -15.966222277999918 ], [ -48.259002521999889, -15.966130779999901 ], [ -48.258869063999953, -15.966015399999947 ], [ -48.258525554999949, -15.965684141999873 ], [ -48.257742827999948, -15.964929327999982 ], [ -48.257674414999883, -15.964840433999882 ], [ -48.257612132999952, -15.96473962399989 ], [ -48.257565149999891, -15.96460308099995 ], [ -48.25753345499993, -15.964427832999945 ], [ -48.257527289999985, -15.964215647999879 ], [ -48.257518689999984, -15.963919650999912 ], [ -48.257515209999951, -15.963799854999934 ], [ -48.257507216999898, -15.963740437999832 ], [ -48.257499223999957, -15.963681019999967 ], [ -48.257449333999887, -15.963586103999944 ], [ -48.257381039999927, -15.963523961999954 ], [ -48.257275737999919, -15.9634827779999 ], [ -48.256641639999941, -15.963417052999887 ], [ -48.256236373999911, -15.963362235999966 ], [ -48.256097087999933, -15.963327135999918 ], [ -48.256025779999959, -15.963282839999977 ], [ -48.255988376999824, -15.963214624999921 ], [ -48.255991085999938, -15.9631284109999 ], [ -48.256018384999891, -15.96300939799994 ], [ -48.256085704999975, -15.962851578999903 ], [ -48.256300578999969, -15.962522690999947 ], [ -48.256355925999856, -15.962454095999874 ], [ -48.256442280999977, -15.962406182999928 ], [ -48.25652875499992, -15.962385020999932 ], [ -48.256825474999971, -15.962365969999951 ], [ -48.256958349999877, -15.962350562999916 ], [ -48.257081897999967, -15.962323303999881 ], [ -48.257282551999879, -15.962254112999972 ], [ -48.257433686999946, -15.962173235999899 ], [ -48.25750296599989, -15.962109041999952 ], [ -48.257572244999949, -15.962044848999938 ], [ -48.257685950999928, -15.961889811999924 ], [ -48.257747348999942, -15.961791466999955 ], [ -48.257771765999962, -15.961720025999909 ], [ -48.257774953999956, -15.96165297899995 ], [ -48.257777421999947, -15.961601101999918 ], [ -48.257752120999896, -15.961473387999945 ], [ -48.257696088999978, -15.96138741399983 ], [ -48.257630992999907, -15.961349038999856 ], [ -48.257516509999959, -15.961328700999957 ], [ -48.257228958999974, -15.961323935999928 ], [ -48.257034303999944, -15.961351486999945 ], [ -48.256858224999917, -15.961384906999967 ], [ -48.256700840999883, -15.961450947999936 ], [ -48.256148779999933, -15.961756405999893 ], [ -48.256009931999984, -15.961819396999942 ], [ -48.255908051999938, -15.961852510999961 ], [ -48.255738194999878, -15.961894820999873 ], [ -48.25565311299988, -15.961936457999968 ], [ -48.255597686999977, -15.961987217999877 ], [ -48.255450208999946, -15.962195895999912 ], [ -48.255391743999837, -15.962258557999974 ], [ -48.255345421999891, -15.962270637999893 ], [ -48.255292837999889, -15.962264907999952 ], [ -48.255206034999901, -15.96221175799991 ], [ -48.255156199999874, -15.962128731999883 ], [ -48.255109127999901, -15.961971381999831 ], [ -48.255099339999958, -15.961855493999906 ], [ -48.255104956999901, -15.961727653999901 ], [ -48.255141333999973, -15.961564016999944 ], [ -48.255241962999946, -15.96124851899998 ], [ -48.255250939999826, -15.961176384999931 ], [ -48.255245610999907, -15.960671080999873 ], [ -48.255266805999895, -15.960569928999973 ], [ -48.255312916999969, -15.960510289999888 ], [ -48.255393088999938, -15.960462401999962 ], [ -48.255913692999968, -15.960288757999876 ], [ -48.256030989999886, -15.960246661999861 ], [ -48.256176019999884, -15.960183645999962 ], [ -48.256286949999833, -15.960099960999969 ], [ -48.256360673999893, -15.959992648999958 ], [ -48.256369566999922, -15.95990640999986 ], [ -48.256334965999883, -15.959772788999885 ], [ -48.256253872999935, -15.959612605999951 ], [ -48.256160768999962, -15.959532729999921 ], [ -48.25606780999982, -15.959485550999943 ], [ -48.255968811999878, -15.95947109399998 ], [ -48.255826637999917, -15.959480593999956 ], [ -48.25529518399992, -15.959551135999959 ], [ -48.255202408999878, -15.959545570999921 ], [ -48.255124986999874, -15.959516162999876 ], [ -48.255000953999911, -15.959433439999884 ], [ -48.25441726899993, -15.958879964999937 ], [ -48.254350012999964, -15.958773445999896 ], [ -48.254327937999903, -15.95867544399988 ], [ -48.254327385999943, -15.958550600999956 ], [ -48.254363972999954, -15.958434523999927 ], [ -48.254451907999965, -15.958295552999971 ], [ -48.254664293999951, -15.958083636999959 ], [ -48.254725691999965, -15.957985293999968 ], [ -48.254759041999876, -15.957836531999931 ], [ -48.254752266999958, -15.957702796999968 ], [ -48.254710185999954, -15.957557442999928 ], [ -48.254605080999852, -15.957277926999893 ], [ -48.254558417999874, -15.957212721999895 ], [ -48.254493323999952, -15.957174345999931 ], [ -48.254338364999967, -15.957088776999967 ], [ -48.254296496999984, -15.957059222999931 ], [ -48.254254628999888, -15.957029668999951 ], [ -48.254121151999868, -15.956908340999973 ], [ -48.254021612999964, -15.956770990999871 ], [ -48.253650943999958, -15.956145305999883 ], [ -48.253557604999969, -15.956011923999938 ], [ -48.253417878999926, -15.955875757999877 ], [ -48.253269087999968, -15.955787188999921 ], [ -48.253130295999938, -15.955745820999937 ], [ -48.252984966999918, -15.955740468999977 ], [ -48.252839755999958, -15.955761868999957 ], [ -48.252299362999963, -15.955906753999955 ], [ -48.252166543999977, -15.955934047999904 ], [ -48.252055233999897, -15.95593152899994 ], [ -48.251631280999902, -15.955841109999938 ], [ -48.251503237999884, -15.955787359999931 ], [ -48.251441157999977, -15.955731135999883 ], [ -48.251394443999857, -15.955654040999889 ], [ -48.25138493999998, -15.955602060999979 ], [ -48.251375435999876, -15.955550080999842 ], [ -48.251384094999878, -15.955410337999979 ], [ -48.251398398999982, -15.955298603999893 ], [ -48.251412702999858, -15.955186869999977 ], [ -48.251443868999957, -15.954943411999977 ], [ -48.251446632999887, -15.954869087999896 ], [ -48.251440082999977, -15.954785883999932 ], [ -48.251364040999931, -15.954367324999964 ], [ -48.251357176999875, -15.954212781999956 ], [ -48.251384397999914, -15.954075935999981 ], [ -48.251457952999942, -15.953929983999899 ], [ -48.251725220999958, -15.953544454999872 ], [ -48.251814192999859, -15.953389521999952 ], [ -48.251893562999953, -15.95316031599998 ], [ -48.251920613999971, -15.952984827999956 ], [ -48.25191364199992, -15.952806062999969 ], [ -48.251847213999838, -15.952464495999891 ], [ -48.251821812999935, -15.952313001999983 ], [ -48.25182127599993, -15.952191130999893 ], [ -48.251860419999957, -15.951953808999974 ], [ -48.251942762999931, -15.951697837999973 ], [ -48.25214167799993, -15.951236288999951 ], [ -48.252156799999966, -15.951160266999977 ], [ -48.252156327999899, -15.951053258999934 ], [ -48.252149803999828, -15.950976 ], [ -48.25215559399993, -15.9508868019999 ], [ -48.252209496999967, -15.950491238999973 ], [ -48.252211971999884, -15.950351520999959 ], [ -48.252199084999972, -15.950233375999915 ], [ -48.252045601999896, -15.949696914999947 ], [ -48.252023248999933, -15.949618784999871 ], [ -48.252010015999986, -15.949528860999976 ], [ -48.252000807999934, -15.949466288999872 ], [ -48.252006610999956, -15.949380062999921 ], [ -48.252012413999921, -15.949293836999914 ], [ -48.252054867999959, -15.949106395999934 ], [ -48.252354709999906, -15.948397716999921 ], [ -48.252408111999955, -15.948342337999975 ], [ -48.252488384999936, -15.948318230999917 ], [ -48.252627539999935, -15.94832658099989 ], [ -48.253191113999833, -15.948535327999934 ], [ -48.253311849999875, -15.948573477999901 ], [ -48.253376770999921, -15.948573212999975 ], [ -48.253438375999963, -15.948522428999922 ], [ -48.25347500099997, -15.948415268999952 ], [ -48.25351433599991, -15.94822189599995 ], [ -48.253531965999969, -15.94801374899987 ], [ -48.253525152999941, -15.947871096999961 ], [ -48.25349990899997, -15.947755271999881 ], [ -48.253433606999977, -15.947442695999939 ], [ -48.253423925999982, -15.947350587999892 ], [ -48.25344206799997, -15.947258365999971 ], [ -48.253558451999936, -15.947011172999964 ], [ -48.253579736999939, -15.946930828999882 ], [ -48.25357306899997, -15.946820872999922 ], [ -48.253504242999895, -15.946636858999966 ], [ -48.253398557999958, -15.946506499999941 ], [ -48.253296212999828, -15.94643260499987 ], [ -48.253212665999911, -15.946415110999851 ], [ -48.25309834899997, -15.946430439999972 ], [ -48.252968824999982, -15.946502308999868 ], [ -48.252423716999942, -15.946974188999832 ], [ -48.252334314999985, -15.947051838999926 ], [ -48.252211247999924, -15.947186102999979 ], [ -48.251876130999904, -15.947606592999932 ], [ -48.251778051999963, -15.947699728999908 ], [ -48.251685583999972, -15.947762527999942 ], [ -48.251472759999956, -15.947873377999883 ], [ -48.251127135999923, -15.948014493999949 ], [ -48.250968089999844, -15.948052296999947 ], [ -48.250809044999983, -15.948090100999877 ], [ -48.250574212999936, -15.948117809999928 ], [ -48.250428770999974, -15.948085703999936 ], [ -48.250320295999984, -15.948023722999892 ], [ -48.250239341999929, -15.947893261999923 ], [ -48.250192328999958, -15.947747799999888 ], [ -48.250185478999924, -15.947596229999874 ], [ -48.250218356999881, -15.947339633999945 ], [ -48.250667952999947, -15.945627959999911 ], [ -48.25068403399996, -15.945491040999968 ], [ -48.25080610699996, -15.944041304999814 ], [ -48.250836201999959, -15.943920104999904 ], [ -48.250893696999981, -15.943838061999941 ], [ -48.250968408999938, -15.943801761999964 ], [ -48.25107040499995, -15.943778439999903 ], [ -48.251216756999895, -15.943781115999968 ], [ -48.251315536999982, -15.943800347999968 ], [ -48.251503102999948, -15.943887937999932 ], [ -48.251697806999914, -15.944050761999961 ], [ -48.25176285799995, -15.944138850999877 ], [ -48.251804114999914, -15.944233580999935 ], [ -48.251949561999936, -15.944802377999906 ], [ -48.251991434999979, -15.944870926999954 ], [ -48.252073343999882, -15.94492295099991 ], [ -48.252158423999902, -15.944938965999938 ], [ -48.252243403999955, -15.944915712999943 ], [ -48.252372321999928, -15.944823560999964 ], [ -48.252443986999936, -15.944766019999918 ], [ -48.252624121999986, -15.944621386999927 ], [ -48.252676792999978, -15.944579095999813 ], [ -48.25278605799997, -15.944491364999919 ], [ -48.252857034999977, -15.944379814999934 ], [ -48.252897338999958, -15.944258572999956 ], [ -48.252920511999889, -15.944111222999936 ], [ -48.252919543999838, -15.943891977999897 ], [ -48.252838784999881, -15.943383091999976 ], [ -48.252790904999927, -15.943081390999964 ], [ -48.25276742099993, -15.942933410999899 ], [ -48.252748012999916, -15.942811116999906 ], [ -48.25268701899995, -15.94242677699998 ], [ -48.252650234999919, -15.942247574999897 ], [ -48.252612416999909, -15.942161011999929 ], [ -48.252574598999956, -15.942074448999961 ], [ -48.25226236899988, -15.941499785999952 ], [ -48.252220967999961, -15.941372290999936 ], [ -48.252220289999968, -15.941218492999951 ], [ -48.252260535999937, -15.941084161999925 ], [ -48.252372060999903, -15.940907 ], [ -48.252635604999966, -15.940474620999851 ], [ -48.25269632699991, -15.940353295999955 ], [ -48.252716240999973, -15.940238681999972 ], [ -48.252695171999903, -15.940091511999924 ], [ -48.252643546999934, -15.939960827999982 ], [ -48.252619018999837, -15.939911852999899 ], [ -48.252558247999957, -15.939790506999884 ], [ -48.252459373999955, -15.939593078999906 ], [ -48.252415658999951, -15.939505790999874 ], [ -48.252315344999943, -15.939305488999935 ], [ -48.252296767999894, -15.939268394999942 ], [ -48.252228171999832, -15.93914759799992 ], [ -48.252077524999891, -15.938942053999938 ], [ -48.251378816999875, -15.937930876999872 ], [ -48.251334085999929, -15.937819798999897 ], [ -48.251326716999927, -15.937692206999941 ], [ -48.251363646999948, -15.937577523999948 ], [ -48.251495199999908, -15.937311925999893 ], [ -48.251548184999876, -15.937210400999959 ], [ -48.252075873999843, -15.936199298999952 ], [ -48.252151776999881, -15.936053861999824 ], [ -48.252210625999965, -15.935941101999902 ], [ -48.252278254999965, -15.935842654999931 ], [ -48.252352905999942, -15.935793264999916 ], [ -48.252437953999959, -15.935786372999871 ], [ -48.25252996699993, -15.935815448999904 ], [ -48.254242726999962, -15.936803254999916 ], [ -48.254401270999949, -15.936864778999961 ], [ -48.254493168999829, -15.936867674999917 ], [ -48.254564517999938, -15.936841204999951 ], [ -48.254628944999979, -15.936788583999942 ], [ -48.254652361999945, -15.936696861999906 ], [ -48.254657229999907, -15.936612931999889 ], [ -48.254664349999871, -15.936490164999952 ], [ -48.254696629999955, -15.935933553999973 ], [ -48.254722719999904, -15.935676847999957 ], [ -48.254779225999982, -15.935372286999893 ], [ -48.254852717999825, -15.935061112999904 ], [ -48.25501057799994, -15.934589246999963 ], [ -48.255148833999897, -15.934252126999979 ], [ -48.255349795999905, -15.933762106999893 ], [ -48.255435672999909, -15.933552707999979 ], [ -48.255573271999936, -15.933217189999937 ], [ -48.255710870999962, -15.932881671999894 ], [ -48.255737689999933, -15.93278993499996 ], [ -48.255757658999983, -15.932688409999969 ], [ -48.255790342999944, -15.932383945999845 ], [ -48.255810482999948, -15.932269331999862 ], [ -48.255847567999979, -15.932190643999945 ], [ -48.255918770999926, -15.932131448999826 ], [ -48.2566290769999, -15.931919105999839 ], [ -48.256768500999954, -15.93189562699996 ], [ -48.256874038999911, -15.931905010999913 ], [ -48.256959274999929, -15.931940657999917 ], [ -48.257350928999927, -15.932287440999914 ], [ -48.257433247999984, -15.932336188999955 ], [ -48.257501395999952, -15.932355542999971 ], [ -48.257586456999888, -15.932351921999953 ], [ -48.257719101999953, -15.932335015999968 ], [ -48.257804060999945, -15.932308488999979 ], [ -48.25795687699997, -15.932235868999953 ], [ -48.25812317499998, -15.932133743999941 ], [ -48.258401236999873, -15.931910866999942 ], [ -48.258540164999943, -15.931776129999889 ], [ -48.258695743999908, -15.931559515999936 ], [ -48.258786926999903, -15.931402067999954 ], [ -48.258823764999931, -15.931267749999961 ], [ -48.258816245999924, -15.931107434999831 ], [ -48.258781619999922, -15.930973409999922 ], [ -48.258537390999948, -15.930385386999944 ], [ -48.258519866999848, -15.930271127999902 ], [ -48.258539718999884, -15.930143423999823 ], [ -48.258593468999891, -15.929986129999975 ], [ -48.258735071999979, -15.929687762999947 ], [ -48.258809457999917, -15.929579468999975 ], [ -48.258914543999879, -15.929487410999968 ], [ -48.259084140999903, -15.929362361999949 ], [ -48.259135096999955, -15.929339106999976 ], [ -48.259250553999891, -15.929286412999943 ], [ -48.259383183999944, -15.929266231999975 ], [ -48.259461481999949, -15.929272454999875 ], [ -48.259539867999933, -15.929298310999968 ], [ -48.259717713999919, -15.929347825999969 ], [ -48.259959528999957, -15.929392643999961 ], [ -48.260204644999874, -15.929414541999904 ], [ -48.260422347999963, -15.929394011999875 ], [ -48.260677309999892, -15.929334059999917 ], [ -48.260887829999945, -15.929228476999981 ], [ -48.261165929999947, -15.929014627999948 ], [ -48.261240315999942, -15.92890633199994 ], [ -48.261263699999915, -15.928808064999828 ], [ -48.261256470999967, -15.928713194999943 ], [ -48.261218673999963, -15.928631541999948 ], [ -48.260938476999854, -15.928374178999888 ], [ -48.260849561999976, -15.92827637399995 ], [ -48.260811677999925, -15.928175085999953 ], [ -48.260821508999925, -15.928089962999934 ], [ -48.260858693999978, -15.928034178999894 ], [ -48.260946997999952, -15.927994545999923 ], [ -48.261338140999953, -15.927947116999974 ], [ -48.261426618999906, -15.927946751999968 ], [ -48.26154245299989, -15.927975724999953 ], [ -48.261644791999856, -15.928030932999832 ], [ -48.262177148999911, -15.928430650999928 ], [ -48.262252247999925, -15.928482698999971 ], [ -48.262320379999949, -15.928498779999813 ], [ -48.262446244999978, -15.928488443999925 ], [ -48.263092397999969, -15.928394150999964 ], [ -48.263197889999901, -15.928393714999913 ], [ -48.264099854999927, -15.928429255999902 ], [ -48.264198687999965, -15.928461570999843 ], [ -48.264246578999916, -15.9285170039999 ], [ -48.26427070699998, -15.928585623999879 ], [ -48.264267903999894, -15.928719802999979 ], [ -48.264229327999828, -15.929162157999883 ], [ -48.264229942999975, -15.929299593999815 ], [ -48.264257882999971, -15.929459823999935 ], [ -48.264388776999965, -15.929812698999967 ], [ -48.264513808999936, -15.930183786999976 ], [ -48.264603647999877, -15.93048774499988 ], [ -48.264735434999977, -15.931040229999951 ], [ -48.264774674999899, -15.931169817999944 ], [ -48.264822887999912, -15.931297240999982 ], [ -48.264915809999934, -15.931431023999949 ], [ -48.26504223399985, -15.931545033999953 ], [ -48.26521543299998, -15.931674821999877 ], [ -48.265334891999885, -15.931752863999918 ], [ -48.267647133999901, -15.932855886999903 ], [ -48.267773519999878, -15.932904396999902 ], [ -48.267858874999945, -15.932966216999944 ], [ -48.268074014999968, -15.933132214999944 ], [ -48.268186549999939, -15.933184104999953 ], [ -48.268319326999915, -15.933196642999917 ], [ -48.268448538999962, -15.933173199999942 ], [ -48.268533350999974, -15.933113945999935 ], [ -48.268573730999947, -15.933012334999944 ], [ -48.268751768999891, -15.932494562999921 ], [ -48.268871241999932, -15.932222460999981 ], [ -48.268945593999945, -15.932107618999964 ], [ -48.269047316999945, -15.93202538699984 ], [ -48.269200069999954, -15.931939670999952 ], [ -48.269787717999918, -15.931698342999937 ], [ -48.269961965999926, -15.931658350999953 ], [ -48.270183087999953, -15.931641068999909 ], [ -48.270465773999888, -15.931692249999969 ], [ -48.270677128999978, -15.931773179999936 ], [ -48.270823797999924, -15.931847832999892 ], [ -48.27104911899994, -15.932007240999951 ], [ -48.271125573999939, -15.932032074999938 ], [ -48.27121406699996, -15.932034978999923 ], [ -48.271367010999938, -15.931991800999981 ], [ -48.27273814299997, -15.931373797999925 ], [ -48.273054210999931, -15.931280852999976 ], [ -48.273999462999882, -15.931103470999858 ], [ -48.274285284999905, -15.931095730999914 ], [ -48.27458149399996, -15.931127215999936 ], [ -48.274796119999962, -15.931178676999934 ], [ -48.27509268499989, -15.931288695999967 ], [ -48.275600920999977, -15.931548358999976 ], [ -48.275699742999961, -15.931577395999966 ], [ -48.27580866999989, -15.931583484999976 ], [ -48.275981065999986, -15.93154022199991 ], [ -48.276228906999961, -15.931411561999937 ], [ -48.276333970999929, -15.931316222999953 ], [ -48.276364241999943, -15.931237559999943 ], [ -48.276373976999878, -15.931132802999969 ], [ -48.276336024999921, -15.931018429999938 ], [ -48.276243654999917, -15.93091082899997 ], [ -48.275708039999927, -15.930566124999871 ], [ -48.275585042999978, -15.93045865199997 ], [ -48.275526747999947, -15.930360724999957 ], [ -48.275478394999936, -15.930203854999945 ], [ -48.275267420999967, -15.929455196999982 ], [ -48.275215665999951, -15.929298339999889 ], [ -48.275136656999905, -15.929135052999982 ], [ -48.275040796999974, -15.929007831999911 ], [ -48.274866429999918, -15.928828077999981 ], [ -48.274811522999926, -15.928726863999941 ], [ -48.274797348999982, -15.928602573999967 ], [ -48.274799271999882, -15.928275329999963 ], [ -48.274788648999959, -15.92818374899997 ], [ -48.274757607999902, -15.928092251999942 ], [ -48.274678614999914, -15.927932236999936 ], [ -48.274644141999943, -15.92783421099989 ], [ -48.274643682999965, -15.927732768999931 ], [ -48.274690583999927, -15.92756895499997 ], [ -48.274781944999972, -15.927454039999873 ], [ -48.274947496999971, -15.927343182999948 ], [ -48.275334528999963, -15.927141949999907 ], [ -48.275677513999881, -15.926983440999948 ], [ -48.276010422999889, -15.926854424999931 ], [ -48.276156555999933, -15.926811271999895 ], [ -48.276319777999902, -15.926784408999879 ], [ -48.276806234999924, -15.926746372999958 ], [ -48.276904846999912, -15.926729597999895 ], [ -48.276945518999923, -15.926693430999933 ], [ -48.276945266999974, -15.926637800999913 ], [ -48.27689737399993, -15.926582371999871 ], [ -48.27667893399996, -15.926439302999938 ], [ -48.276627510999901, -15.926356480999914 ], [ -48.276623781999945, -15.926284503999909 ], [ -48.276650619999941, -15.926199310999891 ], [ -48.276785772999915, -15.925986039999941 ], [ -48.276822774999971, -15.925890985999956 ], [ -48.276822211999843, -15.92576663799997 ], [ -48.276780901999985, -15.92566209599994 ], [ -48.276705755999956, -15.92560023599998 ], [ -48.276600117999919, -15.925567954999963 ], [ -48.276504835999958, -15.925568354999825 ], [ -48.276385911999967, -15.925608121999915 ], [ -48.276067208999905, -15.925867973999914 ], [ -48.275992551999934, -15.925914099999829 ], [ -48.275938149999945, -15.925924144999954 ], [ -48.275870017999921, -15.925908067999956 ], [ -48.275726665999969, -15.925813769999877 ], [ -48.275682131999929, -15.925748508999959 ], [ -48.275681849999899, -15.925686334999966 ], [ -48.27573604499986, -15.925630477999903 ], [ -48.275977354999839, -15.925564019999911 ], [ -48.276045279999948, -15.925534283999923 ], [ -48.276072289999945, -15.925487360999966 ], [ -48.276099083999952, -15.925392350999914 ], [ -48.276095087999977, -15.925261472999921 ], [ -48.276063839999892, -15.925124164999943 ], [ -48.275987982999936, -15.924905233999937 ], [ -48.275922912999931, -15.924813879999931 ], [ -48.275847841999962, -15.924768381999968 ], [ -48.275728607999952, -15.924739429999875 ], [ -48.275467592999917, -15.924697980999838 ], [ -48.27535513499987, -15.924662455999908 ], [ -48.275283421999973, -15.924607125999955 ], [ -48.27525933499993, -15.924548323999886 ], [ -48.275265770999852, -15.924466486999961 ], [ -48.275309682999932, -15.924394310999958 ], [ -48.27544538899997, -15.92430320099993 ], [ -48.275700085999972, -15.924187601999961 ], [ -48.275836112999968, -15.924167397999895 ], [ -48.275955227999873, -15.924170171999947 ], [ -48.276122176999934, -15.924215285999935 ], [ -48.276388105999899, -15.924325431999932 ], [ -48.27650737099998, -15.924360927999942 ], [ -48.276609486999916, -15.924367044999883 ], [ -48.276718246999963, -15.924337137999828 ], [ -48.276813157999982, -15.92425493099995 ], [ -48.276907919999985, -15.924140000999955 ], [ -48.276934786999902, -15.92406135199991 ], [ -48.276917401999981, -15.923979614999894 ], [ -48.276842166999984, -15.923898120999979 ], [ -48.276695515999904, -15.923826743999939 ], [ -48.276549043999978, -15.923794634999979 ], [ -48.275898544999961, -15.923676282999963 ], [ -48.275622526999882, -15.923592356999904 ], [ -48.275431639999965, -15.923521163999965 ], [ -48.275315512999953, -15.923426750999909 ], [ -48.275269058999925, -15.923362628999939 ], [ -48.275255062999918, -15.923277605999886 ], [ -48.275261557999954, -15.923208858999885 ], [ -48.27529709199996, -15.923115952999922 ], [ -48.275398599999903, -15.9229879049999 ], [ -48.275466420999919, -15.922935262999829 ], [ -48.275541253999904, -15.92292840499988 ], [ -48.27562986199996, -15.92295748499987 ], [ -48.275795053999957, -15.923039733999929 ], [ -48.275900720999971, -15.923078559999965 ], [ -48.276023268999893, -15.92308786399991 ], [ -48.276125205999904, -15.923054712999942 ], [ -48.276192921999893, -15.922979165999891 ], [ -48.276233281999964, -15.922874280999849 ], [ -48.276236225999924, -15.922772825999971 ], [ -48.276198349999902, -15.922674813999947 ], [ -48.276126637999937, -15.922619483999881 ], [ -48.276055073999942, -15.922596876999876 ], [ -48.275666688999877, -15.922497059999898 ], [ -48.275588230999972, -15.922454847999973 ], [ -48.27554712999995, -15.922396116999892 ], [ -48.275423158999899, -15.922072670999967 ], [ -48.27536838799989, -15.922000907999973 ], [ -48.275283078999962, -15.921948906999944 ], [ -48.275160456999913, -15.921923239999956 ], [ -48.275055041999906, -15.921940042999893 ], [ -48.274960042999965, -15.92200261499994 ], [ -48.27483142899996, -15.922156954999934 ], [ -48.274726901999941, -15.922370095999952 ], [ -48.274676568999951, -15.922527379999906 ], [ -48.274604204999889, -15.922835285999895 ], [ -48.274573933999875, -15.922913948999906 ], [ -48.27450961999989, -15.922989481999878 ], [ -48.274401009999963, -15.92305211099989 ], [ -48.274282027999902, -15.923078787999884 ], [ -48.274173017999942, -15.923053064999976 ], [ -48.274097813999845, -15.922978114999978 ], [ -48.274070236999876, -15.922899692999977 ], [ -48.27407668799998, -15.922821129999875 ], [ -48.274163919999978, -15.922545886999956 ], [ -48.274156713999901, -15.922457562999909 ], [ -48.274132509999959, -15.922372582999969 ], [ -48.27406394999997, -15.922261608999975 ], [ -48.27396835899998, -15.922193288999893 ], [ -48.27385937899993, -15.922174108999911 ], [ -48.273733516999982, -15.922184451999954 ], [ -48.273410731999945, -15.922293787999934 ], [ -48.273257763999879, -15.922330421999959 ], [ -48.273131856999953, -15.92233094799991 ], [ -48.273012533999918, -15.922282359999883 ], [ -48.272933955999918, -15.922213966999834 ], [ -48.272892662999936, -15.922112694999896 ], [ -48.272875145999933, -15.922001506999948 ], [ -48.272847004999903, -15.921798735999914 ], [ -48.272830159999955, -15.921730073999925 ], [ -48.272778895999977, -15.921681202999878 ], [ -48.27267336299991, -15.921671825999908 ], [ -48.272581589999959, -15.921695115999967 ], [ -48.272520633999932, -15.921760816999893 ], [ -48.272500585999921, -15.921842709999851 ], [ -48.272440560999939, -15.922114565999948 ], [ -48.272403483999881, -15.92219325699989 ], [ -48.27233905099996, -15.922242610999888 ], [ -48.272257470999875, -15.922262585999931 ], [ -48.272172325999975, -15.922246578999932 ], [ -48.272093794999932, -15.922188003999906 ], [ -48.272038965999911, -15.922103150999817 ], [ -48.271962878999943, -15.921831862999909 ], [ -48.271921409999891, -15.921691323999937 ], [ -48.271852851999881, -15.921580349999886 ], [ -48.271647633999976, -15.921348866999949 ], [ -48.271606356999939, -15.921250867999902 ], [ -48.271606002999818, -15.921172332999959 ], [ -48.271653287999982, -15.92109359899996 ], [ -48.271738078999931, -15.921031070999902 ], [ -48.272531689999937, -15.92068781699993 ], [ -48.27272183599996, -15.920595397999932 ], [ -48.27295244499993, -15.920421 ], [ -48.273077846999911, -15.920309216999954 ], [ -48.27313522299994, -15.92020426199997 ], [ -48.273144942999977, -15.920096232999924 ], [ -48.273130917999936, -15.920004664999908 ], [ -48.273100056999965, -15.91995243599996 ], [ -48.273042030999875, -15.919913409999822 ], [ -48.272936410999932, -15.919884398999898 ], [ -48.272827549999818, -15.919891397999947 ], [ -48.272742612999878, -15.919921203999934 ], [ -48.272661284999913, -15.919996806999961 ], [ -48.272569747999967, -15.920072453999921 ], [ -48.272457749999944, -15.920138367999982 ], [ -48.272107787999857, -15.920257631999959 ], [ -48.271985328999961, -15.920267959999933 ], [ -48.271869571999957, -15.92025535199997 ], [ -48.271784308999827, -15.92021316599994 ], [ -48.271722775999876, -15.920151246999978 ], [ -48.271636684999976, -15.919925810999871 ], [ -48.271581393999895, -15.919837994999966 ], [ -48.271493525999915, -15.919770995999954 ], [ -48.271394145999977, -15.91974053399997 ], [ -48.27128911899996, -15.919752198999959 ], [ -48.271190169999954, -15.91981717099992 ], [ -48.271036256999935, -15.919991840999899 ], [ -48.270989757999985, -15.920036944999936 ], [ -48.270948957999963, -15.920051149999949 ], [ -48.27089929999994, -15.920042935999959 ], [ -48.270132245999889, -15.919529654999963 ], [ -48.270047245999876, -15.919451414999969 ], [ -48.27000311099988, -15.919373003999965 ], [ -48.26998506699988, -15.919255187999966 ], [ -48.270016427999906, -15.919089447999966 ], [ -48.270071986999881, -15.919020591999924 ], [ -48.270136099999945, -15.918997868999895 ], [ -48.270223703999932, -15.919005924999965 ], [ -48.27042236099993, -15.919044394999958 ], [ -48.270498287999828, -15.919052499999907 ], [ -48.270582820999891, -15.919026885999926 ], [ -48.270673025999884, -15.918964757999845 ], [ -48.270748535999928, -15.918880234999961 ], [ -48.270786151999914, -15.918807098999935 ], [ -48.27081777899997, -15.918700303999969 ], [ -48.27081732399995, -15.918599256999983 ], [ -48.27079475599993, -15.918124979999902 ], [ -48.270803144999888, -15.918043543999829 ], [ -48.270846635999874, -15.917978803999972 ], [ -48.270962831999896, -15.917854814999941 ], [ -48.271009761999949, -15.917778452999926 ], [ -48.271044268999958, -15.917663224999956 ], [ -48.271043813999938, -15.917562177999969 ], [ -48.271011377999912, -15.917489332999878 ], [ -48.270947038999907, -15.917461531999891 ], [ -48.270868231999884, -15.917461859999946 ], [ -48.270772050999938, -15.917493136999951 ], [ -48.270463456999948, -15.917671256999938 ], [ -48.270300206999934, -15.917716847999884 ], [ -48.27012798599992, -15.917714756999885 ], [ -48.269961475999821, -15.917684573999964 ], [ -48.269800550999889, -15.917598228999907 ], [ -48.269709575999912, -15.917489136999961 ], [ -48.269559504999961, -15.917113878999828 ], [ -48.26952983699988, -15.917007339999884 ], [ -48.269529395999939, -15.916909099999941 ], [ -48.269561135999822, -15.916827566999928 ], [ -48.269627951999951, -15.916757115999872 ], [ -48.269738675999861, -15.916714551999917 ], [ -48.269858357999965, -15.916716860999941 ], [ -48.269937328999958, -15.916753021999966 ], [ -48.270007720999899, -15.916828515999839 ], [ -48.270090216999904, -15.916999394999948 ], [ -48.270134225999982, -15.917049736999957 ], [ -48.270203139999921, -15.917072115999929 ], [ -48.27029171099997, -15.917069444999981 ], [ -48.270339529999944, -15.91705543199987 ], [ -48.270377617999941, -15.917006923999963 ], [ -48.270386955999925, -15.916953931999899 ], [ -48.270367409999835, -15.916866523999943 ], [ -48.270106900999963, -15.91643476899992 ], [ -48.270082639999885, -15.916363496999907 ], [ -48.270084722999968, -15.91629441799995 ], [ -48.270113202999937, -15.916239042999905 ], [ -48.270160960999874, -15.916211215999908 ], [ -48.270259055999929, -15.916196993999904 ], [ -48.270549245999973, -15.916196132999914 ], [ -48.270630613999913, -15.916188886999919 ], [ -48.270709473999887, -15.916156325999907 ], [ -48.270771460999867, -15.916098508999937 ], [ -48.270790363999936, -15.916043173999981 ], [ -48.270787679999955, -15.915978719999941 ], [ -48.270761074999882, -15.915918969999893 ], [ -48.270693771999902, -15.915859388999934 ], [ -48.270491735999883, -15.915653019999922 ], [ -48.270424256999831, -15.91555429999994 ], [ -48.270380707999948, -15.915453178999883 ], [ -48.270363492999934, -15.915351946999976 ], [ -48.270379868999953, -15.915266691999932 ], [ -48.27044389799994, -15.915130586999965 ], [ -48.270460293999975, -15.915049936999935 ], [ -48.270452707999937, -15.914960176999955 ], [ -48.270381123999982, -15.914774449999982 ], [ -48.270323209999901, -15.914673387999869 ], [ -48.270260684999982, -15.914611484999966 ], [ -48.270087587999967, -15.914451041999939 ], [ -48.270029767999972, -15.914370700999939 ], [ -48.270007931999942, -15.914306325999974 ], [ -48.270009983999898, -15.914230340999893 ], [ -48.270111477999876, -15.913907590999941 ], [ -48.270127821999893, -15.913815428999953 ], [ -48.270113074999927, -15.913730303999898 ], [ -48.270061702999953, -15.913642788999937 ], [ -48.269814172999986, -15.913434304999953 ], [ -48.269696543999942, -15.913363421999918 ], [ -48.269480644999931, -15.913267620999818 ], [ -48.269367804999888, -15.913196717999881 ], [ -48.269319633999828, -15.913132452999889 ], [ -48.269312110999977, -15.913056506999851 ], [ -48.269333221999887, -15.912959720999936 ], [ -48.269380771999977, -15.912885848999849 ], [ -48.269473724999955, -15.912793368999928 ], [ -48.269910405999951, -15.912473827999975 ], [ -48.26997742899988, -15.912443219999886 ], [ -48.27035989399991, -15.912312697999937 ], [ -48.270441166999888, -15.912284731999932 ], [ -48.270493638999881, -15.912240768999936 ], [ -48.27052936299998, -15.91219917799998 ], [ -48.270541034999894, -15.912121917999968 ], [ -48.27049496699982, -15.912041504999877 ], [ -48.270347637999976, -15.911966117999953 ], [ -48.270004159999985, -15.911869364999859 ], [ -48.269740017999879, -15.911822575999963 ], [ -48.269672768999897, -15.911774506999905 ], [ -48.269638982999936, -15.911714785999948 ], [ -48.269616918999986, -15.911599760999934 ], [ -48.269626132999974, -15.911519140999928 ], [ -48.269720992999908, -15.911318443999903 ], [ -48.269769593999911, -15.911250990999918 ], [ -48.269826842999976, -15.911204705999921 ], [ -48.270015627999953, -15.911127942999883 ], [ -48.270068192999929, -15.911104700999829 ], [ -48.270101573999966, -15.911074631999895 ], [ -48.270106123999881, -15.911021658999971 ], [ -48.270042522999972, -15.910720317999903 ], [ -48.270034915999929, -15.910625953999897 ], [ -48.27004416099993, -15.910552239999959 ], [ -48.270065395999893, -15.910483081999928 ], [ -48.270124945999953, -15.910416065999868 ], [ -48.270198993999941, -15.910378920999904 ], [ -48.270285136999973, -15.910369352999908 ], [ -48.270386963999954, -15.91040129199996 ], [ -48.270632656999908, -15.910616865999941 ], [ -48.270749381999906, -15.910713499999872 ], [ -48.270930332999967, -15.910801037999931 ], [ -48.271098883999969, -15.910853309999879 ], [ -48.271337727999935, -15.910884688999829 ], [ -48.271570370999882, -15.910898433999876 ], [ -48.271931357999904, -15.910870441999975 ], [ -48.272163709999973, -15.910819441999934 ], [ -48.272313395999902, -15.910759956999982 ], [ -48.272461262999968, -15.910668105999946 ], [ -48.272708171999966, -15.910452232999944 ], [ -48.272814986999947, -15.910387039999932 ], [ -48.273013581999919, -15.910315577999881 ], [ -48.273672068999986, -15.910072074999903 ], [ -48.273760994999975, -15.910039190999953 ], [ -48.273828309999942, -15.910012519999952 ], [ -48.2740061209999, -15.909936189999939 ], [ -48.274161829999969, -15.909844146999887 ], [ -48.274216715999898, -15.909811701999956 ], [ -48.274475848999941, -15.909592833999966 ], [ -48.274664463999898, -15.909344829999952 ], [ -48.274734009999975, -15.909158962999925 ], [ -48.274769853999942, -15.908964572999935 ], [ -48.274783929999955, -15.908693753999898 ], [ -48.274749537999924, -15.908013303999837 ], [ -48.274768735999942, -15.907867191999912 ], [ -48.274837642999955, -15.90771187799993 ], [ -48.274972588999901, -15.907577426999921 ], [ -48.275162614999942, -15.907470931999967 ], [ -48.276014804999932, -15.90715378799996 ], [ -48.276177092999944, -15.907114351999951 ], [ -48.276341936999984, -15.907110137999894 ], [ -48.276517930999887, -15.907141110999873 ], [ -48.276661191999949, -15.907225069999981 ], [ -48.276973982999948, -15.907530287999919 ], [ -48.277040038999928, -15.907554674999972 ], [ -48.277094848999923, -15.90752273499993 ], [ -48.277109134999932, -15.907441637999966 ], [ -48.277086434999944, -15.907283183999823 ], [ -48.276900037999951, -15.906808207999973 ], [ -48.276759671999912, -15.906555115999879 ], [ -48.276597500999969, -15.90634087199993 ], [ -48.276262585999973, -15.906004035999956 ], [ -48.276086193999959, -15.905884981999975 ], [ -48.275957730999892, -15.905832669999882 ], [ -48.275788636999948, -15.905783762999931 ], [ -48.275531994999938, -15.905742556999883 ], [ -48.275057241999889, -15.905641107999941 ], [ -48.274888350999959, -15.905560776999948 ], [ -48.274711846999935, -15.905417057999955 ], [ -48.274593912999933, -15.905262524999955 ], [ -48.27450149699996, -15.905079697999952 ], [ -48.274419911999928, -15.904861592999907 ], [ -48.274378816999899, -15.904685597999901 ], [ -48.274335902999894, -15.904107207999857 ], [ -48.274316852999959, -15.903945213999862 ], [ -48.274272110999959, -15.903772757999889 ], [ -48.274157093999975, -15.903452615999981 ], [ -48.274147213999925, -15.90334286999996 ], [ -48.274168700999951, -15.903233556999965 ], [ -48.274234245999935, -15.903145199999926 ], [ -48.274354885999969, -15.903088321999917 ], [ -48.274552473999961, -15.903034645999924 ], [ -48.274860109999963, -15.903012219999937 ], [ -48.276047411999969, -15.90308123899996 ], [ -48.276153669999928, -15.903084316999866 ], [ -48.276219580999964, -15.903076993999946 ], [ -48.27631097699998, -15.903034330999901 ], [ -48.276347372999965, -15.902981328999942 ], [ -48.276339694999876, -15.902903846999948 ], [ -48.276295253999933, -15.902798332999907 ], [ -48.275922562999938, -15.902207973999907 ], [ -48.275844780999876, -15.902021425999919 ], [ -48.275785351999957, -15.901841984999919 ], [ -48.275766220999969, -15.901662374999887 ], [ -48.275780348999945, -15.901546045999964 ], [ -48.275816584999859, -15.901457810999943 ], [ -48.275947512999949, -15.901245861999882 ], [ -48.275998290999951, -15.901132902999962 ], [ -48.276037951999967, -15.900991802999897 ], [ -48.276137558999949, -15.900663694999935 ], [ -48.276199246999965, -15.900533072999963 ], [ -48.276279362999958, -15.900427037999975 ], [ -48.27651659299994, -15.90022873699985 ], [ -48.276593109999965, -15.900136809999879 ], [ -48.276607300999899, -15.900034572999857 ], [ -48.276570235999941, -15.899939598999879 ], [ -48.275984816999937, -15.899293756999953 ], [ -48.275900318999959, -15.899241260999929 ], [ -48.275808653999889, -15.899224027999935 ], [ -48.275687872999868, -15.899249196999961 ], [ -48.275578225999936, -15.899306029999877 ], [ -48.275461474999986, -15.899412219999874 ], [ -48.274932702999934, -15.899949979999974 ], [ -48.274819359999924, -15.899999779999973 ], [ -48.274658248999856, -15.900018070999977 ], [ -48.274515279999946, -15.899997527999972 ], [ -48.274320766999892, -15.899920827999949 ], [ -48.274034881999967, -15.899707303999946 ], [ -48.27385073999983, -15.899493150999888 ], [ -48.273761878999949, -15.899285645999953 ], [ -48.273713315999828, -15.899077972999919 ], [ -48.273708935999821, -15.898919466999871 ], [ -48.273748437999984, -15.89874313599995 ], [ -48.273944653999877, -15.898386459999927 ], [ -48.273995415999877, -15.898269977999973 ], [ -48.274016886999902, -15.898157141999945 ], [ -48.274051736999922, -15.897762383999975 ], [ -48.274066024999968, -15.897681286999898 ], [ -48.274127951999958, -15.897603514999957 ], [ -48.274266936999879, -15.897553606999907 ], [ -48.274523277999947, -15.89753139499993 ], [ -48.275406088999887, -15.897513606999894 ], [ -48.275659582999936, -15.89745927999985 ], [ -48.275886280999941, -15.897363200999962 ], [ -48.275959260999855, -15.897299474999954 ], [ -48.275995495999894, -15.897211239999933 ], [ -48.275998664999918, -15.897102003999976 ], [ -48.275935015999892, -15.89679926499997 ], [ -48.275894239999957, -15.896693735999918 ], [ -48.275816782999982, -15.896577789999924 ], [ -48.27559223399993, -15.896339143999967 ], [ -48.275518568999985, -15.896251368999913 ], [ -48.275488926999913, -15.896177502999933 ], [ -48.275488544999973, -15.896092943999975 ], [ -48.275536117999934, -15.895887057999971 ], [ -48.275539398999911, -15.895802483999887 ], [ -48.275520794999977, -15.895739141999968 ], [ -48.275469187999875, -15.895668890999957 ], [ -48.275392129999886, -15.895641026999954 ], [ -48.273947448999934, -15.895354633999887 ], [ -48.273786214999973, -15.895344737999949 ], [ -48.273636065999938, -15.895355934999884 ], [ -48.273508023999966, -15.895395225999948 ], [ -48.273383772999921, -15.895462688999942 ], [ -48.273223206999944, -15.895600768999884 ], [ -48.273124614999972, -15.895671646999915 ], [ -48.273003914999947, -15.895714430999874 ], [ -48.272926952999967, -15.89570770499995 ], [ -48.272875411999962, -15.895651546999943 ], [ -48.27286394399988, -15.895545894999884 ], [ -48.272892678999938, -15.895418934999952 ], [ -48.273386723999977, -15.894493756999964 ], [ -48.273549416999856, -15.894282906999933 ], [ -48.273611789999961, -15.894243719999963 ], [ -48.273714682999923, -15.894214980999891 ], [ -48.274086021999949, -15.894153270999936 ], [ -48.274222076999934, -15.894135007999978 ], [ -48.274310236999838, -15.894102790999966 ], [ -48.27439821999991, -15.894031648999942 ], [ -48.274585145999936, -15.893871624999917 ], [ -48.274669577999816, -15.89382880699992 ], [ -48.274801985999943, -15.893817636999813 ], [ -48.275324483999896, -15.89382252799993 ], [ -48.275421761999951, -15.893801729999893 ], [ -48.275502529999983, -15.893762465999941 ], [ -48.275575763999939, -15.893684306999944 ], [ -48.276028490999977, -15.892907430999969 ], [ -48.276082664999933, -15.892828051999913 ], [ -48.276171223999881, -15.892751333999968 ], [ -48.276335987999914, -15.892674296999871 ], [ -48.276396122999927, -15.892631289999883 ], [ -48.27642442299998, -15.89257009399995 ], [ -48.276423979999947, -15.892472371999872 ], [ -48.276388734999955, -15.892402280999931 ], [ -48.276283482999929, -15.892298889999893 ], [ -48.275534456999878, -15.89166987599998 ], [ -48.275460971999905, -15.891569452999931 ], [ -48.275425588999838, -15.891468822999968 ], [ -48.275349561999917, -15.890806450999889 ], [ -48.275307537999936, -15.890641717999927 ], [ -48.275233984999886, -15.890525977999971 ], [ -48.27510453199983, -15.890442603999873 ], [ -48.27487237299988, -15.890361120999899 ], [ -48.274656269999866, -15.890319270999896 ], [ -48.27445939699993, -15.890317039999957 ], [ -48.274110309999969, -15.890358199999923 ], [ -48.273914245999947, -15.890351711999926 ], [ -48.273799816999883, -15.890324704999898 ], [ -48.273723419999953, -15.890282269999943 ], [ -48.273691447999965, -15.890233541999976 ], [ -48.273700724999856, -15.890178532999983 ], [ -48.273747979999939, -15.890095880999979 ], [ -48.273990244999936, -15.889603194999893 ], [ -48.274040445999958, -15.889470005999954 ], [ -48.274062133999905, -15.889350814999887 ], [ -48.274058323999952, -15.889210351999964 ], [ -48.274003697999945, -15.889067048999948 ], [ -48.273731715999929, -15.888603996999905 ], [ -48.273696307999842, -15.888497477999977 ], [ -48.273705391999954, -15.888399715999981 ], [ -48.273849625999901, -15.887996002999955 ], [ -48.273871313999848, -15.887876810999956 ], [ -48.273867738999968, -15.887788263999937 ], [ -48.273845106999886, -15.887698499999942 ], [ -48.273803485999906, -15.887622326999974 ], [ -48.27375878599986, -15.887567543999864 ], [ -48.27367301299995, -15.887484840999946 ], [ -48.273402719999979, -15.887311137999973 ], [ -48.273332591999861, -15.887250353999889 ], [ -48.27331010499995, -15.887192423999977 ], [ -48.273303368999905, -15.887106943999925 ], [ -48.273302958999977, -15.886312938999879 ], [ -48.273286772999882, -15.886244271999885 ], [ -48.273254663999978, -15.886165005999885 ], [ -48.272954345999892, -15.88575398699993 ], [ -48.272877651999977, -15.885645097999941 ], [ -48.27282026599994, -15.885593421999943 ], [ -48.272756598999877, -15.88555704099997 ], [ -48.272489410999981, -15.885451270999909 ], [ -48.272378754999977, -15.885406337999939 ], [ -48.272267213999896, -15.885315186999946 ], [ -48.27213293899996, -15.88511113699991 ], [ -48.271950607999884, -15.884812038999939 ], [ -48.271802807999848, -15.884424811999963 ], [ -48.271696741999961, -15.884088414999951 ], [ -48.271653612999955, -15.883863550999877 ], [ -48.27164826399985, -15.883715043999871 ], [ -48.271675189999939, -15.883564375999924 ], [ -48.271915343999922, -15.882896235999965 ], [ -48.271961690999944, -15.882830382999941 ], [ -48.272009259999948, -15.882803974999888 ], [ -48.272407621999889, -15.882766273999948 ], [ -48.272635643999934, -15.882722731999934 ], [ -48.272819266999932, -15.882653164999851 ], [ -48.272989146999862, -15.882557445999907 ], [ -48.273173202999885, -15.882409974999973 ], [ -48.273288376999915, -15.882268616999909 ], [ -48.273396441999978, -15.882061764999946 ], [ -48.273467024999945, -15.881851793999886 ], [ -48.273513423999873, -15.881566570999894 ], [ -48.273518981999985, -15.881288866999967 ], [ -48.273496607999903, -15.880859778999877 ], [ -48.273499643999912, -15.880777861999945 ], [ -48.273519740999973, -15.880702424999981 ], [ -48.273729395999908, -15.880364101999817 ], [ -48.27377656199991, -15.880248795999933 ], [ -48.273782678999964, -15.880094788999827 ], [ -48.273781450999934, -15.879822869999884 ], [ -48.273790928999858, -15.879659020999895 ], [ -48.273820799999839, -15.879485257999931 ], [ -48.273891350999975, -15.879268734999869 ], [ -48.273958895999897, -15.87914068099991 ], [ -48.274040183999944, -15.879038778999927 ], [ -48.27413522899991, -15.878966305999882 ], [ -48.274294885999893, -15.878870627999959 ], [ -48.27441732799997, -15.878830801999868 ], [ -48.274573905999887, -15.878807213999949 ], [ -48.274706832999982, -15.878826314999856 ], [ -48.274802351999938, -15.878858676999869 ], [ -48.274887830999944, -15.87893039599993 ], [ -48.274966674999973, -15.879041455999982 ], [ -48.275035285999877, -15.879149283999936 ], [ -48.275079980999919, -15.879240829999958 ], [ -48.275090524999825, -15.879312861999949 ], [ -48.275070473999961, -15.879398126999888 ], [ -48.274850578999974, -15.879731344999925 ], [ -48.274823758999958, -15.87982646699993 ], [ -48.274821048999911, -15.879980459999956 ], [ -48.274890652999886, -15.880307788999971 ], [ -48.274963277999973, -15.880549922999933 ], [ -48.275042167999914, -15.880670811999948 ], [ -48.275124122999955, -15.880716335999978 ], [ -48.275209247999953, -15.880709427999875 ], [ -48.275301050999929, -15.880673004999949 ], [ -48.275409632999924, -15.880580816999895 ], [ -48.275589166999964, -15.880360559999872 ], [ -48.275636482999971, -15.880278456999918 ], [ -48.275666693999881, -15.880180043999928 ], [ -48.275679666999963, -15.880035835999934 ], [ -48.275621480999973, -15.879220299999929 ], [ -48.275626670999941, -15.879109741999855 ], [ -48.275653267999928, -15.878965476999895 ], [ -48.275753001999931, -15.878424007999968 ], [ -48.275776280999878, -15.878299414999958 ], [ -48.275775702999852, -15.878171645999942 ], [ -48.275740806999977, -15.877860631999965 ], [ -48.275690592999979, -15.877647671999853 ], [ -48.275595447999933, -15.877482269999916 ], [ -48.274968391999948, -15.876770373999932 ], [ -48.274893871999893, -15.876627569999982 ], [ -48.274881094999898, -15.876524984999946 ], [ -48.274913427999934, -15.876414316999956 ], [ -48.275003253999955, -15.876311302999966 ], [ -48.275130176999824, -15.876243661999922 ], [ -48.275265450999825, -15.87620756799987 ], [ -48.275758083999904, -15.876237085999946 ], [ -48.275872908999986, -15.876216866999926 ], [ -48.275967070999968, -15.876165152999931 ], [ -48.276191830999892, -15.875951038999972 ], [ -48.276302523999902, -15.875878431999922 ], [ -48.276400860999956, -15.875842491999947 ], [ -48.27654855399993, -15.875830029999918 ], [ -48.276704687999882, -15.87586885099995 ], [ -48.276893815999983, -15.875943062999966 ], [ -48.276971900999968, -15.87596642099993 ], [ -48.277033372999881, -15.875946424999938 ], [ -48.277082317999941, -15.875879109999971 ], [ -48.277618427999982, -15.872825677999913 ], [ -48.277687175999915, -15.872600375999923 ], [ -48.277764508999894, -15.872457935999876 ], [ -48.278013102999978, -15.872070023999925 ], [ -48.278082496999957, -15.871986831999891 ], [ -48.278164291999929, -15.871923325999887 ], [ -48.278315713999973, -15.871827944999893 ], [ -48.278368673999978, -15.871740873999954 ], [ -48.278372401999945, -15.871657956999968 ], [ -48.278339229999972, -15.871583090999877 ], [ -48.278269245999923, -15.871536013999901 ], [ -48.278150066999842, -15.871500985999944 ], [ -48.278026961999956, -15.871505451999951 ], [ -48.277210775999947, -15.871623363999845 ], [ -48.277107207999961, -15.871611101999974 ], [ -48.277016739999965, -15.871572004999962 ], [ -48.276950681999892, -15.871485434999954 ], [ -48.276607312999829, -15.870882887999926 ], [ -48.276537, -15.870799242999965 ], [ -48.276442373999942, -15.870748319999905 ], [ -48.276113496999983, -15.870627320999859 ], [ -48.27599831699996, -15.870568588999959 ], [ -48.275911792999921, -15.870493946999943 ], [ -48.275861955999972, -15.870363884999904 ], [ -48.275854583999887, -15.870241952999947 ], [ -48.275882650999904, -15.870095773999935 ], [ -48.275930045999985, -15.869992937999939 ], [ -48.276010257999985, -15.869863045999921 ], [ -48.276328938999882, -15.869545900999981 ], [ -48.276752967999983, -15.86924733799998 ], [ -48.277049068999872, -15.869065221999904 ], [ -48.277760610999962, -15.868676894999965 ], [ -48.277781842999843, -15.868665306999958 ], [ -48.278063427999939, -15.868559521999828 ], [ -48.278170384999839, -15.868539459999965 ], [ -48.278277341999967, -15.868519397999876 ], [ -48.278401306999911, -15.868522723999888 ], [ -48.27848806499992, -15.868525050999892 ], [ -48.27863436899986, -15.868563662999975 ], [ -48.278688889999842, -15.868596121999929 ], [ -48.278842435999934, -15.868732767999973 ], [ -48.278907151999931, -15.868765183999869 ], [ -48.279053425999962, -15.868797257999972 ], [ -48.279209746999925, -15.868796600999815 ], [ -48.2793489579999, -15.868769864999933 ], [ -48.279511926999817, -15.868736490999879 ], [ -48.279613874999882, -15.868736061999869 ], [ -48.279688755999985, -15.868761897999946 ], [ -48.279750147999891, -15.868810672999928 ], [ -48.280077840999923, -15.869129639999926 ], [ -48.280169877999981, -15.869191360999878 ], [ -48.28023782899993, -15.869187805999957 ], [ -48.280298819999985, -15.86914832399998 ], [ -48.280325693999885, -15.869079564999936 ], [ -48.280341584999974, -15.868837603999907 ], [ -48.28032404399994, -15.86871672999996 ], [ -48.280282758999931, -15.868605762999834 ], [ -48.280097644999955, -15.868253507999896 ], [ -48.280018949999942, -15.86813627399988 ], [ -48.279899370999885, -15.867996216999927 ], [ -48.279322805999982, -15.867501778999952 ], [ -48.279204595999943, -15.867397316999927 ], [ -48.279153250999968, -15.867315811999958 ], [ -48.279139226999973, -15.867221074999918 ], [ -48.279166070999963, -15.867145778999827 ], [ -48.279230459999951, -15.867106281999952 ], [ -48.279325525999923, -15.867087131999938 ], [ -48.280334984999968, -15.86712211199989 ], [ -48.280419807999976, -15.867092334999938 ], [ -48.28045693599995, -15.867036608999854 ], [ -48.280463285999929, -15.866938516999824 ], [ -48.280414707999967, -15.865971144999889 ], [ -48.280387104999932, -15.865879721999875 ], [ -48.280318693999959, -15.865781944999981 ], [ -48.280182258999957, -15.865671378999934 ], [ -48.27980730999991, -15.86542136099996 ], [ -48.279701563999936, -15.865333546999977 ], [ -48.279568304999941, -15.865173934999916 ], [ -48.279287823999937, -15.864773046999971 ], [ -48.27924666399997, -15.864689092999868 ], [ -48.2792361569999, -15.864620491999972 ], [ -48.27926625099991, -15.864512493999882 ], [ -48.279404358999955, -15.864243868999949 ], [ -48.279421037999953, -15.864175152999962 ], [ -48.279417357999876, -15.864113059999966 ], [ -48.279376237999941, -15.864038049999976 ], [ -48.279105847999972, -15.863613955999881 ], [ -48.279071569999985, -15.863548722999838 ], [ -48.279057619999946, -15.863470329999927 ], [ -48.279081065999947, -15.863395047999973 ], [ -48.279131771999971, -15.863335995999819 ], [ -48.279247012999917, -15.86327013499988 ], [ -48.280105080999931, -15.862898556999937 ], [ -48.280176144999984, -15.86283288199985 ], [ -48.28019620699996, -15.862760882999908 ], [ -48.280185640999946, -15.862679206999928 ], [ -48.280124057999899, -15.862587937999933 ], [ -48.280025181999918, -15.862516068999923 ], [ -48.278999539999973, -15.861905840999952 ], [ -48.278931306999823, -15.861846800999956 ], [ -48.278917446999912, -15.861788019999892 ], [ -48.278930594999963, -15.861689899999931 ], [ -48.279222907999952, -15.860956451999925 ], [ -48.279239470999983, -15.860862080999937 ], [ -48.279239054999948, -15.86077055599992 ], [ -48.279155092999929, -15.860241356999893 ], [ -48.279158054999925, -15.86014530999995 ], [ -48.27919167999994, -15.860066716999938 ], [ -48.279266215999826, -15.860017370999969 ], [ -48.279361304999952, -15.860003895999967 ], [ -48.279466765999985, -15.860029602999873 ], [ -48.280229671999962, -15.860405577999927 ], [ -48.280304638999951, -15.860451025999964 ], [ -48.280342300999962, -15.860512975999939 ], [ -48.280342628999961, -15.860584888999938 ], [ -48.280302251999899, -15.860673317999954 ], [ -48.280012479999925, -15.861217164999914 ], [ -48.279997247999916, -15.861298103999957 ], [ -48.280014584999947, -15.861386008999943 ], [ -48.280069137999931, -15.861463980999929 ], [ -48.280140478999954, -15.86150929899992 ], [ -48.280255752999892, -15.861531622999905 ], [ -48.280414987999904, -15.861537469999973 ], [ -48.280519876999904, -15.861510960999965 ], [ -48.280607724999982, -15.861461713999972 ], [ -48.280688665999833, -15.861383170999886 ], [ -48.280759235999881, -15.861259052999912 ], [ -48.280809408999971, -15.861118728999941 ], [ -48.281049277999898, -15.860234682999874 ], [ -48.28109961399997, -15.860130199999958 ], [ -48.281173808999938, -15.860058201999948 ], [ -48.281484023999894, -15.859869688999879 ], [ -48.281521002999966, -15.859807621999892 ], [ -48.281520572999909, -15.859713128999886 ], [ -48.281459081999969, -15.8595993429999 ], [ -48.281312684999932, -15.859437037999896 ], [ -48.281237703999977, -15.859336342999825 ], [ -48.281203400999971, -15.859241991999909 ], [ -48.281234957999914, -15.859109499999875 ], [ -48.281504308999899, -15.858756926999945 ], [ -48.281547853999939, -15.8586492149999 ], [ -48.281543947999978, -15.85853518599987 ], [ -48.281506137999884, -15.858414782999944 ], [ -48.281444884999985, -15.858353130999831 ], [ -48.281366842999887, -15.858324133999929 ], [ -48.28118060099996, -15.858337952999818 ], [ -48.280832124999961, -15.858430656999928 ], [ -48.280662848999896, -15.858450919999939 ], [ -48.28052731299988, -15.858441715999959 ], [ -48.280401701999892, -15.858380333999946 ], [ -48.280323348999957, -15.858282910999947 ], [ -48.28027184299998, -15.858129980999934 ], [ -48.280274385999917, -15.857944239999938 ], [ -48.28032773699988, -15.857758283999885 ], [ -48.280494462999911, -15.857177599999886 ], [ -48.280534323999916, -15.857004734999975 ], [ -48.280594894999979, -15.856916501999876 ], [ -48.280659015999959, -15.856864096999971 ], [ -48.280723284999965, -15.856844275999947 ], [ -48.280804564999983, -15.85684067499983 ], [ -48.280879158999937, -15.856856652999909 ], [ -48.280940336999947, -15.856902013999843 ], [ -48.281335456999955, -15.857382596999969 ], [ -48.281423926999935, -15.857470201999945 ], [ -48.281498609999971, -15.857505730999947 ], [ -48.281576547999919, -15.857511918999933 ], [ -48.281654292999974, -15.857475748999889 ], [ -48.28169805999994, -15.857416911999906 ], [ -48.281841799999938, -15.856995966999875 ], [ -48.281861440999876, -15.856845994999901 ], [ -48.281870905999938, -15.856692807999934 ], [ -48.281846630999894, -15.856569088999834 ], [ -48.28169265899993, -15.856076303999828 ], [ -48.281688885999984, -15.855991600999914 ], [ -48.281725670999947, -15.855887174999964 ], [ -48.281830363999973, -15.855818306999879 ], [ -48.281999621999944, -15.855794783999954 ], [ -48.282223239999951, -15.855806874999928 ], [ -48.282823318999874, -15.855921646999889 ], [ -48.282935276999979, -15.855960275999905 ], [ -48.283094865999885, -15.856044322999935 ], [ -48.283234071999857, -15.856115421999959 ], [ -48.283298548999937, -15.856141216999958 ], [ -48.283369666999874, -15.856137658999842 ], [ -48.283427057999916, -15.856095056999948 ], [ -48.283548329999917, -15.855947913999955 ], [ -48.283578458999841, -15.855869583999947 ], [ -48.283578070999965, -15.855784865999965 ], [ -48.283540349999953, -15.855684012999973 ], [ -48.283458682999878, -15.855602896999926 ], [ -48.283383983999897, -15.855564110999978 ], [ -48.282994180999879, -15.855507103999969 ], [ -48.28277041399997, -15.855462430999921 ], [ -48.282638, -15.855394561999901 ], [ -48.282467983999879, -15.8552519079999 ], [ -48.282382604999839, -15.855099121999956 ], [ -48.282341303999885, -15.854955924999956 ], [ -48.282364539999946, -15.854851556999904 ], [ -48.282452235999983, -15.854769725999972 ], [ -48.282612727999947, -15.854714669999964 ], [ -48.282829405999962, -15.854690945999948 ], [ -48.28311369599993, -15.854637610999873 ], [ -48.283424948999937, -15.854554835999977 ], [ -48.283661564999875, -15.854446308999968 ], [ -48.28400279799996, -15.854252618999908 ], [ -48.28414786899998, -15.85412492699993 ], [ -48.284251980999954, -15.853928979999978 ], [ -48.284285004999958, -15.853743108999936 ], [ -48.284267265999972, -15.853567226999871 ], [ -48.284191883999881, -15.853378555999882 ], [ -48.284120350999899, -15.853290879999918 ], [ -48.28403538699996, -15.853229328999873 ], [ -48.283933650999984, -15.853203690999976 ], [ -48.283804995999844, -15.85321726899997 ], [ -48.283581736999906, -15.853283381999915 ], [ -48.28290592899998, -15.85364466599998 ], [ -48.282794299999978, -15.85367772099994 ], [ -48.282671629999925, -15.853665493999927 ], [ -48.28252227999991, -15.853597696999827 ], [ -48.282433839999896, -15.853516608999939 ], [ -48.282375588999969, -15.853370224999935 ], [ -48.282357835999903, -15.853191085999924 ], [ -48.282380818999968, -15.853031324999961 ], [ -48.282784647999961, -15.851562212999966 ], [ -48.282937496999921, -15.851144743999896 ], [ -48.283197922999875, -15.850618500999872 ], [ -48.283347237999976, -15.850396699999919 ], [ -48.283496960999912, -15.850264215999971 ], [ -48.283999631999961, -15.849964359999944 ], [ -48.2841052899999, -15.849864870999966 ], [ -48.284140173999958, -15.849758391999956 ], [ -48.28414399299993, -15.849626523999973 ], [ -48.284015944999965, -15.848695595999857 ], [ -48.284015458999932, -15.848589634999882 ], [ -48.284054570999956, -15.848440604999894 ], [ -48.284285810999904, -15.847763354999813 ], [ -48.284316255999954, -15.847652639999978 ], [ -48.284346525999979, -15.847503645999893 ], [ -48.284393025999975, -15.847035584999901 ], [ -48.284417121999866, -15.846925576999865 ], [ -48.284478552999985, -15.846823238999832 ], [ -48.284601976999966, -15.846741904999931 ], [ -48.285083384999837, -15.84662928299997 ], [ -48.285198199999911, -15.846599023999943 ], [ -48.285264284999982, -15.846547704999864 ], [ -48.285290423999982, -15.846462528999893 ], [ -48.285258910999971, -15.846339316999945 ], [ -48.284816430999967, -15.845294878999937 ], [ -48.284792764999963, -15.845163442999876 ], [ -48.284823207999978, -15.845052728999974 ], [ -48.284915682999895, -15.844971525999938 ], [ -48.285657214999958, -15.844700431999968 ], [ -48.285758550999901, -15.844623443999978 ], [ -48.285806775999902, -15.844533920999936 ], [ -48.285828258999913, -15.844397724999965 ], [ -48.285705248999932, -15.843602882999903 ], [ -48.285597838999934, -15.843318366999938 ], [ -48.285499639999898, -15.843114624999941 ], [ -48.285375108999972, -15.842953525999917 ], [ -48.285246467999912, -15.842860497999936 ], [ -48.285064889999887, -15.842793212999879 ], [ -48.284825972999954, -15.842755943999919 ], [ -48.284352079999962, -15.842717204999929 ], [ -48.284241453999982, -15.842696405999959 ], [ -48.28410862599992, -15.842654434999872 ], [ -48.283541420999882, -15.842371861999936 ], [ -48.283417260999897, -15.842291573999944 ], [ -48.28335933999989, -15.842193993999956 ], [ -48.283345630999918, -15.842096225999967 ], [ -48.283367036999948, -15.841943017999881 ], [ -48.283432732999927, -15.841806635999887 ], [ -48.283947458999819, -15.84124728199987 ], [ -48.284111236999934, -15.841128177999963 ], [ -48.284345068999926, -15.841020857999979 ], [ -48.284825936999937, -15.840793400999814 ], [ -48.285002196999869, -15.840665056999853 ], [ -48.285107661999973, -15.840524252999899 ], [ -48.285168506999923, -15.840294318999895 ], [ -48.285180719999971, -15.840064589999884 ], [ -48.285112941999955, -15.839745043999926 ], [ -48.284636184999954, -15.8379691909999 ], [ -48.284617945999969, -15.837847824999812 ], [ -48.284630799999945, -15.837758451999946 ], [ -48.284718442999917, -15.837587950999875 ], [ -48.285082840999962, -15.837029229999928 ], [ -48.285113283999976, -15.836918820999927 ], [ -48.285121464999975, -15.83677417499996 ], [ -48.285067653999931, -15.836608524999917 ], [ -48.28436579199996, -15.835683821999908 ], [ -48.284003946999974, -15.835207090999972 ], [ -48.283924425999942, -15.83507321399992 ], [ -48.283881545999975, -15.834907050999959 ], [ -48.283802943999945, -15.834610119999979 ], [ -48.283775932999902, -15.83450390299987 ], [ -48.283722551999858, -15.834431822999875 ], [ -48.28362496099993, -15.834359928999959 ], [ -48.28294656199995, -15.833926209999959 ], [ -48.28282714799991, -15.833841609999979 ], [ -48.282682215999955, -15.833692765999899 ], [ -48.282548233999933, -15.833511849999979 ], [ -48.282380492999948, -15.833227880999914 ], [ -48.282309430999931, -15.833055755999965 ], [ -48.282271584999876, -15.83286731599992 ], [ -48.282226, -15.832604181999898 ], [ -48.282207067999877, -15.832508183999948 ], [ -48.282162213999982, -15.832405176999941 ], [ -48.281908125999905, -15.831841278999946 ], [ -48.281863092999913, -15.83169912999989 ], [ -48.28185138099991, -15.83156395799989 ], [ -48.281798022999965, -15.830596901999911 ], [ -48.28170043199998, -15.830340461999924 ], [ -48.28155028499998, -15.830065959999956 ], [ -48.281541982999897, -15.83004998399997 ], [ -48.281452689999981, -15.829878142999974 ], [ -48.281355094999981, -15.829690325999934 ], [ -48.281349657999897, -15.829630529999974 ], [ -48.281325876999972, -15.829369011999916 ], [ -48.281309204999843, -15.829143403999979 ], [ -48.281302453999899, -15.828807421999898 ], [ -48.281291592999878, -15.828712180999958 ], [ -48.281233794999821, -15.828612123999903 ], [ -48.281102835999889, -15.828472256999873 ], [ -48.280945579999866, -15.828280875999951 ], [ -48.280882293999866, -15.828120660999957 ], [ -48.280855082999835, -15.827870020999967 ], [ -48.280890928999952, -15.827729446999967 ], [ -48.281020440999839, -15.827553370999965 ], [ -48.281524479999973, -15.827205194999863 ], [ -48.281570913999985, -15.82710362399996 ], [ -48.28156178699993, -15.826972418999958 ], [ -48.281467308999936, -15.826821068999948 ], [ -48.280798783999956, -15.826055531999941 ], [ -48.280700081999953, -15.825912402999904 ], [ -48.28066537899997, -15.825781305999897 ], [ -48.280677754999886, -15.82569102399998 ], [ -48.280761416999894, -15.825342054999965 ], [ -48.280773717999921, -15.825235367999937 ], [ -48.280769004999911, -15.825136954999891 ], [ -48.280643927999961, -15.82481954199983 ], [ -48.280617787999915, -15.824696611999968 ], [ -48.280621506999978, -15.824577656999963 ], [ -48.280696661999968, -15.824232823999864 ], [ -48.280696005999971, -15.824089279999953 ], [ -48.280656983999961, -15.82394589799992 ], [ -48.280450894999944, -15.823624496999969 ], [ -48.280326541999955, -15.82346507099993 ], [ -48.280189588999917, -15.823346710999886 ], [ -48.279744755999957, -15.823020483999926 ], [ -48.279627201999915, -15.822901737999928 ], [ -48.2793102199999, -15.822566766999955 ], [ -48.279220419999945, -15.822505626999941 ], [ -48.279079466999917, -15.822444701999871 ], [ -48.278861839999934, -15.822396405999882 ], [ -48.278724614999931, -15.822385347999955 ], [ -48.278655734999916, -15.822371699999962 ], [ -48.278608522999946, -15.822344021999982 ], [ -48.278535814999941, -15.822285087999887 ], [ -48.277220365999938, -15.820548266999936 ], [ -48.277121587999943, -15.82042950999994 ], [ -48.277084987999899, -15.820346030999872 ], [ -48.27708807099998, -15.820227536999937 ], [ -48.277126878999979, -15.82000086499994 ], [ -48.277119349999907, -15.819938171999979 ], [ -48.277053647999878, -15.819826936999903 ], [ -48.276787823999939, -15.819514431999892 ], [ -48.276729524999894, -15.819454906999965 ], [ -48.276664204999918, -15.819427304999977 ], [ -48.276580807999949, -15.819406747999949 ], [ -48.276493676999905, -15.819361812999887 ], [ -48.276428293999913, -15.819320271999914 ], [ -48.276377254999886, -15.819247307999831 ], [ -48.276333364999971, -15.819153404999952 ], [ -48.276303168999959, -15.81888520799987 ], [ -48.276313399999935, -15.818745775999901 ], [ -48.276338110999916, -15.818604771999958 ], [ -48.276398206999943, -15.818280437999931 ], [ -48.276397761999874, -15.818182866999962 ], [ -48.276346580999927, -15.81807854099992 ], [ -48.276233796999918, -15.817967503999967 ], [ -48.27610298399992, -15.817873967999958 ], [ -48.275910678999935, -15.817798113999913 ], [ -48.275758371999927, -15.817756938999878 ], [ -48.275588066999944, -15.817740231999835 ], [ -48.275518624999961, -15.817718577999926 ], [ -48.275477670999976, -15.81766451999988 ], [ -48.275303024999914, -15.81713198999995 ], [ -48.275252471999977, -15.817032780999909 ], [ -48.27516448099982, -15.816963856999905 ], [ -48.274998274999916, -15.816910325999913 ], [ -48.274829102999945, -15.816892960999894 ], [ -48.274149199999897, -15.816805435999925 ], [ -48.274044488999948, -15.816791172999899 ], [ -48.273972331999857, -15.816761348999933 ], [ -48.273375117999933, -15.816263733999961 ], [ -48.273287140999912, -15.816197821999936 ], [ -48.273221287999888, -15.816177008999887 ], [ -48.273111651999955, -15.81616843099988 ], [ -48.272857975999955, -15.816160457999956 ], [ -48.272785886999941, -15.816145695999978 ], [ -48.272710544999882, -15.816103832999886 ], [ -48.272322099999826, -15.815748619999965 ], [ -48.272246703999883, -15.815694705999874 ], [ -48.272158877999914, -15.815661932999831 ], [ -48.271898570999952, -15.815572640999903 ], [ -48.271800306999978, -15.815525055999956 ], [ -48.271728014999951, -15.815465103999884 ], [ -48.271614620999912, -15.815317951999873 ], [ -48.271428361999938, -15.814984312999968 ], [ -48.271374461999926, -15.814836911999976 ], [ -48.271193087999848, -15.814198958999839 ], [ -48.271144823999919, -15.813912892999952 ], [ -48.271143841999958, -15.813695975999963 ], [ -48.271194345999959, -15.813093204999916 ], [ -48.271190718999833, -15.812995396999895 ], [ -48.271166836999896, -15.812874018999878 ], [ -48.271130899999946, -15.812818701999959 ], [ -48.271075840999913, -15.812784595999972 ], [ -48.271023683999942, -15.812784814999873 ], [ -48.270946974999902, -15.812819472999934 ], [ -48.270845786999985, -15.812904418999949 ], [ -48.270246906999887, -15.813416698999958 ], [ -48.270167595999908, -15.813483062999921 ], [ -48.270096377999948, -15.813517697999941 ], [ -48.270000332999928, -15.813526023999941 ], [ -48.269887686999937, -15.813505364999912 ], [ -48.269821611999873, -15.813463380999906 ], [ -48.269760872999939, -15.81338703699987 ], [ -48.269716460999973, -15.813278928999921 ], [ -48.269677335999916, -15.813125896999964 ], [ -48.269651242999885, -15.812819010999874 ], [ -48.26966712899997, -15.812689519999935 ], [ -48.269704951999984, -15.812554655999861 ], [ -48.269778413999859, -15.81240907699987 ], [ -48.269991077999975, -15.81208594799989 ], [ -48.270001830999945, -15.81203571799989 ], [ -48.269985144999907, -15.811988243999963 ], [ -48.269927282999902, -15.811940941999978 ], [ -48.26986130399996, -15.811920087999908 ], [ -48.269680076999975, -15.811910279999836 ], [ -48.26957856699994, -15.811923910999894 ], [ -48.269510081999954, -15.811955892999947 ], [ -48.268736373999957, -15.812709259999963 ], [ -48.268550431999927, -15.812871156999847 ], [ -48.268440863999956, -15.812924440999893 ], [ -48.268333921999954, -15.812951300999885 ], [ -48.268254324999873, -15.812954273999878 ], [ -48.268196592999971, -15.812936026999978 ], [ -48.268144184999983, -15.812880777999908 ], [ -48.267736665999962, -15.811786745999825 ], [ -48.267719714999942, -15.811680151999951 ], [ -48.267724668999904, -15.811561272999825 ], [ -48.267907202999936, -15.810643977999973 ], [ -48.267939564999949, -15.810515385999963 ], [ -48.267977531999975, -15.810412215999975 ], [ -48.268187188999832, -15.810030993999931 ], [ -48.268208875999846, -15.809970152999881 ], [ -48.26821412799984, -15.809917304999942 ], [ -48.2681775719999, -15.809724688999893 ], [ -48.26816061299985, -15.809616466999955 ], [ -48.268162856999936, -15.809505522999814 ], [ -48.268177456999979, -15.80909077799987 ], [ -48.268163194999886, -15.808971977999875 ], [ -48.268113223999933, -15.808848045999923 ], [ -48.267982963999884, -15.808573519999982 ], [ -48.267924864999884, -15.808473392999929 ], [ -48.267825612999843, -15.808378719999951 ], [ -48.267677056999901, -15.808308024999917 ], [ -48.267363675999889, -15.808211603999951 ], [ -48.267275784999981, -15.808201404999977 ], [ -48.267171518999817, -15.808212404999949 ], [ -48.267083902999957, -15.808262954999918 ], [ -48.26703482399995, -15.808337116999951 ], [ -48.267010534999883, -15.808429663999959 ], [ -48.266893557999822, -15.809275371999945 ], [ -48.266874522999842, -15.809359969999946 ], [ -48.266833655999903, -15.809428813999943 ], [ -48.266784410999946, -15.809465997999894 ], [ -48.266710376999924, -15.809484795999879 ], [ -48.266581297999892, -15.809472127999982 ], [ -48.266441130999965, -15.809435733999976 ], [ -48.266375081999911, -15.809399031999874 ], [ -48.266322686999899, -15.809346423999955 ], [ -48.266187095999896, -15.809106629999917 ], [ -48.266150826999933, -15.80897735699989 ], [ -48.266142044999981, -15.808855892999873 ], [ -48.266190576999918, -15.808660234999934 ], [ -48.266245062999985, -15.808567561999837 ], [ -48.266324301999873, -15.808485350999945 ], [ -48.266463753999972, -15.808363269999973 ], [ -48.266501938999909, -15.808308588999978 ], [ -48.266548081999986, -15.808192178999946 ], [ -48.266769680999971, -15.807414711999911 ], [ -48.266788240999972, -15.807269362999875 ], [ -48.266787265999881, -15.807052779999822 ], [ -48.266766369999971, -15.806954854999958 ], [ -48.266713797999955, -15.806862628999966 ], [ -48.266625705999957, -15.806807528999968 ], [ -48.266532337999934, -15.806799993999959 ], [ -48.26644185899994, -15.806824142999915 ], [ -48.266351568999937, -15.80689055199997 ], [ -48.266272402999959, -15.806988609999905 ], [ -48.266136790999894, -15.807353674999945 ], [ -48.266096077999919, -15.807456854999941 ], [ -48.26606333999996, -15.807501893999927 ], [ -48.26594173399991, -15.807606007999937 ], [ -48.265865168999881, -15.807672359999913 ], [ -48.265786060999915, -15.8077836249999 ], [ -48.265418446999888, -15.808445480999922 ], [ -48.265314692999937, -15.808570053999972 ], [ -48.265090616999942, -15.808798139999908 ], [ -48.264953776999903, -15.808891155999959 ], [ -48.264794917999893, -15.808971056999894 ], [ -48.264707168999905, -15.808992552999825 ], [ -48.264649462999955, -15.808979585999907 ], [ -48.26458892799991, -15.808948142999952 ], [ -48.264533787999881, -15.808895545999974 ], [ -48.264472956999896, -15.808798069999966 ], [ -48.264433991999965, -15.808679372999848 ], [ -48.264422192999973, -15.808497171999875 ], [ -48.264454686999898, -15.807782895999935 ], [ -48.264438534999897, -15.807676023999875 ], [ -48.2644106219999, -15.80757312999998 ], [ -48.264302566999845, -15.807351709999864 ], [ -48.264213799999936, -15.807146057999887 ], [ -48.26416657599998, -15.80702211299996 ], [ -48.264144105999947, -15.806908629999953 ], [ -48.264118557999893, -15.806721203999928 ], [ -48.264096312999925, -15.806657904999838 ], [ -48.264046651999877, -15.806602643999952 ], [ -48.263975138999911, -15.806571245999862 ], [ -48.2638900419999, -15.806571598999881 ], [ -48.263785918999986, -15.806614292999939 ], [ -48.263512207999895, -15.80679239799997 ], [ -48.263414889999922, -15.806832225999869 ], [ -48.263351789999945, -15.806840411999929 ], [ -48.263274880999973, -15.806830166999873 ], [ -48.263206076999893, -15.80679083299998 ], [ -48.262963527999887, -15.806572611999968 ], [ -48.262458909999964, -15.806067576999908 ], [ -48.262329524999927, -15.805986232999942 ], [ -48.262216728999931, -15.805931233999843 ], [ -48.262128815999915, -15.805915749999883 ], [ -48.262057538999898, -15.805937175999873 ], [ -48.262016623999955, -15.805995454999902 ], [ -48.262000484999874, -15.806069477999927 ], [ -48.261996380999904, -15.806378528999971 ], [ -48.261985731999971, -15.806452529999888 ], [ -48.261958481999955, -15.806497544999957 ], [ -48.261895439999876, -15.806518936999964 ], [ -48.26127500299998, -15.806510943999911 ], [ -48.261192589999894, -15.806498078999937 ], [ -48.261151247999976, -15.806461270999819 ], [ -48.261142811999889, -15.806416403999947 ], [ -48.26116179099995, -15.806363498999815 ], [ -48.261224205999952, -15.806202119999966 ], [ -48.261239556999897, -15.806136948999892 ], [ -48.261241795999979, -15.806094905999885 ], [ -48.261085993999984, -15.805446368999867 ], [ -48.261041478999914, -15.805314002999921 ], [ -48.260997306999911, -15.805221557999914 ], [ -48.260887442999888, -15.805116753999926 ], [ -48.260773427999879, -15.805062490999887 ], [ -48.260414260999823, -15.804983981999953 ], [ -48.260252094999885, -15.804925708999974 ], [ -48.260164241999917, -15.804850285999919 ], [ -48.260084819999918, -15.804703250999921 ], [ -48.259837916999913, -15.804287443999897 ], [ -48.259719151999946, -15.804148992999899 ], [ -48.259600592999902, -15.804056853999896 ], [ -48.25944274699998, -15.803985929999897 ], [ -48.259245783999972, -15.803974111999821 ], [ -48.258957399999986, -15.804067932999942 ], [ -48.258875683999975, -15.804066458999898 ], [ -48.258779192999896, -15.804016333999925 ], [ -48.258739378999962, -15.803919659999849 ], [ -48.258751979999943, -15.803801716999942 ], [ -48.258803961999888, -15.803683611999929 ], [ -48.258891156999937, -15.803611674999956 ], [ -48.259166337999943, -15.803501066999956 ], [ -48.259249231999888, -15.803445988999897 ], [ -48.259283804999882, -15.803349006999952 ], [ -48.259278864999942, -15.803222715999823 ], [ -48.259230224999897, -15.803109236999944 ], [ -48.259111384999926, -15.802953944999956 ], [ -48.259006067999906, -15.80288701399985 ], [ -48.258909708999965, -15.802866360999928 ], [ -48.258778512999925, -15.802883744999917 ], [ -48.257939207999925, -15.803072470999894 ], [ -48.257710696999936, -15.803104294999969 ], [ -48.257554386999971, -15.803083466999851 ], [ -48.257405291999817, -15.803012504999913 ], [ -48.257229906999953, -15.802884389999974 ], [ -48.257061784999905, -15.802716876999966 ], [ -48.256953125999985, -15.802538381999966 ], [ -48.25675774299998, -15.8020954079999 ], [ -48.256704891999959, -15.801920709999933 ], [ -48.256671098999902, -15.80184927199997 ], [ -48.25661514899997, -15.801813713999934 ], [ -48.25651841399997, -15.801806954999904 ], [ -48.256336276999832, -15.801832757999932 ], [ -48.254723341999977, -15.802125708999938 ], [ -48.254567379999912, -15.802140667999822 ], [ -48.25440746299995, -15.802144904999977 ], [ -48.254306928999938, -15.802120266999907 ], [ -48.253707347999978, -15.80195094599992 ], [ -48.253614300999857, -15.801937012999929 ], [ -48.25348784199997, -15.801937532999887 ], [ -48.252455114999975, -15.802228082999932 ], [ -48.252310544999887, -15.802246571999945 ], [ -48.252154268999845, -15.802232897999886 ], [ -48.251513539999962, -15.802010057999951 ], [ -48.251390721999883, -15.801992667999912 ], [ -48.251238227999977, -15.801993292999953 ], [ -48.250546931999963, -15.802110647999825 ], [ -48.250427007999917, -15.802128375999871 ], [ -48.250348853999924, -15.802117958999872 ], [ -48.250259335999885, -15.802061063999872 ], [ -48.250173347999976, -15.801961207999966 ], [ -48.250131943999918, -15.80185043299997 ], [ -48.250101618999906, -15.801721717999953 ], [ -48.249984039999958, -15.801206842999932 ], [ -48.249924007999937, -15.801088985999911 ], [ -48.249815687999956, -15.800985641999887 ], [ -48.249670347999938, -15.80092181699996 ], [ -48.249146420999921, -15.800718346999929 ], [ -48.24903105899989, -15.800704502999906 ], [ -48.248949343999982, -15.800729888999967 ], [ -48.248890071999938, -15.800783814999932 ], [ -48.248816253999962, -15.800912954999944 ], [ -48.248761079999952, -15.801052756999979 ], [ -48.248750600999927, -15.801206690999891 ], [ -48.248769576999905, -15.801292505999982 ], [ -48.24882568299995, -15.801363853999931 ], [ -48.249284601999818, -15.801687653999977 ], [ -48.249342093999928, -15.801768788999937 ], [ -48.249387200999934, -15.801875970999959 ], [ -48.249406413999964, -15.802015467999922 ], [ -48.249373571999968, -15.802158755999812 ], [ -48.249310674999947, -15.802234169999906 ], [ -48.249214145999929, -15.802273931999935 ], [ -48.248638102999962, -15.802380073999927 ], [ -48.248559980999971, -15.802376814999889 ], [ -48.248489138999901, -15.802337736999959 ], [ -48.248444190999976, -15.802266342999928 ], [ -48.248228680999944, -15.801472716999967 ], [ -48.248134732999972, -15.801254630999949 ], [ -48.248036892999949, -15.800997351999968 ], [ -48.248020084999894, -15.800864357999899 ], [ -48.248038065999879, -15.800724708999894 ], [ -48.248089678999975, -15.800620710999908 ], [ -48.248974822999855, -15.799761744999898 ], [ -48.248996886999976, -15.799704392999956 ], [ -48.248992787999896, -15.799618515999953 ], [ -48.24884435499996, -15.79885324199995 ], [ -48.248802764999937, -15.798720453999977 ], [ -48.248751026999969, -15.798646460999976 ], [ -48.248670465999965, -15.798594228999946 ], [ -48.248593281999888, -15.798579084999915 ], [ -48.248490555999922, -15.798601147999875 ], [ -48.248099313999887, -15.798775889999945 ], [ -48.247977430999924, -15.798825856999827 ], [ -48.247874636999939, -15.798832460999904 ], [ -48.24777493299996, -15.798811224999952 ], [ -48.24753975699997, -15.79867305199997 ], [ -48.247446491999938, -15.798654880999891 ], [ -48.247353431999898, -15.798683086999915 ], [ -48.246787988999927, -15.799433623999903 ], [ -48.246736394999914, -15.799511128999939 ], [ -48.24671005099998, -15.799618900999974 ], [ -48.246717007999905, -15.799739453999905 ], [ -48.246752775999937, -15.799835155999915 ], [ -48.24681740699998, -15.799918371999979 ], [ -48.24689148799996, -15.799958262999894 ], [ -48.246997822999958, -15.800025849999884 ], [ -48.24704634699998, -15.800099855999974 ], [ -48.247049941999933, -15.800186412999949 ], [ -48.247027817999935, -15.800269982999851 ], [ -48.246963839999978, -15.800335172999894 ], [ -48.246864421999931, -15.800378863999981 ], [ -48.246761612999876, -15.800382374999913 ], [ -48.246645814999965, -15.800355020999973 ], [ -48.246214348999956, -15.800152718999982 ], [ -48.246143400999983, -15.800094262999949 ], [ -48.246082091999938, -15.80003576799993 ], [ -48.246059272999958, -15.799961656999926 ], [ -48.246091104999891, -15.799893506999979 ], [ -48.246279947999881, -15.799725776999935 ], [ -48.24631501999994, -15.79966379799987 ], [ -48.246330731999933, -15.799583345999963 ], [ -48.246330377999982, -15.799502958999881 ], [ -48.246297987999981, -15.799444345999916 ], [ -48.24605291499995, -15.799247465999883 ], [ -48.245975604999956, -15.799145450999958 ], [ -48.245949531999827, -15.799062076999917 ], [ -48.245958748999954, -15.798966192999956 ], [ -48.246035306999886, -15.798839114999964 ], [ -48.24671965899995, -15.798094280999976 ], [ -48.24680279099988, -15.798001142999965 ], [ -48.246808985999962, -15.79794855699987 ], [ -48.246786261999944, -15.797896087999902 ], [ -48.246734660999948, -15.797853012999951 ], [ -48.246634902999972, -15.797819408999942 ], [ -48.246432337999977, -15.797789316999967 ], [ -48.24635508599988, -15.797758713999883 ], [ -48.246316323999963, -15.797712493999882 ], [ -48.246306316999949, -15.797629054999902 ], [ -48.246314540999833, -15.797307468999975 ], [ -48.246304329999873, -15.797177652999949 ], [ -48.246271830999945, -15.797094304999973 ], [ -48.246213775999934, -15.797045071999833 ], [ -48.246143059999952, -15.797039176999874 ], [ -48.246072547999972, -15.797079658999849 ], [ -48.24584325599983, -15.79754746299983 ], [ -48.245782518999931, -15.797618822999937 ], [ -48.245712005999962, -15.797659303999922 ], [ -48.245416559999967, -15.797697609999886 ], [ -48.245268768999892, -15.79770130299994 ], [ -48.245165811999982, -15.797670803999893 ], [ -48.245069103999981, -15.797600084999942 ], [ -48.245023820999961, -15.797532248999971 ], [ -48.245005720999984, -15.797304683999982 ], [ -48.244999926999924, -15.797213884999962 ], [ -48.244965639999975, -15.797130544999959 ], [ -48.24489781099993, -15.797050431999935 ], [ -48.244817196999918, -15.796985831999905 ], [ -48.244707718999905, -15.796933715999955 ], [ -48.244620936999922, -15.796927884999889 ], [ -48.244543902999965, -15.796946749999961 ], [ -48.244438153999909, -15.797012109999855 ], [ -48.244230222999931, -15.797223201999827 ], [ -48.244169431999978, -15.79728219499998 ], [ -48.244102104999911, -15.797316478999903 ], [ -48.244018589999939, -15.797323001999928 ], [ -48.243317837999939, -15.797260919999928 ], [ -48.243170004999968, -15.79725533699991 ], [ -48.243025465999892, -15.797268290999909 ], [ -48.242906768999944, -15.797312058999978 ], [ -48.242823578999889, -15.797392783999896 ], [ -48.242772561999971, -15.797482654999953 ], [ -48.242744131999984, -15.797594077999975 ], [ -48.242727022999986, -15.798088843999949 ], [ -48.242711336999946, -15.798175479999941 ], [ -48.242669971999817, -15.798268402999952 ], [ -48.242520318999937, -15.798581288999912 ], [ -48.242479757999888, -15.798718607999831 ], [ -48.242454811999949, -15.79889185199994 ], [ -48.242392133999829, -15.799253851999879 ], [ -48.242357249999941, -15.799359115999891 ], [ -48.242293447999941, -15.799464497999907 ], [ -48.242194150999978, -15.799536012999965 ], [ -48.242056118999983, -15.799567491999881 ], [ -48.241474437999841, -15.799548208999909 ], [ -48.241332867999915, -15.799505497999917 ], [ -48.241226534999953, -15.799437907999902 ], [ -48.241036157999986, -15.799256260999982 ], [ -48.240588958999922, -15.798645886999964 ], [ -48.240454056999965, -15.798439772999927 ], [ -48.24037295699992, -15.798263865999957 ], [ -48.240340027999935, -15.798081580999963 ], [ -48.240339283999958, -15.797911531999944 ], [ -48.240389775999972, -15.797701314999927 ], [ -48.240482036999879, -15.797490694999908 ], [ -48.240803696999933, -15.796833920999859 ], [ -48.24083854099996, -15.796719554999981 ], [ -48.240860423999948, -15.796580332999838 ], [ -48.241001494999978, -15.795775572999958 ], [ -48.241082978999941, -15.795305282999948 ], [ -48.241101337999964, -15.79509496299994 ], [ -48.241100403999951, -15.794881628999974 ], [ -48.241059620999977, -15.794373515999951 ], [ -48.241042513999957, -15.794135512999958 ], [ -48.241048249999835, -15.793977805999873 ], [ -48.241082768999945, -15.793789063999895 ], [ -48.241162148999933, -15.793572311999981 ], [ -48.241168178999885, -15.79348205499997 ], [ -48.240933386999927, -15.792694586999914 ], [ -48.240884878999907, -15.792623670999944 ], [ -48.24080117699998, -15.792586907999976 ], [ -48.240720836999913, -15.792584141999953 ], [ -48.240618261999941, -15.792640210999878 ], [ -48.240541634999943, -15.79275182799995 ], [ -48.240513230999966, -15.792869432999908 ], [ -48.240510815999869, -15.793051860999924 ], [ -48.240510416999939, -15.793694965999919 ], [ -48.240488973999902, -15.793827838999903 ], [ -48.240441209999972, -15.793926971999952 ], [ -48.240357966999909, -15.793995328999927 ], [ -48.240239149999923, -15.794011269999885 ], [ -48.240062334999948, -15.793990342999962 ], [ -48.239904649999971, -15.793935327999918 ], [ -48.239607221999961, -15.793762030999972 ], [ -48.239273538999896, -15.793526671999928 ], [ -48.238990162999983, -15.793288419999953 ], [ -48.238804751999908, -15.793078753999907 ], [ -48.238599423999972, -15.792789078999931 ], [ -48.238478383999905, -15.792596904999925 ], [ -48.238038134999897, -15.791641091999963 ], [ -48.237939526999924, -15.791464675999975 ], [ -48.237784845999897, -15.791250111999943 ], [ -48.237664463999977, -15.791041142999973 ], [ -48.236882022999907, -15.789407009999877 ], [ -48.23681688299996, -15.789217193999889 ], [ -48.236784014999955, -15.789053770999942 ], [ -48.236787703999937, -15.788845995999907 ], [ -48.236814321999816, -15.788629286999935 ], [ -48.236923433999948, -15.788368041999888 ], [ -48.237690271999895, -15.787242215999981 ], [ -48.237790579999967, -15.787069413999916 ], [ -48.237854138999978, -15.786896759999934 ], [ -48.237871530999882, -15.786671247999834 ], [ -48.237834129999897, -15.78630496999989 ], [ -48.237777887999982, -15.786048811999933 ], [ -48.237726644999896, -15.785885461999897 ], [ -48.237555466999936, -15.785607665999919 ], [ -48.236886929999969, -15.785044548999963 ], [ -48.236750545999939, -15.784930058999919 ], [ -48.236565309999889, -15.784796153999935 ], [ -48.236444795999887, -15.784773836999932 ], [ -48.236266255999965, -15.78478945899991 ], [ -48.23608325299989, -15.784840788999816 ], [ -48.2357345019999, -15.784978092999893 ], [ -48.235516387999894, -15.78506396399996 ], [ -48.235417470999948, -15.785085833999915 ], [ -48.235355701999936, -15.785086281999952 ], [ -48.235265315999982, -15.785076796999874 ], [ -48.235176045999879, -15.785047783999971 ], [ -48.235008664999896, -15.78494289199989 ], [ -48.234878107999918, -15.784825166999951 ], [ -48.234793300999911, -15.784735896999905 ], [ -48.234735275999924, -15.784689029999868 ], [ -48.234703472999968, -15.784672849999936 ], [ -48.234669836999842, -15.784664847999977 ], [ -48.234638194999889, -15.784666154999911 ], [ -48.234608065999964, -15.784675639999932 ], [ -48.234525490999886, -15.784760445999893 ], [ -48.234375963999923, -15.784880960999942 ], [ -48.234345576999942, -15.784894465999969 ], [ -48.234321285999954, -15.784897140999931 ], [ -48.234293389999948, -15.784887655999967 ], [ -48.234175106999942, -15.784834093999962 ], [ -48.233906180999895, -15.784652764999976 ], [ -48.233712018999881, -15.78453448199997 ], [ -48.233593735999875, -15.784454138999877 ], [ -48.233479916999954, -15.784413966999921 ], [ -48.233390646999965, -15.784396112999957 ], [ -48.233283522999955, -15.784407271999896 ], [ -48.23312953199985, -15.784454138999877 ], [ -48.233020176999958, -15.784509932999981 ], [ -48.232939825999949, -15.784511832999954 ], [ -48.23286578699998, -15.784483629999841 ], [ -48.232643010999936, -15.784282293999979 ], [ -48.232497946999899, -15.784128302999932 ], [ -48.232330321999882, -15.783980516999975 ], [ -48.23228146799994, -15.78388950599998 ], [ -48.232267885999875, -15.783832461999964 ], [ -48.232247990999895, -15.783748905999971 ], [ -48.232268076999958, -15.783521267999959 ], [ -48.232318318999944, -15.783330758999909 ], [ -48.23248499399989, -15.782715145999873 ], [ -48.232677088999878, -15.78223305399996 ], [ -48.232886737999934, -15.781728242999918 ], [ -48.233043967999947, -15.781348217999948 ], [ -48.233061006999947, -15.781206585999939 ], [ -48.23302486599988, -15.781014202999927 ], [ -48.232906394999929, -15.780833476999874 ], [ -48.23253340399998, -15.780308354999875 ], [ -48.232408925999891, -15.7800993379999 ], [ -48.232337260999941, -15.779856133999942 ], [ -48.232295465999925, -15.779375192999851 ], [ -48.232283206999966, -15.779079214999967 ], [ -48.232215452999981, -15.778911638999944 ], [ -48.23215803599993, -15.778813670999909 ], [ -48.232031881999887, -15.778680519999909 ], [ -48.231962757999952, -15.778588264999939 ], [ -48.231953576999956, -15.77857228299996 ], [ -48.231932629999847, -15.778535818999956 ], [ -48.231908707999821, -15.778494670999976 ], [ -48.23189139699997, -15.778439228999957 ], [ -48.2316232579999, -15.778252907999956 ], [ -48.230729603999976, -15.777631935999921 ], [ -48.230361138999854, -15.777375900999971 ], [ -48.229004901999986, -15.776433494999878 ], [ -48.228503528999966, -15.776085106999915 ], [ -48.227978757999892, -15.77572043899994 ], [ -48.225060267999936, -15.773691956999926 ], [ -48.222498778999977, -15.771687328999974 ], [ -48.220303226999874, -15.770007754999881 ], [ -48.218586186999914, -15.768653235999977 ], [ -48.21729136099998, -15.767596692999973 ], [ -48.215988564999918, -15.766281945999822 ], [ -48.215746402999969, -15.765969980999955 ], [ -48.215504239999916, -15.765658015999975 ], [ -48.21501991599996, -15.765034086999947 ], [ -48.214448369999957, -15.764034201999891 ], [ -48.213885401999903, -15.763045366999961 ], [ -48.212449780999975, -15.760634140999969 ], [ -48.211511281999947, -15.758886059999838 ], [ -48.210532007999916, -15.75652932099996 ], [ -48.209686311999917, -15.754044045999933 ], [ -48.209196759999941, -15.75190158099997 ], [ -48.209113599999966, -15.751391091999892 ], [ -48.20884076699997, -15.749716269999965 ], [ -48.2084848209999, -15.746673960999885 ], [ -48.208173365999983, -15.743460207999874 ], [ -48.208125955999947, -15.742786688999956 ], [ -48.207995401999824, -15.740932008999948 ], [ -48.207948847999944, -15.738524395999889 ], [ -48.20797117099994, -15.736768422999887 ], [ -48.208019435999859, -15.734976807999885 ], [ -48.207992307999916, -15.733260584999925 ], [ -48.20805427199997, -15.731083842999851 ], [ -48.208073621999972, -15.730598040999894 ], [ -48.208129824999844, -15.729186991999939 ], [ -48.208092471999862, -15.727222124999969 ], [ -48.207965126999966, -15.725193875999935 ], [ -48.20786054499996, -15.722791695999945 ], [ -48.207914089999917, -15.720750228999975 ], [ -48.207944275999921, -15.719350738999935 ], [ -48.208041717999834, -15.717934124999942 ], [ -48.20836476799991, -15.716619084999934 ], [ -48.208884102999889, -15.715361179999945 ], [ -48.209749205999969, -15.714202341999908 ], [ -48.211095765999914, -15.712918199999876 ], [ -48.212288745999956, -15.71214468699992 ], [ -48.21363238999993, -15.711371174999954 ], [ -48.214143852999882, -15.71113153899995 ], [ -48.21567889399995, -15.710581161999869 ], [ -48.215761384999951, -15.710559403999923 ], [ -48.215814162999891, -15.71054384099989 ], [ -48.215855438999938, -15.710513391999939 ], [ -48.21588231599992, -15.710479314999873 ], [ -48.215911144999893, -15.710379401999944 ], [ -48.215931056999977, -15.710336767999877 ], [ -48.215951699999891, -15.710319471999981 ], [ -48.215977021999947, -15.710308694999981 ], [ -48.216105359999915, -15.710293275999959 ], [ -48.216220209999904, -15.710279475999869 ], [ -48.216310122999971, -15.710268672999973 ], [ -48.216400035999868, -15.710257869999964 ], [ -48.216440741999861, -15.71028062399995 ], [ -48.21649122599996, -15.710285437999914 ], [ -48.216566928999896, -15.710280500999943 ], [ -48.216629238999985, -15.71025393799988 ], [ -48.216669765999882, -15.71021178999996 ], [ -48.216714400999933, -15.710173849999933 ], [ -48.21679611299993, -15.710125305999895 ], [ -48.217504285999951, -15.710034069999892 ], [ -48.217791029999944, -15.710012345999871 ], [ -48.217943091999985, -15.710025379999877 ], [ -48.218069085999957, -15.709986278999963 ], [ -48.21816032299995, -15.709886352999945 ], [ -48.218208112999889, -15.709721256999956 ], [ -48.218221146999895, -15.709530093999945 ], [ -48.218290660999969, -15.709430167999926 ], [ -48.218455755999969, -15.70931286299998 ], [ -48.218573060999972, -15.709269416999973 ], [ -48.218638229999954, -15.709195558999966 ], [ -48.218729466999946, -15.709017428999971 ], [ -48.218807669999933, -15.708973982999964 ], [ -48.218920629999957, -15.70898701699997 ], [ -48.219020555999975, -15.709030462999976 ], [ -48.219107448999978, -15.709013084999981 ], [ -48.219324679999829, -15.708939225999927 ], [ -48.219494119999979, -15.708943570999907 ], [ -48.219611423999936, -15.708904468999947 ], [ -48.22021098099998, -15.708743718999813 ], [ -48.220562894999944, -15.708678548999899 ], [ -48.220727989999943, -15.708682893999935 ], [ -48.220945220999965, -15.708730684999978 ], [ -48.221097282999949, -15.70882192199997 ], [ -48.221218931999886, -15.708956604999912 ], [ -48.22128844599996, -15.709000050999975 ], [ -48.221340580999822, -15.708995705999939 ], [ -48.221379682999952, -15.708956604999912 ], [ -48.221462230999919, -15.708787164999933 ], [ -48.221683805999874, -15.708496075999903 ], [ -48.221853245999966, -15.708252776999871 ], [ -48.221961860999954, -15.708174573999884 ], [ -48.222040063999941, -15.708170228999961 ], [ -48.222113922999938, -15.708204985999885 ], [ -48.222161713999981, -15.708309256999939 ], [ -48.222239916999968, -15.708522142999925 ], [ -48.22230074099997, -15.708543865999957 ], [ -48.222378943999956, -15.70850910899992 ], [ -48.222418045999973, -15.708413527999937 ], [ -48.22249190399998, -15.708161539999935 ], [ -48.222583140999973, -15.708092025999974 ], [ -48.222665688999939, -15.708092025999974 ], [ -48.222739547999936, -15.708139816999847 ], [ -48.222822094999913, -15.708287533999965 ], [ -48.222926365999911, -15.708387459999926 ], [ -48.223043670999971, -15.708487385999831 ], [ -48.223082771999884, -15.708565588999818 ], [ -48.223121873999958, -15.708752407999896 ], [ -48.223139251999953, -15.708926191999979 ], [ -48.223195731999908, -15.708969638999918 ], [ -48.223343448999969, -15.708956604999912 ], [ -48.223525922999897, -15.708900124999957 ], [ -48.223612814999967, -15.708926191999979 ], [ -48.223760531999858, -15.709039151999832 ], [ -48.223899559999893, -15.709204247999878 ], [ -48.223929971999951, -15.709299828999974 ], [ -48.223938661999853, -15.709447545999979 ], [ -48.223956039999962, -15.709512715999949 ], [ -48.224029897999912, -15.709556161999956 ], [ -48.224221061999856, -15.709603952999942 ], [ -48.224426677999986, -15.709709198999917 ], [ -48.224499116999937, -15.709747324999967 ], [ -48.224559941999985, -15.709747324999967 ], [ -48.224681590999921, -15.709664776999887 ], [ -48.224807584999894, -15.709573539999894 ], [ -48.224981368999977, -15.70954312799995 ], [ -48.225085639999975, -15.709564850999982 ], [ -48.225159498999972, -15.709625675999973 ], [ -48.225220322999917, -15.709712567999929 ], [ -48.225272458999882, -15.709734290999961 ], [ -48.225359350999895, -15.709690844999841 ], [ -48.225420175999943, -15.709577884999817 ], [ -48.225563547999911, -15.709477958999969 ], [ -48.225715608999963, -15.709451890999958 ], [ -48.225832913999909, -15.709412788999941 ], [ -48.225941528999897, -15.709373687999971 ], [ -48.226063178999937, -15.709386721999977 ], [ -48.226263030999974, -15.709438856999952 ], [ -48.226380335999977, -15.709469268999953 ], [ -48.226419436999947, -15.709434512999962 ], [ -48.226449848999948, -15.709317207999902 ], [ -48.226449848999948, -15.709147767999923 ], [ -48.226488950999908, -15.70909997699988 ], [ -48.226632322999876, -15.709082598999942 ], [ -48.226840864999986, -15.709078253999962 ], [ -48.226919067999972, -15.709034807999899 ], [ -48.227001615999882, -15.70893488199988 ], [ -48.22706678499992, -15.708913158999962 ], [ -48.227149332999943, -15.708960948999845 ], [ -48.227253602999951, -15.708991361999949 ], [ -48.227396975999909, -15.708965293999938 ], [ -48.227509935999933, -15.708895779999978 ], [ -48.22754469299997, -15.708778475999907 ], [ -48.227522969999939, -15.708665515999826 ], [ -48.227462144999947, -15.708609035999928 ], [ -48.227362218999986, -15.70857427899989 ], [ -48.227340495999954, -15.708522142999925 ], [ -48.227357873999949, -15.708417871999927 ], [ -48.227414353999905, -15.708361391999972 ], [ -48.227509935999933, -15.708348358999956 ], [ -48.22758813899992, -15.7083787709999 ], [ -48.227653307999958, -15.708456973999887 ], [ -48.227692409999918, -15.708569933999911 ], [ -48.227746716999889, -15.708717650999972 ], [ -48.22777820999994, -15.70878618699993 ], [ -48.227870538999923, -15.708854505999909 ], [ -48.227946569999972, -15.708891435999931 ], [ -48.228120353999884, -15.708928364999963 ], [ -48.228205073999959, -15.708971810999856 ], [ -48.228439683999852, -15.709210764999909 ], [ -48.228574366999965, -15.709330241999908 ], [ -48.22870904999985, -15.709378032999894 ], [ -48.229104409999877, -15.709441028999947 ], [ -48.229462840999929, -15.709454062999953 ], [ -48.229571455999974, -15.709480130999964 ], [ -48.229675726999972, -15.709567022999977 ], [ -48.229758273999948, -15.709601779999844 ], [ -48.229892957999937, -15.709567022999977 ], [ -48.230062397999916, -15.709514887999944 ], [ -48.230149289999986, -15.709519232999924 ], [ -48.230257904999917, -15.709571367999899 ], [ -48.230437020999886, -15.709759224999971 ], [ -48.230507720999981, -15.709803804999922 ], [ -48.230532657999902, -15.709806026999956 ], [ -48.230557683999962, -15.709797287999947 ], [ -48.230603096999971, -15.709755658999939 ], [ -48.230640230999938, -15.709710395999934 ], [ -48.230794464999974, -15.70952792199995 ], [ -48.23100735099996, -15.709367170999883 ], [ -48.231252821999931, -15.709252038999921 ], [ -48.231409227999961, -15.709189041999878 ], [ -48.231487431999938, -15.709197730999961 ], [ -48.231541738999908, -15.70922597099991 ], [ -48.231583012999977, -15.709282450999979 ], [ -48.231580840999982, -15.709338930999934 ], [ -48.231543911999836, -15.709414961999926 ], [ -48.231420089999972, -15.709580056999982 ], [ -48.231372298999929, -15.709651742999881 ], [ -48.231372298999929, -15.709695188999945 ], [ -48.231433123999977, -15.709736462999956 ], [ -48.231530877999887, -15.709740807999879 ], [ -48.231724212999836, -15.70967998299983 ], [ -48.231965338999885, -15.709575712999879 ], [ -48.23204571499997, -15.709582228999977 ], [ -48.232132606999983, -15.709577884999817 ], [ -48.232358526999917, -15.70954312799995 ], [ -48.232562723999933, -15.709497508999902 ], [ -48.232623548999982, -15.70946057999987 ], [ -48.232675683999958, -15.709391065999966 ], [ -48.232675683999958, -15.709334585999954 ], [ -48.232656132999921, -15.709269416999973 ], [ -48.232620018999967, -15.70917682299995 ], [ -48.232620018999967, -15.70912685899998 ], [ -48.232693876999861, -15.709022588999972 ], [ -48.232943231999968, -15.708829997999942 ], [ -48.23296107099992, -15.708816218999857 ], [ -48.23318047399988, -15.708709775999921 ], [ -48.233229996999967, -15.708702546999973 ], [ -48.233279518999893, -15.708695317999968 ], [ -48.233371868999825, -15.708713551999892 ], [ -48.23346745099991, -15.708702690999871 ], [ -48.233544437999967, -15.70866400999995 ], [ -48.23362796899994, -15.708588126999814 ], [ -48.233708344999968, -15.708533818999854 ], [ -48.23376047999983, -15.708531646999916 ], [ -48.233901679999974, -15.708579437999958 ], [ -48.234021156999972, -15.708692397999982 ], [ -48.234073292999938, -15.708705431999931 ], [ -48.234164528999941, -15.708690225999931 ], [ -48.234284005999882, -15.708638089999965 ], [ -48.234336141999961, -15.708629400999939 ], [ -48.234433895999928, -15.708661985999981 ], [ -48.234542510999972, -15.708720637999932 ], [ -48.234614196999928, -15.708720637999932 ], [ -48.23469022799992, -15.708672846999889 ], [ -48.234774947999938, -15.708520785999838 ], [ -48.234859667999899, -15.708297037999955 ], [ -48.234900941999967, -15.708216661999813 ], [ -48.234968282999944, -15.708199283999875 ], [ -48.235020418999966, -15.70821231799988 ], [ -48.235111655999958, -15.708340483999905 ], [ -48.235241993999921, -15.70857292099987 ], [ -48.235304990999964, -15.708629400999939 ], [ -48.235450535999973, -15.708679363999977 ], [ -48.235602596999911, -15.708753221999871 ], [ -48.235793759999922, -15.70880535799995 ], [ -48.236078332999853, -15.708824908999929 ], [ -48.236260806999951, -15.708803185999955 ], [ -48.236354215999938, -15.70873801599987 ], [ -48.236381054999924, -15.708701722999876 ], [ -48.236545378999949, -15.708479511999883 ], [ -48.236782160999894, -15.70815800999992 ], [ -48.236964633999889, -15.707947295999816 ], [ -48.23710148999993, -15.707847369999968 ], [ -48.237249206999934, -15.707827818999874 ], [ -48.237353476999942, -15.707860403999973 ], [ -48.237425163999887, -15.707951640999909 ], [ -48.237440369999945, -15.708018981999885 ], [ -48.237468609999951, -15.708238384999902 ], [ -48.237492504999977, -15.708347000999936 ], [ -48.237553329999855, -15.708453443999929 ], [ -48.237627187999919, -15.708516440999915 ], [ -48.23768149599988, -15.708512095999936 ], [ -48.237729286999922, -15.708472994999966 ], [ -48.237742320999928, -15.708362206999936 ], [ -48.237716252999917, -15.708251418999907 ], [ -48.237724941999943, -15.708227523999824 ], [ -48.237774904999981, -15.708203628999968 ], [ -48.237816178999935, -15.708207972999958 ], [ -48.23791176099985, -15.708251418999907 ], [ -48.237970412999971, -15.708240557999943 ], [ -48.238039926999875, -15.70820145599987 ], [ -48.238139852999893, -15.70820145599987 ], [ -48.238220227999875, -15.708207972999958 ], [ -48.238268018999918, -15.708181904999947 ], [ -48.238333187999899, -15.708112391999975 ], [ -48.238352738999936, -15.707992914999863 ], [ -48.238387495999973, -15.707888643999922 ], [ -48.238502627999878, -15.70783650899989 ], [ -48.238667723999868, -15.707849541999963 ], [ -48.238778510999964, -15.707821301999957 ], [ -48.238934917999927, -15.707760477999898 ], [ -48.239100012999927, -15.707638828999961 ], [ -48.239195594999956, -15.70749545599989 ], [ -48.239252074999968, -15.7072999479999 ], [ -48.23931289899997, -15.707178298999963 ], [ -48.239391101999956, -15.707113129999982 ], [ -48.239558133999822, -15.707025437999903 ], [ -48.239938523999854, -15.706713424999975 ], [ -48.240112308999926, -15.706652600999973 ], [ -48.240407741999945, -15.706504883999912 ], [ -48.240577181999925, -15.706361510999955 ], [ -48.240764000999945, -15.706144280999922 ], [ -48.241063778999944, -15.705748920999895 ], [ -48.241224529999954, -15.705553412999961 ], [ -48.241276665999976, -15.705414384999926 ], [ -48.241250597999965, -15.705266667999979 ], [ -48.241163705999952, -15.705162396999981 ], [ -48.24111156999993, -15.705071160999978 ], [ -48.24111156999993, -15.705005990999894 ], [ -48.241189772999974, -15.704906064999875 ], [ -48.241333145999874, -15.704827861999888 ], [ -48.24142872699997, -15.704714901999978 ], [ -48.24143307199995, -15.704628009999965 ], [ -48.241385280999907, -15.704528083999946 ], [ -48.241263631999971, -15.704410778999943 ], [ -48.24123756399996, -15.704354298999874 ], [ -48.241233218999866, -15.704250027999876 ], [ -48.241285354999889, -15.704141412999945 ], [ -48.241328800999952, -15.703989350999962 ], [ -48.241281009999909, -15.70383728999991 ], [ -48.241224529999954, -15.703759086999924 ], [ -48.24107246899996, -15.703680882999947 ], [ -48.240872615999933, -15.703659159999916 ], [ -48.24071186599997, -15.70359833599997 ], [ -48.24058587199994, -15.703485375999946 ], [ -48.240520701999969, -15.703342002999875 ], [ -48.240420775999951, -15.703150839999978 ], [ -48.240333883999881, -15.702972710999973 ], [ -48.240316504999953, -15.702864095999871 ], [ -48.240342572999964, -15.702755479999951 ], [ -48.240416431999961, -15.702655553999932 ], [ -48.240512012999943, -15.702538249999975 ], [ -48.24054242599982, -15.702429633999884 ], [ -48.240551114999903, -15.70219936999996 ], [ -48.240512012999943, -15.701882212999976 ], [ -48.240399052999919, -15.701534642999832 ], [ -48.240260024999884, -15.701217485999962 ], [ -48.240181821999897, -15.70112190499998 ], [ -48.240125341999942, -15.701091491999932 ], [ -48.240064517999883, -15.701104525999938 ], [ -48.24002976099996, -15.701139282999975 ], [ -48.239999348999902, -15.701150144999815 ], [ -48.239977624999881, -15.701141455999959 ], [ -48.239947212999937, -15.701080630999911 ], [ -48.239929834999941, -15.700985048999939 ], [ -48.239947212999937, -15.700885122999978 ], [ -48.239995003999979, -15.700785196999902 ], [ -48.240021071999934, -15.700665719999961 ], [ -48.24002976099996, -15.700435454999933 ], [ -48.239988486999891, -15.700263842999846 ], [ -48.239938523999854, -15.700187811999967 ], [ -48.23990811199991, -15.700105264999934 ], [ -48.23990376699993, -15.700009682999962 ], [ -48.239951557999973, -15.699890205999907 ], [ -48.239995003999979, -15.699751177999872 ], [ -48.239997175999974, -15.699646907999977 ], [ -48.239960246999942, -15.699575221999964 ], [ -48.239945040999942, -15.699518741999896 ], [ -48.239949384999932, -15.699414470999898 ], [ -48.239988486999891, -15.699312371999895 ], [ -48.240038449999929, -15.699264581999955 ], [ -48.240068861999873, -15.699195067999938 ], [ -48.240064517999883, -15.699114691999966 ], [ -48.240008037999985, -15.699073417999955 ], [ -48.23992331799991, -15.699075590999939 ], [ -48.239851631999954, -15.699114691999966 ], [ -48.239836424999908, -15.699169 ], [ -48.239801668999974, -15.699192894999953 ], [ -48.239756049999926, -15.699171171999922 ], [ -48.239719120999894, -15.699116864999951 ], [ -48.239686535999965, -15.699027799999953 ], [ -48.239636572999984, -15.698990870999921 ], [ -48.239540991999888, -15.698927873999878 ], [ -48.239486683999928, -15.698854014999881 ], [ -48.239469304999943, -15.698801879999849 ], [ -48.239497544999949, -15.698754088999976 ], [ -48.239586609999947, -15.698736710999981 ], [ -48.239617021999891, -15.698699780999902 ], [ -48.239632227999891, -15.698634611999864 ], [ -48.239601815999947, -15.698541202999934 ], [ -48.239519267999981, -15.698436931999936 ], [ -48.239506234999965, -15.698326144999896 ], [ -48.239527957999883, -15.69804808899994 ], [ -48.239510578999955, -15.697839547999877 ], [ -48.239397618999931, -15.697596248999901 ], [ -48.239258591999885, -15.697387706999905 ], [ -48.239180387999909, -15.697244334999937 ], [ -48.239145631999975, -15.69703579399993 ], [ -48.239197766999951, -15.69687504299992 ], [ -48.239319415999944, -15.696718636999947 ], [ -48.239484511999933, -15.69655788599988 ], [ -48.239593126999978, -15.696358033999957 ], [ -48.239649606999933, -15.69608432299998 ], [ -48.239662640999939, -15.695788888999971 ], [ -48.239701741999966, -15.695584691999954 ], [ -48.239814701999933, -15.695402217999913 ], [ -48.24004496699996, -15.695263189999878 ], [ -48.240179649999902, -15.695163263999973 ], [ -48.240288264999947, -15.694959066999957 ], [ -48.240402299999857, -15.694785164999928 ], [ -48.240462049999906, -15.694694045999938 ], [ -48.240505177999921, -15.694660158999909 ], [ -48.240575812999907, -15.694604659999925 ], [ -48.24076617299994, -15.694455091999885 ], [ -48.241092018999893, -15.694242205999956 ], [ -48.241357040999958, -15.694064075999961 ], [ -48.241430898999965, -15.693964149999942 ], [ -48.241474345999904, -15.693825122999897 ], [ -48.241478689999838, -15.693564445999925 ], [ -48.241409175999934, -15.693438451999896 ], [ -48.24129187199992, -15.693351558999893 ], [ -48.241135465999946, -15.693329835999975 ], [ -48.240957335999951, -15.693334180999955 ], [ -48.240853065999943, -15.693301595999856 ], [ -48.240779206999946, -15.693234254999879 ], [ -48.24071186599997, -15.693084365999823 ], [ -48.240681452999866, -15.692906235999828 ], [ -48.240677108999932, -15.692704211999967 ], [ -48.240664074999927, -15.692445706999933 ], [ -48.240677108999932, -15.692291472999955 ], [ -48.240740105999919, -15.692078586999912 ], [ -48.240768571999979, -15.69195944799992 ], [ -48.240797038999915, -15.691840308999929 ], [ -48.24090198499988, -15.691532181999889 ], [ -48.240929896999887, -15.691452732999892 ], [ -48.240978507999841, -15.691342421999934 ], [ -48.24102918199992, -15.691227431999835 ], [ -48.241039883999917, -15.691203146999953 ], [ -48.241200634999984, -15.691020672999969 ], [ -48.241265803999966, -15.690916401999857 ], [ -48.241274492999878, -15.690825164999922 ], [ -48.241235391999965, -15.690694826999902 ], [ -48.241218012999923, -15.69056014399996 ], [ -48.24125276999996, -15.690399392999893 ], [ -48.241244080999877, -15.690277743999957 ], [ -48.241191945999901, -15.690121337999869 ], [ -48.241174566999973, -15.68995189799989 ], [ -48.241196289999891, -15.689769423999905 ], [ -48.24124842599997, -15.689508746999934 ], [ -48.241231046999928, -15.68935668499995 ], [ -48.24116587799989, -15.689195933999883 ], [ -48.241152843999942, -15.689096007999979 ], [ -48.24120932399984, -15.688922223999953 ], [ -48.241222357999959, -15.688800573999856 ], [ -48.24117022199988, -15.688687613999832 ], [ -48.241052917999866, -15.688583343999824 ], [ -48.241026849999912, -15.688483416999816 ], [ -48.241065951999985, -15.688327010999842 ], [ -48.241178911999896, -15.688218395999911 ], [ -48.241322283999864, -15.688057644999844 ], [ -48.241335317999983, -15.687994647999972 ], [ -48.241311422999956, -15.687899066999933 ], [ -48.24123756399996, -15.687849102999905 ], [ -48.241194117999896, -15.687786106999852 ], [ -48.241191945999901, -15.687710075999973 ], [ -48.241213668999933, -15.687625355999955 ], [ -48.241189772999974, -15.687566702999902 ], [ -48.241137637999941, -15.687473293999972 ], [ -48.241135465999946, -15.687416813999846 ], [ -48.24117022199988, -15.68725171899996 ], [ -48.241218012999923, -15.687181780999936 ], [ -48.241259286999878, -15.687121379999894 ], [ -48.241309249999915, -15.68694976799992 ], [ -48.241330972999947, -15.686706468999944 ], [ -48.241265803999966, -15.686537028999965 ], [ -48.241096363999986, -15.686367588999872 ], [ -48.241005126999823, -15.686211182999898 ], [ -48.240909545999898, -15.685980918999974 ], [ -48.240874788999974, -15.685759342999916 ], [ -48.240844375999927, -15.685615970999947 ], [ -48.240792240999951, -15.685533422999981 ], [ -48.240683625999964, -15.685363982999888 ], [ -48.24057066599994, -15.685072893999973 ], [ -48.240492461999963, -15.684794838999949 ], [ -48.240370812999913, -15.684382099999937 ], [ -48.240257852999889, -15.684034530999952 ], [ -48.240149237999958, -15.683825988999899 ], [ -48.239971108999953, -15.683565311999928 ], [ -48.239914628999941, -15.683404560999975 ], [ -48.239884215999894, -15.683191674999932 ], [ -48.239849458999856, -15.682939687999976 ], [ -48.239762566999957, -15.682687699999974 ], [ -48.239623538999979, -15.68244874599992 ], [ -48.239558369999941, -15.682261927999832 ], [ -48.239549680999914, -15.682083797999837 ], [ -48.239584437999952, -15.681914357999915 ], [ -48.239671329999965, -15.681636302999948 ], [ -48.239693052999883, -15.681362591999914 ], [ -48.239623538999979, -15.681162739999934 ], [ -48.23952361299996, -15.68097157699998 ], [ -48.239410652999879, -15.680741311999952 ], [ -48.239380240999935, -15.680580560999886 ], [ -48.239445409999973, -15.680372019999936 ], [ -48.239497544999949, -15.680159132999904 ], [ -48.23952361299996, -15.67988976699985 ], [ -48.239619194999875, -15.67964212399994 ], [ -48.239627883999901, -15.679520474999947 ], [ -48.239584437999952, -15.67944661599995 ], [ -48.239462787999912, -15.679424892999918 ], [ -48.239319415999944, -15.679490062999889 ], [ -48.23920211199993, -15.679537852999943 ], [ -48.239102184999922, -15.679503095999905 ], [ -48.238980535999985, -15.679394480999974 ], [ -48.238937089999865, -15.679229385999918 ], [ -48.239019637999945, -15.679012154999953 ], [ -48.239119563999964, -15.678894849999949 ], [ -48.239141286999882, -15.678799268999967 ], [ -48.239097840999932, -15.678729754999949 ], [ -48.239045704999967, -15.67872106599998 ], [ -48.238867575999961, -15.678694997999912 ], [ -48.238763304999964, -15.678625483999951 ], [ -48.238685101999977, -15.678482111999926 ], [ -48.238632966999944, -15.678277914999967 ], [ -48.238550418999921, -15.677991169999871 ], [ -48.23850402599993, -15.677725463999934 ], [ -48.238454920999914, -15.677571356999977 ], [ -48.238433114999907, -15.677504572999851 ], [ -48.238400346999924, -15.67745790399988 ], [ -48.238387375999935, -15.677439429999879 ], [ -48.238361427999905, -15.677402474999838 ], [ -48.238350566999827, -15.677363372999878 ], [ -48.23834404999991, -15.677248240999972 ], [ -48.238333187999899, -15.677020148999929 ], [ -48.238313637999966, -15.676881120999951 ], [ -48.238270702999955, -15.676771206999831 ], [ -48.238259329999892, -15.676742092999973 ], [ -48.238187643999936, -15.676681268999914 ], [ -48.238039926999875, -15.676590031999922 ], [ -48.237963895999883, -15.67649444999995 ], [ -48.237887864999891, -15.67633369899994 ], [ -48.237822695999853, -15.676114295999923 ], [ -48.237753181999949, -15.675836240999899 ], [ -48.237761870999975, -15.675584252999954 ], [ -48.237809661999904, -15.67531054199992 ], [ -48.237831384999936, -15.675080277999882 ], [ -48.237787938999986, -15.674876080999979 ], [ -48.237735803999954, -15.674780498999951 ], [ -48.237640221999925, -15.674654504999921 ], [ -48.237614153999914, -15.674550233999923 ], [ -48.237575052999944, -15.674359070999913 ], [ -48.237527261999901, -15.674246110999889 ], [ -48.237492504999977, -15.674085360999982 ], [ -48.237449058999914, -15.673811649999891 ], [ -48.237396923999881, -15.673568350999858 ], [ -48.237327409999978, -15.673268572999916 ], [ -48.23729265299994, -15.672999206999918 ], [ -48.237218793999887, -15.672821076999924 ], [ -48.237131901999874, -15.67270377299991 ], [ -48.236979840999936, -15.672586467999963 ], [ -48.236866880999969, -15.672495230999971 ], [ -48.236793021999915, -15.672364892999951 ], [ -48.236766953999961, -15.672212830999968 ], [ -48.236753920999945, -15.672026012999879 ], [ -48.236688750999974, -15.671926085999871 ], [ -48.236623581999936, -15.671800092999945 ], [ -48.236549723999929, -15.671630652999852 ], [ -48.236506276999819, -15.671452522999857 ], [ -48.236475864999875, -15.671222258999876 ], [ -48.236454141999957, -15.671026750999886 ], [ -48.236393316999965, -15.670909445999939 ], [ -48.23625863399991, -15.670770418999894 ], [ -48.236119606999978, -15.67060966799994 ], [ -48.236024024999949, -15.670448916999931 ], [ -48.235971889999917, -15.670227341999976 ], [ -48.235941476999983, -15.670010110999954 ], [ -48.235945821999962, -15.669840670999974 ], [ -48.235902375999956, -15.6697711569999 ], [ -48.235750313999972, -15.669658196999876 ], [ -48.235611286999927, -15.669610405999947 ], [ -48.235502670999892, -15.669519168999955 ], [ -48.235441846999947, -15.669380141999966 ], [ -48.235433156999932, -15.669215045999977 ], [ -48.235454879999963, -15.668941334999886 ], [ -48.235511359999919, -15.66865024599997 ], [ -48.235489636999887, -15.668446048999954 ], [ -48.235437501999854, -15.66824619699986 ], [ -48.235311507999882, -15.668055033999963 ], [ -48.235111655999958, -15.667820424999888 ], [ -48.234933525999963, -15.667655328999899 ], [ -48.234785809999948, -15.667429408999965 ], [ -48.234668504999888, -15.667151353999941 ], [ -48.234616369999856, -15.666868953999938 ], [ -48.23465112599996, -15.666512694999938 ], [ -48.234681538999894, -15.666212916999939 ], [ -48.234629402999872, -15.665934860999926 ], [ -48.234529476999967, -15.665578602999858 ], [ -48.234486030999904, -15.665239722999956 ], [ -48.234529476999967, -15.664944288999948 ], [ -48.234529476999967, -15.664605408999876 ], [ -48.234459962999949, -15.6643621099999 ], [ -48.234442584999954, -15.664066675999891 ], [ -48.234486030999904, -15.663701728999968 ], [ -48.234581612999932, -15.663302023999961 ], [ -48.234738018999963, -15.662997900999926 ], [ -48.234946559999912, -15.66262426399993 ], [ -48.235102966999875, -15.662155045999896 ], [ -48.235198547999971, -15.661737961999961 ], [ -48.235224615999982, -15.661320878999902 ], [ -48.235189858999945, -15.660973309999918 ], [ -48.235024762999899, -15.660434577999922 ], [ -48.234877045999951, -15.660078318999865 ], [ -48.234864595999966, -15.660037074999934 ], [ -48.234738018999963, -15.65961778999997 ], [ -48.234659815999976, -15.65918332799987 ], [ -48.234641912999905, -15.659047781999959 ], [ -48.234598990999928, -15.658722798999975 ], [ -48.234486030999904, -15.658470810999972 ], [ -48.234294867999893, -15.658131930999843 ], [ -48.234155839999858, -15.657827807999979 ], [ -48.234060258999932, -15.657488927999907 ], [ -48.234051568999917, -15.657158736999975 ], [ -48.234181907999982, -15.656706896999879 ], [ -48.234399138999891, -15.65641146299987 ], [ -48.234711950999952, -15.656150785999955 ], [ -48.234790153999938, -15.656003069999826 ], [ -48.234998695999934, -15.65561205399996 ], [ -48.235059519999936, -15.65516890299989 ], [ -48.235146412999939, -15.65492560499996 ], [ -48.235302818999969, -15.654630170999894 ], [ -48.23553742799993, -15.654273911999951 ], [ -48.23572859099994, -15.653813382999942 ], [ -48.236032713999975, -15.65323989399991 ], [ -48.236171741999954, -15.652822810999965 ], [ -48.23624994499994, -15.652440484999943 ], [ -48.236232566999888, -15.652032090999967 ], [ -48.236293390999947, -15.651658453999971 ], [ -48.236423729999899, -15.651363019999962 ], [ -48.236493243999973, -15.650937246999888 ], [ -48.236475864999875, -15.650572299999965 ], [ -48.236328147999984, -15.650077013999976 ], [ -48.236119606999978, -15.649694686999851 ], [ -48.235806793999927, -15.649303671999917 ], [ -48.235580873999879, -15.649025616999893 ], [ -48.235467913999969, -15.648599843999932 ], [ -48.235302818999969, -15.647956840999939 ], [ -48.235198547999971, -15.647270391999882 ], [ -48.235129033999897, -15.646505738999963 ], [ -48.235068209999952, -15.645784532999869 ], [ -48.234981316999949, -15.64476789299988 ], [ -48.234937870999886, -15.644081443999937 ], [ -48.234733673999983, -15.643460163999862 ], [ -48.234442584999954, -15.642990944999951 ], [ -48.234373070999879, -15.642782403999888 ], [ -48.234333969999852, -15.642478279999978 ], [ -48.234273144999975, -15.642191535999871 ], [ -48.234160184999951, -15.641909135999867 ], [ -48.233960332999914, -15.64172666199994 ], [ -48.233643175999873, -15.641522464999923 ], [ -48.233395531999918, -15.641244409999956 ], [ -48.233230436999918, -15.640983732999928 ], [ -48.232987138999874, -15.640783879999844 ], [ -48.232648258999973, -15.640618784999958 ], [ -48.232465784999818, -15.640427621999947 ], [ -48.232170350999979, -15.640019227999971 ], [ -48.231866227999944, -15.639541319999978 ], [ -48.231457833999912, -15.639072101999943 ], [ -48.230832208999914, -15.638576814999908 ], [ -48.230258719999881, -15.638168421999978 ], [ -48.229789500999971, -15.637777405999941 ], [ -48.229520134999973, -15.637464593999937 ], [ -48.229363728999942, -15.637117024999952 ], [ -48.229302903999951, -15.636613048999891 ], [ -48.22934635099989, -15.635952667999959 ], [ -48.229328971999962, -15.635448691999898 ], [ -48.229216011999938, -15.635066365999819 ], [ -48.228903199999934, -15.634353848999922 ], [ -48.228616454999894, -15.63392807699995 ], [ -48.22822543999996, -15.633623952999926 ], [ -48.227973451999901, -15.633554439999955 ], [ -48.227790977999916, -15.633545749999939 ], [ -48.227617192999901, -15.633450168999957 ], [ -48.227478165999969, -15.633354586999928 ], [ -48.227252245999921, -15.63329376299987 ], [ -48.227121906999969, -15.63329376299987 ], [ -48.226982879999923, -15.633215559999883 ], [ -48.226869919999899, -15.633067842999935 ], [ -48.226730891999864, -15.632876679999924 ], [ -48.226626620999923, -15.632624691999922 ], [ -48.226644, -15.632242365999844 ], [ -48.226617931999954, -15.631955620999918 ], [ -48.226522349999925, -15.631799214999944 ], [ -48.226374632999978, -15.63156460599987 ], [ -48.226270362999969, -15.63128654999997 ], [ -48.22621822699989, -15.630982426999935 ], [ -48.226122645999965, -15.630782574999955 ], [ -48.225879346999932, -15.630400248999933 ], [ -48.225741435999964, -15.630281644999968 ], [ -48.225444885999934, -15.630026611999938 ], [ -48.225296546999914, -15.629909501999975 ], [ -48.224949598999899, -15.629635595999957 ], [ -48.224358731999985, -15.629218512999955 ], [ -48.223455050999974, -15.628818807999892 ], [ -48.223020589999919, -15.628697158999955 ], [ -48.222638263999897, -15.628645023999979 ], [ -48.222229869999865, -15.628549441999894 ], [ -48.22176934099997, -15.628332210999872 ], [ -48.221282743999836, -15.628062844999874 ], [ -48.220865659999959, -15.627706586999977 ], [ -48.220500712999979, -15.627289503999918 ], [ -48.220283481999843, -15.626785527999971 ], [ -48.220014115999959, -15.626351066999916 ], [ -48.21979688499988, -15.625803644999905 ], [ -48.219414558999972, -15.62489996499994 ], [ -48.218927961999952, -15.624100555999973 ], [ -48.218215444999885, -15.623335902999941 ], [ -48.217381278999881, -15.62293619899998 ], [ -48.21642546299995, -15.622797170999945 ], [ -48.215330619999918, -15.622901441999943 ], [ -48.2142183979999, -15.622988333999956 ], [ -48.213558016999912, -15.622918819999882 ], [ -48.212706471999979, -15.622675521999895 ], [ -48.212028711999949, -15.622519114999932 ], [ -48.211298815999953, -15.622519114999932 ], [ -48.210736012999917, -15.622673610999925 ], [ -48.210412514999973, -15.622762413999908 ], [ -48.210145021999949, -15.622892545999946 ], [ -48.20976951199998, -15.623075225999855 ], [ -48.209500144999879, -15.623188185999936 ], [ -48.209074372999908, -15.623283767999965 ], [ -48.208622532999925, -15.62330114599996 ], [ -48.208179381999855, -15.623249010999928 ], [ -48.207762298999967, -15.623179496999967 ], [ -48.207293080999875, -15.623196874999962 ], [ -48.206928132999963, -15.623240321999901 ], [ -48.20647629299998, -15.623388038999963 ], [ -48.206085276999943, -15.623553133999962 ], [ -48.205755086999886, -15.623761675999958 ], [ -48.205424895999954, -15.62390939199986 ], [ -48.204868784999917, -15.624039730999982 ], [ -48.204243159999976, -15.624213515999884 ], [ -48.203634913999963, -15.624317785999892 ], [ -48.20326996599988, -15.62430909699998 ], [ -48.203017978999924, -15.624213515999884 ], [ -48.202583516999937, -15.623926770999958 ], [ -48.202503521999972, -15.623824379999917 ], [ -48.202319451999927, -15.623628850999921 ], [ -48.202310819999923, -15.623619111999915 ], [ -48.202244636999978, -15.623544444999936 ], [ -48.202114298999959, -15.623409761999824 ], [ -48.201983959999893, -15.623275078999939 ], [ -48.201731971999834, -15.623118671999976 ], [ -48.201410470999974, -15.622953576999976 ], [ -48.201045522999948, -15.622849305999978 ], [ -48.20057630499997, -15.622849305999978 ], [ -48.199811651999937, -15.622892751999927 ], [ -48.199739731999841, -15.622911390999889 ], [ -48.199729832999822, -15.622913955999934 ], [ -48.199737609999943, -15.616727323999896 ], [ -48.199739961999967, -15.614856191999877 ], [ -48.199758933999931, -15.612173402999929 ], [ -48.19978263899992, -15.609742873999949 ], [ -48.199805616999981, -15.607386825999924 ], [ -48.199823264999907, -15.605564563999963 ], [ -48.199830360999954, -15.604831846999957 ], [ -48.19983261699997, -15.603536885999972 ], [ -48.199849338999854, -15.593935246999933 ], [ -48.199982254999838, -15.517618357999936 ], [ -48.200004983999918, -15.504568246999952 ], [ -48.200008971999978, -15.502278249999904 ], [ -48.199610927999913, -15.502278122999883 ], [ -48.141582241999913, -15.502259702999879 ], [ -48.074386052999898, -15.502238372999898 ], [ -48.055778218999933, -15.502232465999953 ], [ -48.0543338089999, -15.502232007999908 ], [ -48.054303490999985, -15.5022319979999 ], [ -48.054109936999851, -15.502231935999816 ], [ -48.051869219999901, -15.502231224999946 ], [ -48.034835390999945, -15.502225817999943 ], [ -47.976249785999983, -15.502207220999878 ], [ -47.853977780999969, -15.502168407999875 ], [ -47.830274006999957, -15.502160899999978 ], [ -47.772143601999971, -15.502142430999868 ], [ -47.770475775999842, -15.502141901999892 ], [ -47.688407961999985, -15.502115850999871 ], [ -47.661766378999857, -15.502107393999893 ], [ -47.660595385999954, -15.502107021999961 ], [ -47.616852637999898, -15.502093136999974 ], [ -47.61439317199995, -15.502092355999878 ], [ -47.611685879999982, -15.502091496999981 ], [ -47.607783832999985, -15.502090257999896 ], [ -47.595030031999954, -15.502086209999902 ], [ -47.588711941999975, -15.502084203999914 ], [ -47.58801908199996, -15.50208398399991 ], [ -47.579101796999907, -15.502081153999939 ], [ -47.576581451999914, -15.502077757999928 ], [ -47.563250863999883, -15.502059796999959 ], [ -47.532479993999971, -15.502018338999903 ], [ -47.524955042999977, -15.501992421999887 ], [ -47.520816451999906, -15.501978167999937 ], [ -47.511793067999918, -15.501947089999874 ], [ -47.496033803999921, -15.501925624999956 ], [ -47.492748242999937, -15.501921148999941 ], [ -47.478198370999905, -15.501901330999885 ], [ -47.418406916999913, -15.501819890999911 ], [ -47.418406916999913, -15.545657098999982 ], [ -47.418287415999885, -15.545739052999977 ], [ -47.418087407999963, -15.545876220999958 ], [ -47.417786649999925, -15.546259040999928 ], [ -47.417485100999954, -15.546508876999837 ], [ -47.417342060999829, -15.546548839999957 ], [ -47.417199019999885, -15.546588802999963 ], [ -47.417018218999942, -15.546587172999921 ], [ -47.416714968999884, -15.546553458999881 ], [ -47.416412228999889, -15.546483603999945 ], [ -47.416231301999915, -15.546471133999887 ], [ -47.4161419859999, -15.546477739999943 ], [ -47.416043259999924, -15.546485042999905 ], [ -47.415944533999948, -15.546492344999876 ], [ -47.415823880999881, -15.546534320999967 ], [ -47.415584306999961, -15.546686908999902 ], [ -47.415539896999917, -15.546735096999896 ], [ -47.415427869999974, -15.546856653999896 ], [ -47.414949816999979, -15.547575569999879 ], [ -47.414481114999887, -15.548217594999926 ], [ -47.414352122999958, -15.548343675999945 ], [ -47.414223129999982, -15.548469756999964 ], [ -47.41410370199992, -15.54853701299993 ], [ -47.414024586999972, -15.548545106999825 ], [ -47.41391000699997, -15.548464300999967 ], [ -47.413564182999949, -15.548220412999967 ], [ -47.412910233999867, -15.54784001999991 ], [ -47.412635466999973, -15.547611759999938 ], [ -47.412476005999906, -15.547522263999838 ], [ -47.412234471999909, -15.547506839999869 ], [ -47.412060935999932, -15.547529065999868 ], [ -47.411887400999944, -15.547551290999934 ], [ -47.411766135999983, -15.547540873999935 ], [ -47.411615906999884, -15.547475199999951 ], [ -47.41155445499993, -15.547448334999956 ], [ -47.411352675999979, -15.547325874999842 ], [ -47.411173943999984, -15.547261882999976 ], [ -47.411094807999916, -15.547268168999949 ], [ -47.411015671999962, -15.547274454999922 ], [ -47.410944399999948, -15.5473158879999 ], [ -47.410873127999878, -15.547357319999946 ], [ -47.410506879999957, -15.547675706999939 ], [ -47.410211301999936, -15.547884854999893 ], [ -47.409818301999906, -15.548162937999905 ], [ -47.409510660999956, -15.548312651999936 ], [ -47.409239493999905, -15.548368723999886 ], [ -47.40893523099993, -15.548351684999886 ], [ -47.408326575999865, -15.548181052999894 ], [ -47.408213745999944, -15.548094656999922 ], [ -47.408178651999947, -15.548041739999917 ], [ -47.408006261999901, -15.547864263999884 ], [ -47.407774032999953, -15.54762518099983 ], [ -47.407682286999943, -15.547508741999877 ], [ -47.407483481999918, -15.547321200999875 ], [ -47.407350058999896, -15.547226898999895 ], [ -47.406978114999959, -15.547055702999955 ], [ -47.406588512999917, -15.546968715999867 ], [ -47.406375788999924, -15.54694664699997 ], [ -47.406283419999909, -15.546936814999981 ], [ -47.406065545999923, -15.546952743999952 ], [ -47.405847672999926, -15.54696867399997 ], [ -47.405342576999885, -15.546966959999963 ], [ -47.404994485999964, -15.546923782999954 ], [ -47.40484375099993, -15.546943494999823 ], [ -47.404640503999985, -15.547015273999875 ], [ -47.404355388999932, -15.547179189999952 ], [ -47.404220478999946, -15.547237574999883 ], [ -47.40408556899996, -15.547295960999918 ], [ -47.403594699999928, -15.547353628999929 ], [ -47.403232135999986, -15.547357821999981 ], [ -47.402966553999931, -15.547398244999954 ], [ -47.402765097999975, -15.547456439999962 ], [ -47.402536016999932, -15.547648448999951 ], [ -47.40243371299988, -15.547733284999879 ], [ -47.402373755999974, -15.547849286999963 ], [ -47.402375836999909, -15.548501557999941 ], [ -47.402364935999969, -15.548708663999946 ], [ -47.402386032999971, -15.548840329999905 ], [ -47.402438385999915, -15.548975268999982 ], [ -47.402490739999905, -15.549110206999956 ], [ -47.402506496999877, -15.549183210999956 ], [ -47.402493201999846, -15.549322478999841 ], [ -47.40244533799995, -15.549453992999872 ], [ -47.402400321999892, -15.549630193999974 ], [ -47.40235530599989, -15.549806394999905 ], [ -47.402303807999886, -15.54990587899988 ], [ -47.402252309999881, -15.550005361999922 ], [ -47.402180147999957, -15.550291621999918 ], [ -47.402142458999947, -15.55033629899998 ], [ -47.402029462999849, -15.550396251999871 ], [ -47.401926308999919, -15.550420863999932 ], [ -47.401823153999828, -15.550445476999926 ], [ -47.401707112999986, -15.550564183999882 ], [ -47.401641250999944, -15.550751000999981 ], [ -47.401586109999926, -15.550817549999977 ], [ -47.401146196999946, -15.551053613999898 ], [ -47.401129592999894, -15.551068248999968 ], [ -47.401112987999966, -15.551082884999914 ], [ -47.400950315999978, -15.55135928999988 ], [ -47.400804665999942, -15.551496386999929 ], [ -47.400662019999857, -15.55157111599982 ], [ -47.400594041999909, -15.551575469999932 ], [ -47.400526063999962, -15.551579824999919 ], [ -47.400169829999982, -15.551478007999947 ], [ -47.399881438999842, -15.551360093999961 ], [ -47.399832431999982, -15.55131274799993 ], [ -47.399816507999958, -15.55122529199997 ], [ -47.399828358999969, -15.550961370999971 ], [ -47.399773467999978, -15.550808390999862 ], [ -47.39968522599986, -15.550700263999886 ], [ -47.399574034999887, -15.550641458999905 ], [ -47.399496069999941, -15.550614335999967 ], [ -47.399412223999832, -15.550634810999952 ], [ -47.399349709999967, -15.550723718999961 ], [ -47.399294451999936, -15.550850962999903 ], [ -47.399227313999972, -15.551069042999927 ], [ -47.399108998999964, -15.551297454999826 ], [ -47.399103611999976, -15.551306230999842 ], [ -47.399044741999887, -15.551453221999907 ], [ -47.399049316999935, -15.551526347999925 ], [ -47.399107766999975, -15.55166483499994 ], [ -47.399117502999957, -15.551861668999948 ], [ -47.399095903999864, -15.551927851999949 ], [ -47.399074442999961, -15.551968835999958 ], [ -47.398910823999984, -15.55228128899995 ], [ -47.398791639999899, -15.552758284999982 ], [ -47.398787919999961, -15.552773172999878 ], [ -47.398741324999833, -15.552872758999968 ], [ -47.398630803999936, -15.553108966999957 ], [ -47.398626048999972, -15.553119129999914 ], [ -47.398623862999955, -15.553152884999975 ], [ -47.398616562999905, -15.55326558299987 ], [ -47.398628215999963, -15.553306108999948 ], [ -47.398746635999828, -15.553432650999923 ], [ -47.398865056999966, -15.553559191999909 ], [ -47.398919141999954, -15.553642618999959 ], [ -47.3989203349999, -15.553745592999974 ], [ -47.398723851999875, -15.55408018299994 ], [ -47.39874854899989, -15.554200968999965 ], [ -47.39882533999986, -15.554368946999944 ], [ -47.398845119999976, -15.554412215999946 ], [ -47.398933388999978, -15.554550377999931 ], [ -47.399009753999906, -15.554626334999909 ], [ -47.399009921999948, -15.554640787999972 ], [ -47.39901885099988, -15.554646924999929 ], [ -47.399147073999984, -15.554735053999934 ], [ -47.399181339999984, -15.554797015999839 ], [ -47.399175487999969, -15.554935298999908 ], [ -47.399114334999979, -15.555206983999938 ], [ -47.399072915999909, -15.555492908999952 ], [ -47.399067073999959, -15.555632095999897 ], [ -47.39909096599996, -15.555763731999889 ], [ -47.399141879999945, -15.555895072999931 ], [ -47.39923760399995, -15.556033153999977 ], [ -47.39928372299994, -15.556072400999938 ], [ -47.399331014999973, -15.556092211999953 ], [ -47.39937830599996, -15.556112022999912 ], [ -47.399673603999986, -15.556181981999941 ], [ -47.399734641999942, -15.556221968999978 ], [ -47.39975069299993, -15.55632026499984 ], [ -47.399571284999922, -15.556841672999894 ], [ -47.399529783999981, -15.557120370999939 ], [ -47.399466975999985, -15.557249337999963 ], [ -47.399296350999919, -15.557402966999973 ], [ -47.399174943999981, -15.557380800999908 ], [ -47.398915555999963, -15.557273411999915 ], [ -47.398836184999936, -15.557259821999935 ], [ -47.398756813999967, -15.557246231999954 ], [ -47.398711280999919, -15.557257568999944 ], [ -47.398503737999874, -15.557522717999916 ], [ -47.398469355999964, -15.557531222999955 ], [ -47.398375964999957, -15.55759457399995 ], [ -47.398060039999962, -15.557674802999827 ], [ -47.39790095099994, -15.557698216999881 ], [ -47.39773508899998, -15.557700022999938 ], [ -47.397343434999982, -15.557759392999969 ], [ -47.397216459999981, -15.557802427999889 ], [ -47.397178200999974, -15.55781539599991 ], [ -47.397071308999955, -15.557886167999982 ], [ -47.397020053999881, -15.557920103999948 ], [ -47.39678104699982, -15.558124162999945 ], [ -47.396724834999986, -15.558186996999837 ], [ -47.396629243999939, -15.558293846999959 ], [ -47.396471471999973, -15.558431073999941 ], [ -47.396295734999967, -15.558545910999953 ], [ -47.396242579999921, -15.558571030999815 ], [ -47.396137241999952, -15.558620810999912 ], [ -47.395971556999882, -15.558637970999939 ], [ -47.395854859999929, -15.55862026899996 ], [ -47.39584212099993, -15.558602621999853 ], [ -47.39578950899994, -15.558529736999958 ], [ -47.395664817999943, -15.558223937999969 ], [ -47.395579002999909, -15.558136789999935 ], [ -47.395493188999922, -15.558049641999844 ], [ -47.395337702999939, -15.557981770999902 ], [ -47.394963514999972, -15.558005828999967 ], [ -47.394914920999952, -15.558008953999945 ], [ -47.394847065999954, -15.558024145999866 ], [ -47.394758579999973, -15.558073 ], [ -47.394711867999945, -15.558098790999907 ], [ -47.394636390999892, -15.558099611999978 ], [ -47.394454092999922, -15.557969697999965 ], [ -47.394385944999954, -15.557959597999854 ], [ -47.394348247999972, -15.557963620999828 ], [ -47.394310551999979, -15.557967644999962 ], [ -47.394183152999972, -15.558072016999915 ], [ -47.394131806999894, -15.55814484699988 ], [ -47.393926435999958, -15.558356667999931 ], [ -47.393892752999932, -15.558425692999947 ], [ -47.393887585999948, -15.55846233699998 ], [ -47.393882417999976, -15.558498980999957 ], [ -47.393914692999886, -15.558630525999945 ], [ -47.394048367999915, -15.558826917999852 ], [ -47.394094799999948, -15.558994671999869 ], [ -47.394127146999949, -15.559111535999932 ], [ -47.394118242999923, -15.559308573999886 ], [ -47.394026501999974, -15.559514642999886 ], [ -47.394009964999952, -15.559535368999946 ], [ -47.39385563899998, -15.55972879899997 ], [ -47.393778721999922, -15.559927479999942 ], [ -47.393614004999961, -15.560109046999969 ], [ -47.393603836999944, -15.560196786999938 ], [ -47.393824674999905, -15.560355191999975 ], [ -47.393817941999941, -15.560417599999937 ], [ -47.393765506999955, -15.560476890999951 ], [ -47.393694090999929, -15.560506575999909 ], [ -47.393631928999923, -15.560589312999923 ], [ -47.393616076999876, -15.560610410999971 ], [ -47.393616499999894, -15.5606469949999 ], [ -47.393616922999854, -15.560683577999896 ], [ -47.393648519999886, -15.560756409999954 ], [ -47.393668226999921, -15.560771197999941 ], [ -47.393720907999921, -15.560810729999957 ], [ -47.393913960999896, -15.560903488999884 ], [ -47.393941401999882, -15.560939325999925 ], [ -47.393953137999972, -15.560987078999972 ], [ -47.393889646999924, -15.561057330999915 ], [ -47.393817978999948, -15.561065336999945 ], [ -47.393791092999948, -15.561059673999921 ], [ -47.393605910999895, -15.56102066599982 ], [ -47.39353110299993, -15.561032044999934 ], [ -47.393503576999876, -15.561036231999935 ], [ -47.393466805999935, -15.561079994999943 ], [ -47.393455532999894, -15.561394500999938 ], [ -47.393392897999945, -15.561538821999875 ], [ -47.393358461999981, -15.561542809999935 ], [ -47.39324105299994, -15.561463683999875 ], [ -47.393222415999901, -15.561463885999899 ], [ -47.393182485999944, -15.561562638999874 ], [ -47.393178020999869, -15.561573679999924 ], [ -47.393199282999944, -15.561726647999876 ], [ -47.393244095999933, -15.562049053999885 ], [ -47.393219654999939, -15.562192056999947 ], [ -47.393204762999858, -15.562204585999893 ], [ -47.39318919699997, -15.562217682999915 ], [ -47.393061157999966, -15.562266954999927 ], [ -47.392880465999951, -15.562276145999931 ], [ -47.392759703999957, -15.562309980999828 ], [ -47.392644247999954, -15.562399767999977 ], [ -47.392436063999924, -15.562691118999908 ], [ -47.392229402999874, -15.562791834999814 ], [ -47.392071418999876, -15.562830590999909 ], [ -47.391634592999878, -15.562611292999975 ], [ -47.391498377999881, -15.562598317999971 ], [ -47.391472034999936, -15.562617123999928 ], [ -47.391445690999888, -15.562635928999953 ], [ -47.391424548999908, -15.562741856999935 ], [ -47.391430979999825, -15.562975767999944 ], [ -47.391409972999952, -15.563093437999896 ], [ -47.391350760999956, -15.563211523999883 ], [ -47.391313590999971, -15.563261162999936 ], [ -47.391276419999826, -15.563310801999933 ], [ -47.391236640999978, -15.563416931999939 ], [ -47.391218555999899, -15.56350520999996 ], [ -47.391200470999934, -15.563593487999981 ], [ -47.3911197299999, -15.563784078999845 ], [ -47.391102961999934, -15.563945969999907 ], [ -47.39125202799994, -15.564125393999916 ], [ -47.391343963999816, -15.564236053999934 ], [ -47.39133785699994, -15.564352658999894 ], [ -47.39131643199994, -15.564434197999901 ], [ -47.391260184999965, -15.564486302999967 ], [ -47.391199436999955, -15.564471604999881 ], [ -47.390971307999962, -15.564327731999981 ], [ -47.390933101999906, -15.564328145999923 ], [ -47.390896130999977, -15.564354746999982 ], [ -47.390902039999844, -15.564436227999977 ], [ -47.390911201999984, -15.564562592999948 ], [ -47.390913869999849, -15.564599375999876 ], [ -47.390908105999983, -15.564745788999915 ], [ -47.390871340999979, -15.564840438999852 ], [ -47.390850683999929, -15.564872627999932 ], [ -47.390774718999978, -15.56497760499991 ], [ -47.390715591999935, -15.565022513999907 ], [ -47.390677510999922, -15.565033767999864 ], [ -47.390624312999932, -15.565027118999922 ], [ -47.390437948999818, -15.56486833699995 ], [ -47.390377461999947, -15.564876220999963 ], [ -47.390328919999945, -15.564949923999961 ], [ -47.390323658999932, -15.564965947999951 ], [ -47.390292908999982, -15.565059625999936 ], [ -47.390292453999962, -15.565078093999887 ], [ -47.390290370999935, -15.565162640999972 ], [ -47.390337969999962, -15.565410559999862 ], [ -47.390339284999982, -15.565524373999949 ], [ -47.390250561999949, -15.565669358999969 ], [ -47.390149134999888, -15.565927271999897 ], [ -47.390108078999958, -15.566033063999953 ], [ -47.39009304699988, -15.566071798999928 ], [ -47.390084911999907, -15.566087187999869 ], [ -47.389948945999947, -15.566344383999933 ], [ -47.389942461999851, -15.566428470999881 ], [ -47.390020528999912, -15.566535830999953 ], [ -47.39005326299997, -15.566580845999965 ], [ -47.39006083299995, -15.56660093399995 ], [ -47.390123448999816, -15.566767087999835 ], [ -47.390113069999927, -15.566836762999912 ], [ -47.390033911999978, -15.566922541999929 ], [ -47.389925035999909, -15.567001307999931 ], [ -47.389855322999836, -15.567114194999931 ], [ -47.389765777999969, -15.567188342999941 ], [ -47.389617791999967, -15.567237102999911 ], [ -47.389502100999835, -15.567275221999978 ], [ -47.389389554999923, -15.567294511999933 ], [ -47.389260014999877, -15.567270382999823 ], [ -47.389134404999936, -15.567246644999898 ], [ -47.389116825999906, -15.56724326799997 ], [ -47.389083529999937, -15.567265310999915 ], [ -47.38899470399997, -15.567401784999959 ], [ -47.388874918999875, -15.567520526999829 ], [ -47.38876639199998, -15.567565067999965 ], [ -47.388720688999911, -15.567561950999959 ], [ -47.388452190999828, -15.56747362099992 ], [ -47.387977342999875, -15.567406256999959 ], [ -47.387925693999875, -15.567398929999968 ], [ -47.387608057999955, -15.56733281399994 ], [ -47.387488713999971, -15.567288033999944 ], [ -47.387369369999931, -15.56724325499988 ], [ -47.387102824999886, -15.567081726999845 ], [ -47.387021413999946, -15.567053248999969 ], [ -47.386940003999939, -15.567024770999922 ], [ -47.386482673999922, -15.5669612989999 ], [ -47.386281906999955, -15.566933434999896 ], [ -47.38611904399994, -15.56687286499988 ], [ -47.386070708999966, -15.566826062999894 ], [ -47.385943738999913, -15.566703118999953 ], [ -47.385905354999863, -15.566688176999946 ], [ -47.385835775999965, -15.566683679999926 ], [ -47.385550410999883, -15.566700153999875 ], [ -47.385493306999876, -15.566678187999855 ], [ -47.385440528999936, -15.566627265999898 ], [ -47.38543617699986, -15.566573108999933 ], [ -47.385454469999956, -15.566543097999954 ], [ -47.385454011999911, -15.566503353999963 ], [ -47.385427283999832, -15.566448535999939 ], [ -47.385413688999961, -15.566441455999893 ], [ -47.385400093999976, -15.566434375999904 ], [ -47.38518110699988, -15.566436748999934 ], [ -47.385061146999931, -15.566459729999963 ], [ -47.384986260999938, -15.56651203499996 ], [ -47.384960121999882, -15.56658910799996 ], [ -47.384955985999909, -15.566659164999976 ], [ -47.384932052999886, -15.567064602999949 ], [ -47.384859280999819, -15.567300275999969 ], [ -47.384751174999849, -15.567462253999963 ], [ -47.38464219399998, -15.567548353999882 ], [ -47.38458935899996, -15.567573318999905 ], [ -47.384480468999982, -15.567546040999957 ], [ -47.384438786999908, -15.567527972999926 ], [ -47.384065630999942, -15.567253765999965 ], [ -47.383875108999916, -15.567138386999829 ], [ -47.383647739999958, -15.567060445999971 ], [ -47.383579692999888, -15.567059375999861 ], [ -47.383511646999978, -15.567058305999865 ], [ -47.38316554599993, -15.56710993299987 ], [ -47.383097519999978, -15.56711066999992 ], [ -47.383029493999857, -15.567111405999981 ], [ -47.382893149999859, -15.567087586999889 ], [ -47.382529427999941, -15.566984921999904 ], [ -47.382144152999956, -15.56695295499992 ], [ -47.382010985999955, -15.56688122099996 ], [ -47.38194812699993, -15.566804658999899 ], [ -47.381885268999952, -15.566728097999885 ], [ -47.381777944999953, -15.566634401999977 ], [ -47.381664638999894, -15.566587746999915 ], [ -47.381573740999954, -15.566585116999875 ], [ -47.381482841999969, -15.566582486999948 ], [ -47.381422530999942, -15.566605724999874 ], [ -47.38124710999989, -15.566749456999958 ], [ -47.381055358999959, -15.566850905999843 ], [ -47.380678120999903, -15.566869440999938 ], [ -47.380617892999965, -15.566899903999968 ], [ -47.38055159899983, -15.566970183999956 ], [ -47.380275548999975, -15.567305445999978 ], [ -47.380215918999852, -15.56744510599998 ], [ -47.380197948999978, -15.567561355999828 ], [ -47.380204079999942, -15.567684693999979 ], [ -47.380271795999931, -15.567843237999966 ], [ -47.380423857999915, -15.56799529999995 ], [ -47.380531470999927, -15.568104925999933 ], [ -47.380566889999955, -15.568206350999901 ], [ -47.380537138999955, -15.568385978999913 ], [ -47.380549755999937, -15.568510511999932 ], [ -47.380537718999904, -15.568598272999907 ], [ -47.380525680999881, -15.568686033999882 ], [ -47.380422364999959, -15.568859701999941 ], [ -47.380436531999976, -15.569118825999908 ], [ -47.380426024999906, -15.569177660999969 ], [ -47.380385015999877, -15.569258507999905 ], [ -47.380351644999962, -15.56927422699988 ], [ -47.380267641999978, -15.569263390999879 ], [ -47.380208749999952, -15.569207564999942 ], [ -47.380149857999982, -15.569151738999949 ], [ -47.380050124999968, -15.569005052999898 ], [ -47.38001144499998, -15.568948161999913 ], [ -47.379901108999832, -15.568916832999889 ], [ -47.379590966999899, -15.569042926999941 ], [ -47.379413496999973, -15.569165626999961 ], [ -47.379384417999972, -15.569262751999929 ], [ -47.379424853999922, -15.569346842999948 ], [ -47.379519439999967, -15.569522040999971 ], [ -47.379577661999974, -15.569716540999877 ], [ -47.379634473999886, -15.569962247999968 ], [ -47.379675928999916, -15.570135599999901 ], [ -47.379690282999945, -15.570195626999919 ], [ -47.379691633999983, -15.570313054999929 ], [ -47.379675547999909, -15.570374558999958 ], [ -47.379614860999936, -15.570606588999908 ], [ -47.379497589999914, -15.570863520999922 ], [ -47.379447174999939, -15.571098951999943 ], [ -47.379457352999964, -15.571274739999922 ], [ -47.37946113299995, -15.571340010999904 ], [ -47.379551165999828, -15.571631741999909 ], [ -47.379580217999944, -15.571807591999971 ], [ -47.379575338999985, -15.571869527999866 ], [ -47.379570458999979, -15.571931463999931 ], [ -47.379537164999931, -15.572034812999959 ], [ -47.379444176999925, -15.572134289999894 ], [ -47.379440667999916, -15.572153298999979 ], [ -47.379399064999859, -15.572182657999917 ], [ -47.379313740999976, -15.572300119999966 ], [ -47.379274088999978, -15.572417991999941 ], [ -47.379286404999959, -15.572516329999928 ], [ -47.379356833999907, -15.572724254999969 ], [ -47.379366689999927, -15.572932835999893 ], [ -47.379376546999936, -15.573141415999942 ], [ -47.379348486999845, -15.573375701999964 ], [ -47.379320016999884, -15.573493452999912 ], [ -47.37926833399996, -15.573618681999903 ], [ -47.379190432999906, -15.573733353999955 ], [ -47.378969559999916, -15.57389654799988 ], [ -47.378958688999944, -15.573923767999929 ], [ -47.378947817999915, -15.573950987999865 ], [ -47.378960351999979, -15.574068294999961 ], [ -47.378953447999947, -15.574116250999964 ], [ -47.378946542999984, -15.574164205999921 ], [ -47.37884945299993, -15.574231203999943 ], [ -47.378798468999889, -15.574255243999971 ], [ -47.378747484999963, -15.574279283999942 ], [ -47.378686952999885, -15.57428355199994 ], [ -47.378369650999957, -15.574247230999958 ], [ -47.378324494999958, -15.57425133299995 ], [ -47.378279339999949, -15.574255434999941 ], [ -47.378173944999901, -15.574329749999947 ], [ -47.378163894999886, -15.574428329999932 ], [ -47.378233027999897, -15.574684214999934 ], [ -47.378242744999909, -15.574720181999908 ], [ -47.378255361999891, -15.574844715999916 ], [ -47.378237690999867, -15.574928923999948 ], [ -47.378163931999893, -15.57507968699997 ], [ -47.378160541999875, -15.575109084999951 ], [ -47.378157151999972, -15.575138481999886 ], [ -47.378173028999925, -15.575222326999892 ], [ -47.378245751999884, -15.575305557999854 ], [ -47.378261548999888, -15.575341974999958 ], [ -47.378277345999948, -15.575378392999937 ], [ -47.378277896999975, -15.575426266999898 ], [ -47.378236719999961, -15.575492660999885 ], [ -47.378199335999966, -15.575524232999896 ], [ -47.378161952999903, -15.575555803999976 ], [ -47.378083873999913, -15.575655119999908 ], [ -47.377981051999939, -15.575872145999938 ], [ -47.377934116999882, -15.575924146999967 ], [ -47.377887181999881, -15.575976148999928 ], [ -47.377599379999879, -15.57603705199989 ], [ -47.377468790999842, -15.576064686999871 ], [ -47.37740126999995, -15.57610968399996 ], [ -47.377297221999925, -15.576220119999959 ], [ -47.377158744999917, -15.576335445999973 ], [ -47.377087319999873, -15.57636512699986 ], [ -47.376906955999971, -15.576404114999889 ], [ -47.376516670999933, -15.576667609999845 ], [ -47.376411790999953, -15.576697581999838 ], [ -47.376381969999954, -15.576706103999982 ], [ -47.37595204999991, -15.576764951999905 ], [ -47.375667850999946, -15.576852037999913 ], [ -47.375553767999918, -15.576981553999872 ], [ -47.375460691999933, -15.577007902999924 ], [ -47.37542346299989, -15.577037617999906 ], [ -47.375409178999973, -15.577051774999916 ], [ -47.375331049999886, -15.577082384999869 ], [ -47.375281134999909, -15.577101940999967 ], [ -47.375248901999839, -15.577102288999924 ], [ -47.37522801599988, -15.577102514999922 ], [ -47.375156507999918, -15.577124968999954 ], [ -47.375078991999885, -15.577203254999915 ], [ -47.374962105999828, -15.577321299999937 ], [ -47.374920428999928, -15.577344334999964 ], [ -47.374885948999918, -15.577344707999885 ], [ -47.37475294199993, -15.57728742199987 ], [ -47.374510052999881, -15.577238548999901 ], [ -47.37434328199987, -15.577243962999944 ], [ -47.374116693999952, -15.577315970999905 ], [ -47.373874945999944, -15.577366459999951 ], [ -47.37353576299995, -15.577535443999977 ], [ -47.373361784999929, -15.577562615999909 ], [ -47.373187309999878, -15.577546429999813 ], [ -47.373065745999952, -15.577511604999927 ], [ -47.373008143999982, -15.577481951999971 ], [ -47.372715093999886, -15.577331091999952 ], [ -47.372517319999872, -15.577315155999941 ], [ -47.372472583999979, -15.577355839999939 ], [ -47.372427846999926, -15.577396524999926 ], [ -47.372331634999966, -15.577621607999902 ], [ -47.372164172999874, -15.577891726999951 ], [ -47.371993570999962, -15.57796945299998 ], [ -47.371773864999909, -15.577910389999886 ], [ -47.371491502999902, -15.577751722999835 ], [ -47.371415830999922, -15.577736277999975 ], [ -47.371340158999885, -15.577720831999954 ], [ -47.371210663999932, -15.577725840999904 ], [ -47.371150425999929, -15.577755850999893 ], [ -47.371090187999982, -15.577785861999928 ], [ -47.371011772999907, -15.577856268999938 ], [ -47.370924737999985, -15.577954660999922 ], [ -47.370690655999965, -15.578219287999957 ], [ -47.37061115399996, -15.578276155999959 ], [ -47.370569361999969, -15.578289253999969 ], [ -47.370527570999968, -15.578302351999923 ], [ -47.370361729999956, -15.578307752999933 ], [ -47.370147656999904, -15.578170933999957 ], [ -47.370086822999951, -15.578149003999954 ], [ -47.370016503999977, -15.578153375999932 ], [ -47.369946185999936, -15.578157746999921 ], [ -47.36990151599997, -15.578204301999961 ], [ -47.369879180999817, -15.578227578999929 ], [ -47.369856845999834, -15.578250856999944 ], [ -47.369748732999938, -15.578413732999877 ], [ -47.369667645999982, -15.578576316999943 ], [ -47.369638963999932, -15.578619404999927 ], [ -47.369549530999961, -15.578738560999966 ], [ -47.369460097999934, -15.578857716999948 ], [ -47.369389975999923, -15.57891583299994 ], [ -47.369315507999886, -15.578952224999966 ], [ -47.369195690999902, -15.578968130999954 ], [ -47.369030801999941, -15.578982523999969 ], [ -47.368868473999953, -15.578995198999962 ], [ -47.368773234999878, -15.579015821999974 ], [ -47.368694643999959, -15.579068314999972 ], [ -47.368563987999948, -15.57921607499992 ], [ -47.368461858999979, -15.579250600999956 ], [ -47.368302664999931, -15.579266768999958 ], [ -47.368060756999967, -15.579222395999921 ], [ -47.367598044999966, -15.57926712699998 ], [ -47.367476593999982, -15.579242234999981 ], [ -47.367423204999909, -15.579219320999925 ], [ -47.36736981599995, -15.579196406999927 ], [ -47.367175344999907, -15.579062083999872 ], [ -47.367004901999849, -15.578881980999938 ], [ -47.366772487999981, -15.578636393999943 ], [ -47.366635464999945, -15.578553850999924 ], [ -47.366370155999903, -15.578581999999869 ], [ -47.366309414999932, -15.57856819899996 ], [ -47.366270781999958, -15.578531574999943 ], [ -47.366219557999955, -15.578427264999959 ], [ -47.366168699999946, -15.578323703999899 ], [ -47.366123821999963, -15.578232317999891 ], [ -47.366036273999896, -15.57815646999984 ], [ -47.365841420999971, -15.578070030999982 ], [ -47.365732808999951, -15.578038520999939 ], [ -47.365650799999969, -15.57804088499995 ], [ -47.365545876999931, -15.578062367999962 ], [ -47.365463266999939, -15.57809216499993 ], [ -47.36531327299997, -15.578156904999958 ], [ -47.36517195499988, -15.578210030999912 ], [ -47.365150894999942, -15.578224236999915 ], [ -47.365150214999971, -15.578271921999885 ], [ -47.365186678999976, -15.578349670999842 ], [ -47.365247740999962, -15.578413042999841 ], [ -47.365251987999955, -15.578481218999968 ], [ -47.365233014999944, -15.57853688199998 ], [ -47.365166869999825, -15.578569361999882 ], [ -47.365067961999898, -15.578569461999905 ], [ -47.36495291499989, -15.578523770999936 ], [ -47.364847825999959, -15.578479595999909 ], [ -47.364729701999977, -15.57840935299987 ], [ -47.364658192999912, -15.578354679999961 ], [ -47.364621745999841, -15.578305383999975 ], [ -47.364585297999952, -15.578256087999932 ], [ -47.36444960599988, -15.577963936999879 ], [ -47.364354748999972, -15.577795753999908 ], [ -47.364303567999968, -15.577745072999903 ], [ -47.364176838999981, -15.577666030999922 ], [ -47.364134943999886, -15.577670094999917 ], [ -47.364124008999966, -15.57769189399994 ], [ -47.364132726999969, -15.577720709999937 ], [ -47.36428801299985, -15.577942967999945 ], [ -47.364297332999911, -15.577976346999947 ], [ -47.364295112999969, -15.578011265999976 ], [ -47.364266824999959, -15.57803966799986 ], [ -47.364168130999985, -15.578128882999977 ], [ -47.364148929999885, -15.578174683999919 ], [ -47.364135498999929, -15.578230392999899 ], [ -47.3641096529999, -15.578286836999951 ], [ -47.36406354199994, -15.578313189999903 ], [ -47.364015258999927, -15.578300441999943 ], [ -47.363970326999947, -15.578261062999957 ], [ -47.363870056999986, -15.578130529999896 ], [ -47.363707068999986, -15.577989983999942 ], [ -47.363659416999951, -15.577979654999865 ], [ -47.363611763999927, -15.577969325999902 ], [ -47.363551230999974, -15.577973590999875 ], [ -47.363490696999975, -15.577977853999982 ], [ -47.363343533999966, -15.578027316999965 ], [ -47.363196371999948, -15.5780767789999 ], [ -47.363139544999967, -15.578079195999919 ], [ -47.36308271799993, -15.578081612999938 ], [ -47.363008430999912, -15.578070246999971 ], [ -47.36293414499994, -15.578058880999947 ], [ -47.362900651999894, -15.578053755999974 ], [ -47.362732834999974, -15.577967926999975 ], [ -47.362705805999951, -15.577960647999873 ], [ -47.362686975999964, -15.577965098999982 ], [ -47.362672259999897, -15.577968576999922 ], [ -47.362581794999983, -15.578004329999942 ], [ -47.362491329999955, -15.578040082999962 ], [ -47.362392669999963, -15.578051983999899 ], [ -47.362350526999933, -15.578034367999862 ], [ -47.362308382999913, -15.578016751999826 ], [ -47.362210678999986, -15.577949141999909 ], [ -47.362143453999977, -15.57791392699994 ], [ -47.362102990999972, -15.577905127999827 ], [ -47.361993312999971, -15.577931600999875 ], [ -47.361839257999918, -15.578023590999862 ], [ -47.361664101999907, -15.578235524999968 ], [ -47.361587149999934, -15.578434620999928 ], [ -47.361591060999899, -15.578626871999859 ], [ -47.361581938999961, -15.578810646999955 ], [ -47.361538361999976, -15.578941185999952 ], [ -47.361483995999947, -15.579001613999935 ], [ -47.361451272999886, -15.579091250999909 ], [ -47.361459822999961, -15.579180887999939 ], [ -47.361491951999938, -15.579272555999978 ], [ -47.361563183999976, -15.579335984999886 ], [ -47.361705268999913, -15.579442692999862 ], [ -47.361775340999941, -15.579513251999913 ], [ -47.361806061999914, -15.57959117099989 ], [ -47.361807037999938, -15.579673244999924 ], [ -47.361766598999964, -15.579719374999911 ], [ -47.361693405999915, -15.579722979999872 ], [ -47.361614966999923, -15.579698801999825 ], [ -47.361540017999857, -15.57971042399987 ], [ -47.361476402999983, -15.579758406999872 ], [ -47.361464087999877, -15.579823841999939 ], [ -47.361485288999859, -15.579915078999932 ], [ -47.361527692999971, -15.579991307999933 ], [ -47.361519340999905, -15.58007841899996 ], [ -47.361478287999887, -15.580134861999909 ], [ -47.361424928999838, -15.580151466999951 ], [ -47.361367224999924, -15.580109420999975 ], [ -47.361309389999974, -15.580044320999889 ], [ -47.361240947999875, -15.579998378999903 ], [ -47.3611348149999, -15.579967519999855 ], [ -47.36104140599997, -15.579987069999959 ], [ -47.360956016999921, -15.580053545999931 ], [ -47.360904860999881, -15.580114789999868 ], [ -47.360847980999949, -15.580147329999875 ], [ -47.360813457999939, -15.580144086999894 ], [ -47.360778934999928, -15.580140842999981 ], [ -47.360718028999941, -15.580112587999963 ], [ -47.360653728999978, -15.580031969999936 ], [ -47.3606016089999, -15.579997747999869 ], [ -47.360549488999879, -15.579963525999972 ], [ -47.360473795999894, -15.579946269999937 ], [ -47.360125086999915, -15.579935556999942 ], [ -47.360075544999916, -15.579922988999897 ], [ -47.360014561999947, -15.579887957999915 ], [ -47.359919641999966, -15.579819412999939 ], [ -47.359812018999946, -15.579699509999955 ], [ -47.359735011999874, -15.579648840999937 ], [ -47.359583502999953, -15.579603488999908 ], [ -47.359481030999916, -15.579608201999974 ], [ -47.359428348999927, -15.579647161999901 ], [ -47.359375666999938, -15.579686121999941 ], [ -47.359342952999953, -15.579759649999971 ], [ -47.359343705999947, -15.579825590999917 ], [ -47.359440319999919, -15.579960970999934 ], [ -47.359470840999961, -15.580041151999978 ], [ -47.359474911999939, -15.5800518449999 ], [ -47.359475746999919, -15.580125012999929 ], [ -47.359424191999949, -15.580265968999925 ], [ -47.359413381999843, -15.580295524999883 ], [ -47.359300479999831, -15.580366298999877 ], [ -47.359258542999896, -15.58036674899995 ], [ -47.359131066999907, -15.580303972999957 ], [ -47.359003590999976, -15.580241197999953 ], [ -47.358870024999931, -15.58021643099994 ], [ -47.358772336999891, -15.58023193299988 ], [ -47.358523077999962, -15.580360180999833 ], [ -47.35838010599997, -15.580409595999924 ], [ -47.358356765999986, -15.580406231999916 ], [ -47.358337869999957, -15.580383848999929 ], [ -47.358166695999898, -15.580330575999938 ], [ -47.357819912999958, -15.580488777999904 ], [ -47.357317699999896, -15.580339675999824 ], [ -47.357064049999963, -15.579837834999978 ], [ -47.356954290999965, -15.579694011999948 ], [ -47.35689350399997, -15.579676142999972 ], [ -47.356832716999918, -15.579658273999939 ], [ -47.356711441999948, -15.579648732999942 ], [ -47.356643574999907, -15.579663913999866 ], [ -47.356451037999875, -15.579739605999976 ], [ -47.35625849999991, -15.579815296999868 ], [ -47.356137388999969, -15.57982020799983 ], [ -47.356011664999926, -15.57974747399993 ], [ -47.355617332999884, -15.579413817999978 ], [ -47.355403182999964, -15.57926975699985 ], [ -47.355100577999963, -15.57914886899988 ], [ -47.355053002999909, -15.579129862999821 ], [ -47.354966373999957, -15.579134403999944 ], [ -47.354539211999963, -15.579672334999941 ], [ -47.354506929999957, -15.579712090999919 ], [ -47.354412417999868, -15.579760983999904 ], [ -47.354355703999943, -15.57977333499997 ], [ -47.354267967999817, -15.579762529999925 ], [ -47.354195837999953, -15.579730777999885 ], [ -47.353950765999969, -15.579490380999971 ], [ -47.353817350999918, -15.579396948999886 ], [ -47.353744401999904, -15.579375143999869 ], [ -47.353668873999879, -15.579372338999974 ], [ -47.353388823999978, -15.57941598899987 ], [ -47.353162932999965, -15.579550304999884 ], [ -47.353022969999984, -15.579700414999934 ], [ -47.352883006999889, -15.579850524999927 ], [ -47.352671401999942, -15.580011790999947 ], [ -47.352479693999896, -15.580119540999817 ], [ -47.352253265999934, -15.580206884999939 ], [ -47.35203409899998, -15.580276984999955 ], [ -47.351814930999979, -15.580347084999971 ], [ -47.351597095999978, -15.580452403999914 ], [ -47.351445569999953, -15.580487450999954 ], [ -47.351142975999892, -15.580515980999849 ], [ -47.350991571999884, -15.580561866999915 ], [ -47.350886426999978, -15.58057744599995 ], [ -47.350787285999957, -15.580547336999928 ], [ -47.350688145999982, -15.580517228999952 ], [ -47.350615482999956, -15.580479609999941 ], [ -47.350542820999976, -15.58044199099993 ], [ -47.350398879999943, -15.580406487999937 ], [ -47.350296324999931, -15.580403970999896 ], [ -47.350196911999944, -15.580472788999828 ], [ -47.350097497999968, -15.580541607999919 ], [ -47.349946350999915, -15.580610076999903 ], [ -47.349735325999859, -15.580740616999947 ], [ -47.349709231999896, -15.580740895999895 ], [ -47.349613248999958, -15.580660612999907 ], [ -47.349582552999834, -15.580584149999879 ], [ -47.349520692999931, -15.580143939999971 ], [ -47.349465897999949, -15.579997266999897 ], [ -47.349411565999958, -15.579891243999953 ], [ -47.349357232999921, -15.579785219999962 ], [ -47.349280831999977, -15.579705630999854 ], [ -47.349131821999947, -15.579634044999978 ], [ -47.348911554999916, -15.579607487999908 ], [ -47.348609001999932, -15.579639627999882 ], [ -47.348510092999902, -15.579629842999964 ], [ -47.348175690999938, -15.579471836999971 ], [ -47.348113705999879, -15.579442547999918 ], [ -47.347733879999907, -15.579318315999956 ], [ -47.347555519999958, -15.579288599999813 ], [ -47.347408447999953, -15.579305527999963 ], [ -47.347188100999972, -15.579353953999885 ], [ -47.346965285999886, -15.579431314999965 ], [ -47.346743014999902, -15.579556551999929 ], [ -47.346228934999885, -15.579968464999922 ], [ -47.346097380999936, -15.580073874999925 ], [ -47.345534685999951, -15.580590310999867 ], [ -47.345313068999985, -15.580773358999977 ], [ -47.345089284999915, -15.580929778999973 ], [ -47.344865500999958, -15.581086198999969 ], [ -47.344558515999893, -15.581252651999932 ], [ -47.344444003999911, -15.581314741999961 ], [ -47.344428738999909, -15.581320634999884 ], [ -47.344381388999977, -15.581338915999879 ], [ -47.344198547999952, -15.581409507999979 ], [ -47.343953091999879, -15.581504272999894 ], [ -47.343910054999981, -15.581529083999897 ], [ -47.343814189999932, -15.581584350999947 ], [ -47.343744738999874, -15.581624389999888 ], [ -47.343675287999986, -15.581664428999943 ], [ -47.343648099999882, -15.581691585999863 ], [ -47.343622965999941, -15.581716690999883 ], [ -47.343592274999878, -15.58174734499994 ], [ -47.343447184999945, -15.581892264999965 ], [ -47.343252878999976, -15.582084895999969 ], [ -47.342924091999919, -15.582410849999974 ], [ -47.342659211999944, -15.582640113999901 ], [ -47.342568240999981, -15.582688530999917 ], [ -47.342380339999977, -15.582788535999953 ], [ -47.34224844299996, -15.582900726999981 ], [ -47.342222358999948, -15.582922913999937 ], [ -47.342152316999943, -15.582982490999825 ], [ -47.342131188999986, -15.583009818999926 ], [ -47.342054019999978, -15.58310911399991 ], [ -47.341935158999888, -15.583312747999969 ], [ -47.341882599999906, -15.583362995999948 ], [ -47.341554844999962, -15.583478081999885 ], [ -47.341452758999878, -15.583513927999832 ], [ -47.341167300999984, -15.583656997999924 ], [ -47.341138939999951, -15.583682375999899 ], [ -47.340759796999919, -15.583873709999921 ], [ -47.340207675999977, -15.583862588999978 ], [ -47.339842161999911, -15.58406077199993 ], [ -47.339446164999913, -15.584383959999968 ], [ -47.339326048999965, -15.58448420499991 ], [ -47.339075504999983, -15.584693300999959 ], [ -47.338644043999921, -15.584850588999927 ], [ -47.337924485999963, -15.585396412999955 ], [ -47.337906159999875, -15.585404592999964 ], [ -47.337602497999967, -15.585453308999888 ], [ -47.337277996999944, -15.585472750999884 ], [ -47.336910725999928, -15.585490158999903 ], [ -47.336874831999978, -15.585496853999928 ], [ -47.336792599999853, -15.585512192999943 ], [ -47.336660923999943, -15.585572314999979 ], [ -47.336549251999941, -15.58564961999997 ], [ -47.336284509999984, -15.58583288899996 ], [ -47.336251335999918, -15.585864355999945 ], [ -47.335927328999844, -15.586171693999972 ], [ -47.335729890999914, -15.58635897399995 ], [ -47.335699834999957, -15.586387482999896 ], [ -47.335642447999874, -15.586505537999926 ], [ -47.335580502999903, -15.586632675999965 ], [ -47.335561635999966, -15.586656099999914 ], [ -47.335482149999962, -15.586754780999911 ], [ -47.335237090999954, -15.587062336999963 ], [ -47.335124815999961, -15.587219325999968 ], [ -47.335020544999963, -15.587332060999927 ], [ -47.33481172899991, -15.58755782399993 ], [ -47.334684425999967, -15.587661768999908 ], [ -47.334649179999872, -15.587690547999898 ], [ -47.334538025999905, -15.587752257999966 ], [ -47.334400049999942, -15.587772859999973 ], [ -47.334323072999894, -15.587784352999847 ], [ -47.33421922399998, -15.587750221999954 ], [ -47.334155698999894, -15.587700659999939 ], [ -47.333926762999965, -15.587522047999983 ], [ -47.333855544999949, -15.587482615999932 ], [ -47.333833903999903, -15.587470634999931 ], [ -47.333591036999962, -15.587424426999974 ], [ -47.333432771999924, -15.587441464999813 ], [ -47.333394356999975, -15.587423803999968 ], [ -47.332955243999947, -15.58749802799997 ], [ -47.332834870999932, -15.587568868999938 ], [ -47.332603550999977, -15.587637273999917 ], [ -47.332428033999861, -15.587649350999868 ], [ -47.332370705999892, -15.587653295999928 ], [ -47.331949358999964, -15.58756742199995 ], [ -47.331595235999941, -15.587326346999873 ], [ -47.331487780999964, -15.587220428999899 ], [ -47.33138032699992, -15.587114511999914 ], [ -47.331049747999941, -15.586756833999914 ], [ -47.33097928799998, -15.586680598999919 ], [ -47.330677735999984, -15.586472391999905 ], [ -47.330436335999821, -15.586390930999926 ], [ -47.330177635999974, -15.586345790999928 ], [ -47.329848084999981, -15.586398881999969 ], [ -47.329805473999954, -15.586405746999901 ], [ -47.3296677969999, -15.586480327999936 ], [ -47.329520133999949, -15.58656054699992 ], [ -47.329434619999972, -15.586664444999826 ], [ -47.329405106999957, -15.586727008999958 ], [ -47.329166069999985, -15.587233742999956 ], [ -47.328810643999873, -15.58753067299989 ], [ -47.328707138999903, -15.587617142999932 ], [ -47.328665081999986, -15.587689862999923 ], [ -47.328668146999973, -15.587796435999962 ], [ -47.32864868199988, -15.587971455999877 ], [ -47.328629216999957, -15.588146476999952 ], [ -47.328493992999938, -15.588489038999967 ], [ -47.328480595999906, -15.588522976999855 ], [ -47.328172042999881, -15.588851480999949 ], [ -47.327976277999937, -15.58893215199987 ], [ -47.327941309999972, -15.5889722739999 ], [ -47.327906341999835, -15.589012394999941 ], [ -47.32787202499992, -15.589110329999869 ], [ -47.327863099999888, -15.589186763999976 ], [ -47.327854173999867, -15.589263198999902 ], [ -47.327787700999977, -15.589485244999878 ], [ -47.327741756999956, -15.589544002999958 ], [ -47.327695813999981, -15.589602760999924 ], [ -47.327563748999978, -15.58971166799995 ], [ -47.327493089999905, -15.589727773999982 ], [ -47.327337150999881, -15.58970322499988 ], [ -47.327231913999981, -15.589589191999949 ], [ -47.327205041999889, -15.589560073999962 ], [ -47.327182052999945, -15.589505207999935 ], [ -47.327188561999947, -15.589421118999894 ], [ -47.327217573999974, -15.589390095999931 ], [ -47.327246585999944, -15.589359071999922 ], [ -47.327344665999874, -15.589294792999965 ], [ -47.327375111999913, -15.589184251999939 ], [ -47.327320373999953, -15.58912430099997 ], [ -47.327017626999918, -15.589141056999836 ], [ -47.326880438999922, -15.589126246999854 ], [ -47.326734837999879, -15.589191931999949 ], [ -47.326673004999918, -15.589246792999973 ], [ -47.32659687599994, -15.589273797999965 ], [ -47.326464571999907, -15.589278811999975 ], [ -47.326396388999967, -15.589266432999977 ], [ -47.326328204999982, -15.589254054999969 ], [ -47.326315820999923, -15.589147580999906 ], [ -47.326498795999896, -15.588924302999942 ], [ -47.326487204999921, -15.588888287999964 ], [ -47.326231333999885, -15.588763610999933 ], [ -47.32612589699994, -15.58875388499996 ], [ -47.326029249999863, -15.588821309999958 ], [ -47.325932603999945, -15.588888734999898 ], [ -47.32580932999997, -15.588950569999952 ], [ -47.325777144999961, -15.588948199999948 ], [ -47.325744960999941, -15.588945829999943 ], [ -47.325618255999984, -15.588868570999921 ], [ -47.325513790999935, -15.588862448999976 ], [ -47.325464972999896, -15.588872902999924 ], [ -47.325416154999914, -15.588883356999929 ], [ -47.325345678999952, -15.588915722999843 ], [ -47.325192420999883, -15.589046534999909 ], [ -47.32511523799991, -15.589062709999837 ], [ -47.325055111999973, -15.589020883999922 ], [ -47.325041595999949, -15.58897946899998 ], [ -47.325071314999832, -15.588887003999957 ], [ -47.325092428999881, -15.588692541999933 ], [ -47.325053897999965, -15.588581826999928 ], [ -47.325011723999978, -15.588561493999919 ], [ -47.324975563999885, -15.588578589999941 ], [ -47.324939403999906, -15.588595685999906 ], [ -47.324869927999941, -15.588799693999931 ], [ -47.324721116999967, -15.588911485999915 ], [ -47.324710078999942, -15.589007366999965 ], [ -47.324752946999865, -15.58917224299995 ], [ -47.32474145499998, -15.589310589999911 ], [ -47.32470710299998, -15.589322697999933 ], [ -47.324660329999915, -15.589307833999953 ], [ -47.324598299999934, -15.589251944999944 ], [ -47.324339223999914, -15.589018515999896 ], [ -47.324264273999916, -15.588901861999943 ], [ -47.324255511999922, -15.588856971999974 ], [ -47.32420690399988, -15.588607947999947 ], [ -47.324228346999973, -15.588525507999975 ], [ -47.324249789999953, -15.588443068999879 ], [ -47.324311440999907, -15.588371948999963 ], [ -47.324476050999976, -15.588276194999935 ], [ -47.324717974999885, -15.588135467999962 ], [ -47.324758362999944, -15.588079930999982 ], [ -47.32477726399992, -15.588020103999895 ], [ -47.324757386999977, -15.587993210999969 ], [ -47.324702042999832, -15.587962175999905 ], [ -47.324544128999889, -15.587927707999881 ], [ -47.324298173999978, -15.58793843899997 ], [ -47.32417167299991, -15.587879245999886 ], [ -47.324075542999935, -15.587785401999952 ], [ -47.324068171999954, -15.587751600999979 ], [ -47.324060799999984, -15.58771779999995 ], [ -47.324089858999969, -15.587566617999926 ], [ -47.324058740999874, -15.587493316999939 ], [ -47.324027622999893, -15.587420015999896 ], [ -47.323969978999912, -15.587361502999954 ], [ -47.323960678999924, -15.587352061999979 ], [ -47.323906409999893, -15.587333663999971 ], [ -47.323797599999978, -15.587355592999813 ], [ -47.323749189999944, -15.58744373799982 ], [ -47.32369243099987, -15.587494026999877 ], [ -47.323635672999956, -15.587544315999878 ], [ -47.323574264999934, -15.587554903999944 ], [ -47.323551945999952, -15.587558751999836 ], [ -47.323518978999971, -15.587548936999895 ], [ -47.323507989999882, -15.58754566499988 ], [ -47.323464456999943, -15.587487401999965 ], [ -47.323459651999883, -15.587391687999968 ], [ -47.323477214999912, -15.587295737999909 ], [ -47.323461211999927, -15.58724034599993 ], [ -47.323445208999942, -15.587184952999905 ], [ -47.323332089999894, -15.587072315999819 ], [ -47.323250417999873, -15.587020778999886 ], [ -47.323027475999936, -15.586922852999976 ], [ -47.323013919999937, -15.586877823999885 ], [ -47.323085964999962, -15.586819242999923 ], [ -47.323278033999941, -15.586741324999878 ], [ -47.323379780999915, -15.586671588999877 ], [ -47.323450334999904, -15.586563333999891 ], [ -47.323441103999926, -15.586488445999919 ], [ -47.323395323999875, -15.586478991999911 ], [ -47.32312772399996, -15.586571493999941 ], [ -47.322947790999876, -15.586633690999918 ], [ -47.32269955199996, -15.586772732999975 ], [ -47.322610191999956, -15.586783614999888 ], [ -47.32256799899983, -15.586761473999957 ], [ -47.322525804999884, -15.586739333999958 ], [ -47.322488806999957, -15.586681904999921 ], [ -47.32233262699998, -15.586635671999943 ], [ -47.322288944999912, -15.586646974999951 ], [ -47.322245262999957, -15.586658276999913 ], [ -47.322062787999926, -15.586760485999946 ], [ -47.322005895999951, -15.586757472999977 ], [ -47.321988070999964, -15.586747271999911 ], [ -47.321970246999911, -15.58673706999997 ], [ -47.321881054999835, -15.586597075999919 ], [ -47.321767035999983, -15.586487156999965 ], [ -47.321743623999907, -15.586477465999963 ], [ -47.321720212999935, -15.586467775999893 ], [ -47.321601414999975, -15.586513297999943 ], [ -47.321581662999904, -15.58658036099996 ], [ -47.321561909999957, -15.586647423999921 ], [ -47.321455211999933, -15.586857244999976 ], [ -47.321304819999852, -15.586994348999951 ], [ -47.32126676099989, -15.587008301999958 ], [ -47.321202371999902, -15.587001753999914 ], [ -47.321115300999963, -15.58696743899992 ], [ -47.320949755999948, -15.586751457999981 ], [ -47.32087542599993, -15.586606788999916 ], [ -47.320840739999824, -15.58658908599989 ], [ -47.320743356999913, -15.586632575999943 ], [ -47.320709935999901, -15.586810453999931 ], [ -47.320676513999899, -15.586988332999965 ], [ -47.320647471999905, -15.587058203999959 ], [ -47.320488003999856, -15.587300201999938 ], [ -47.320359389999965, -15.587384675999886 ], [ -47.320193262999965, -15.587448765999966 ], [ -47.320123151999951, -15.587513649999835 ], [ -47.32008948999993, -15.587587183999972 ], [ -47.320076336999875, -15.587660952999954 ], [ -47.320063183999878, -15.587734721999936 ], [ -47.319933142999957, -15.587941174999855 ], [ -47.319889141999965, -15.587965579999832 ], [ -47.319845140999973, -15.587989985999968 ], [ -47.319569836999904, -15.588043482999979 ], [ -47.31949844899998, -15.588077662999979 ], [ -47.319270285999892, -15.58832396199989 ], [ -47.319231373999969, -15.588365967999835 ], [ -47.319126048999976, -15.58844929199995 ], [ -47.319004148999909, -15.588496834999887 ], [ -47.318882248999955, -15.588544377999938 ], [ -47.318507039999986, -15.588690713999881 ], [ -47.318463607999945, -15.588718336999932 ], [ -47.318352480999977, -15.58878901199995 ], [ -47.318215963999876, -15.58891693299995 ], [ -47.318160052999986, -15.588978561999966 ], [ -47.318011562999857, -15.589142237999909 ], [ -47.317919902999904, -15.589280527999904 ], [ -47.317889713999875, -15.589341406999893 ], [ -47.317729401999941, -15.589664690999882 ], [ -47.31768414499993, -15.58974331599984 ], [ -47.317552802999899, -15.589972054999919 ], [ -47.317523693999817, -15.590022815999873 ], [ -47.317075337999938, -15.590621831999954 ], [ -47.317000231999941, -15.590722175999929 ], [ -47.316950156999951, -15.5908284059999 ], [ -47.316941951999979, -15.590927870999963 ], [ -47.317167432999895, -15.591228069999943 ], [ -47.317182301999878, -15.59124786599989 ], [ -47.317186364999884, -15.59136075299989 ], [ -47.31715491999995, -15.591465883999888 ], [ -47.31713108799994, -15.591501820999952 ], [ -47.317107255999986, -15.591537757999902 ], [ -47.316923557999985, -15.591697795999892 ], [ -47.316767385999924, -15.591984929999967 ], [ -47.316753601999949, -15.592044131999955 ], [ -47.316685571999926, -15.592336326999884 ], [ -47.31662151699993, -15.592442704999883 ], [ -47.316659790999836, -15.592530837999902 ], [ -47.316704780999828, -15.59255294999997 ], [ -47.316757926999969, -15.59255419699997 ], [ -47.316845769999929, -15.592504580999957 ], [ -47.316968187999862, -15.592435436999835 ], [ -47.317011116999936, -15.592439952999939 ], [ -47.317054044999963, -15.592444469999975 ], [ -47.317119965999893, -15.59250430499992 ], [ -47.317134062999969, -15.592556104999971 ], [ -47.317148159999931, -15.592607903999976 ], [ -47.317117161999931, -15.592752780999888 ], [ -47.317082210999956, -15.592794707999872 ], [ -47.317030392999925, -15.592834694999908 ], [ -47.316823453999973, -15.592994385999873 ], [ -47.316814123999904, -15.59303513899988 ], [ -47.31680479399995, -15.593075891999888 ], [ -47.316851316999873, -15.593186281999976 ], [ -47.316877573999932, -15.593248584999969 ], [ -47.31679093799994, -15.593502461999833 ], [ -47.3168025679999, -15.593542090999904 ], [ -47.316840355999943, -15.593586863999974 ], [ -47.316894433999948, -15.593588100999966 ], [ -47.316936080999938, -15.593561462999901 ], [ -47.316977727999927, -15.593534823999846 ], [ -47.317195476999927, -15.593437078999841 ], [ -47.317218868999817, -15.593426578999924 ], [ -47.317230113999926, -15.593431880999958 ], [ -47.317241358999979, -15.593437182999935 ], [ -47.317248607999943, -15.59347579699994 ], [ -47.317255238999962, -15.593511118999913 ], [ -47.317227369999898, -15.593602659999931 ], [ -47.317133853999962, -15.593741872999942 ], [ -47.317070010999942, -15.593784103999951 ], [ -47.317006166999874, -15.59382633499996 ], [ -47.316833255999882, -15.593867908999982 ], [ -47.316763728999888, -15.593902069999956 ], [ -47.316683381999894, -15.593968867999877 ], [ -47.316669918999935, -15.594015084999967 ], [ -47.316685976999963, -15.594117004999873 ], [ -47.316680485999939, -15.594209212999942 ], [ -47.31664516099994, -15.594217716999935 ], [ -47.316609834999952, -15.594226219999939 ], [ -47.316520896999975, -15.594191922999926 ], [ -47.316397624999979, -15.594171539999934 ], [ -47.316242168999906, -15.59419034299998 ], [ -47.316172932999962, -15.594248884999956 ], [ -47.315996015999986, -15.594398472999899 ], [ -47.3159403169999, -15.59444367899988 ], [ -47.315667491999875, -15.594646312999885 ], [ -47.315617243999895, -15.594737185999918 ], [ -47.315590761999943, -15.59482780899998 ], [ -47.315564279999876, -15.594918431999929 ], [ -47.315585296999927, -15.595005392999951 ], [ -47.315606312999876, -15.595092353999917 ], [ -47.315704075999975, -15.595248521999963 ], [ -47.315768664999894, -15.59527268699992 ], [ -47.315833253999926, -15.595296850999887 ], [ -47.316114700999947, -15.595271665999917 ], [ -47.316268128999923, -15.595257936999928 ], [ -47.316366143999971, -15.595270455999923 ], [ -47.316390579999961, -15.595288266999887 ], [ -47.316415014999905, -15.595306077999851 ], [ -47.316418348999946, -15.595353924999813 ], [ -47.316376569999932, -15.595535053999981 ], [ -47.316335661999915, -15.59558607799994 ], [ -47.316294753999898, -15.595637101999955 ], [ -47.316089605999821, -15.595796461999839 ], [ -47.316068776999941, -15.595850887999973 ], [ -47.316071916999931, -15.595881571999939 ], [ -47.316160136999883, -15.59601796499993 ], [ -47.316180105999933, -15.596136104999971 ], [ -47.316155848999983, -15.59627811099989 ], [ -47.316146866999929, -15.596330695999882 ], [ -47.316075880999904, -15.596399752999901 ], [ -47.315888682999969, -15.596581862999869 ], [ -47.315824474999886, -15.596679136999967 ], [ -47.315801608999948, -15.59671377899997 ], [ -47.31575817799984, -15.596830780999881 ], [ -47.315765700999918, -15.596878131999972 ], [ -47.315773222999951, -15.596925483999883 ], [ -47.315823674999933, -15.597018909999974 ], [ -47.315974838999978, -15.59711579199984 ], [ -47.316077504999953, -15.597127357999909 ], [ -47.316221581999969, -15.597091056999943 ], [ -47.316358769999965, -15.59703291999989 ], [ -47.316470040999945, -15.596989600999962 ], [ -47.316503670999964, -15.596976508999944 ], [ -47.316573648999963, -15.596970410999973 ], [ -47.316609831999983, -15.596967258999882 ], [ -47.316651023999896, -15.596983085999966 ], [ -47.316676138999924, -15.597061420999978 ], [ -47.316677264999953, -15.597161690999883 ], [ -47.316702389999875, -15.597240928999895 ], [ -47.316725949999977, -15.597263717999908 ], [ -47.316749508999976, -15.597286506999922 ], [ -47.316802878999965, -15.597307626999907 ], [ -47.316853193999918, -15.597305741999946 ], [ -47.316903508999928, -15.59730385599994 ], [ -47.316969211999947, -15.597260394999978 ], [ -47.316981232999979, -15.597252443999935 ], [ -47.317105324999943, -15.597096646999944 ], [ -47.317226661999939, -15.597027609999827 ], [ -47.317304101999923, -15.597034020999899 ], [ -47.317494837999902, -15.597168428999908 ], [ -47.317737887999954, -15.597146892999945 ], [ -47.317935004999981, -15.597185468999896 ], [ -47.318038726999873, -15.597290980999958 ], [ -47.318049233999943, -15.597309300999939 ], [ -47.318088166999985, -15.597377188999872 ], [ -47.318085417999839, -15.597471777999885 ], [ -47.318084804999955, -15.597492864999936 ], [ -47.318039956999883, -15.597566516999905 ], [ -47.318007153999929, -15.597603622999884 ], [ -47.317923057999906, -15.597698748999846 ], [ -47.317876124999941, -15.597720539999955 ], [ -47.317855363999968, -15.597730179999871 ], [ -47.31781018099997, -15.597774020999964 ], [ -47.317800302999956, -15.597807552999882 ], [ -47.317848699999956, -15.597883834999948 ], [ -47.317863280999916, -15.597886845999938 ], [ -47.317940262999912, -15.597902744999942 ], [ -47.318009046999919, -15.59788530499992 ], [ -47.318077830999925, -15.597867865999888 ], [ -47.318149090999952, -15.597821942999929 ], [ -47.318165383999883, -15.597801981999964 ], [ -47.318312316999936, -15.597621968999874 ], [ -47.318332071999976, -15.597597765999922 ], [ -47.318481146999886, -15.59747742199994 ], [ -47.318546387999959, -15.597424754999906 ], [ -47.318642802999932, -15.597377661999928 ], [ -47.318788404999907, -15.597394194999936 ], [ -47.318881800999918, -15.597424921999902 ], [ -47.318952435999904, -15.59747467699998 ], [ -47.319002223999917, -15.597757830999853 ], [ -47.319027191999965, -15.597781508999958 ], [ -47.319052159999956, -15.59780518599996 ], [ -47.319133542999964, -15.597830526999928 ], [ -47.319241486999942, -15.597814029999881 ], [ -47.319283876999975, -15.597776049999936 ], [ -47.31951188599993, -15.597571763999895 ], [ -47.319530297999904, -15.597567785999956 ], [ -47.31970530399991, -15.597529970999915 ], [ -47.319877054999949, -15.597552328999882 ], [ -47.320031286999892, -15.597588866999899 ], [ -47.320123868999929, -15.59765402499994 ], [ -47.32017363999995, -15.597731010999951 ], [ -47.320182144999933, -15.597755721999931 ], [ -47.320170717999986, -15.597771718999923 ], [ -47.320119652999949, -15.597794325999928 ], [ -47.320101681999972, -15.597797721999939 ], [ -47.320077758999844, -15.59782552899992 ], [ -47.320053834999896, -15.597853336999947 ], [ -47.320027885999878, -15.59790312399997 ], [ -47.320020547999889, -15.597960293999904 ], [ -47.320035884999925, -15.59802653099996 ], [ -47.320085018999976, -15.598083663999887 ], [ -47.320152, -15.59812784899998 ], [ -47.320224224999947, -15.598167740999941 ], [ -47.320239276999985, -15.598184217999972 ], [ -47.320244990999981, -15.598203071999933 ], [ -47.320260565999945, -15.598220125999887 ], [ -47.320289553999942, -15.598223639999844 ], [ -47.320334117999892, -15.598217354999861 ], [ -47.32037194499992, -15.598206835999974 ], [ -47.320437927999876, -15.598170828999912 ], [ -47.320447914999932, -15.598165378999909 ], [ -47.320598870999959, -15.598121169999956 ], [ -47.32085114299997, -15.598047286999929 ], [ -47.320905446999916, -15.598054525999885 ], [ -47.320928792999894, -15.598065279999958 ], [ -47.320962578999968, -15.598092233999978 ], [ -47.320984518999978, -15.59813712599987 ], [ -47.32100214299993, -15.598232429999939 ], [ -47.321005361999937, -15.598249835999979 ], [ -47.32105574499991, -15.59831623599996 ], [ -47.321070647999932, -15.598335875999965 ], [ -47.321112266999819, -15.598355044999948 ], [ -47.321157611999922, -15.598360253999942 ], [ -47.321173377999969, -15.598349899999903 ], [ -47.321365010999955, -15.598224048999953 ], [ -47.321412075999945, -15.598193139999978 ], [ -47.321461463999924, -15.598191714999871 ], [ -47.321535562999941, -15.59823248999993 ], [ -47.321572732999982, -15.598284353999873 ], [ -47.321589542999959, -15.598307807999959 ], [ -47.321606240999984, -15.598383520999903 ], [ -47.321606518999943, -15.598435066999912 ], [ -47.321607952999955, -15.598701512999924 ], [ -47.321618966999893, -15.59872759599989 ], [ -47.321629979999841, -15.598753678999913 ], [ -47.321675113999845, -15.598788436999939 ], [ -47.321703551999974, -15.598789226999941 ], [ -47.321773697999902, -15.598768422999967 ], [ -47.321889121999959, -15.598704963999978 ], [ -47.321931189999873, -15.598681834999923 ], [ -47.322003716999859, -15.59866571099991 ], [ -47.322100070999909, -15.598613195999917 ], [ -47.322110160999955, -15.59860099399998 ], [ -47.322154329999876, -15.59854757599993 ], [ -47.322160931999974, -15.598471616999916 ], [ -47.322033863999934, -15.598279623999929 ], [ -47.321999564999942, -15.598130918999971 ], [ -47.322033369999986, -15.598070031999839 ], [ -47.32211002899993, -15.598006884999961 ], [ -47.322147790999963, -15.598007840999912 ], [ -47.322185553999873, -15.59800879699992 ], [ -47.322239137999986, -15.598048884999969 ], [ -47.322362675999955, -15.598379195999939 ], [ -47.322412129999975, -15.598511423999923 ], [ -47.322442001999946, -15.598617556999841 ], [ -47.322446346999982, -15.598652901999913 ], [ -47.322426856999982, -15.598701892999884 ], [ -47.322407366999926, -15.598750884999959 ], [ -47.322402072999864, -15.598860256999956 ], [ -47.322429590999832, -15.598932118999926 ], [ -47.322492347999969, -15.599096002999886 ], [ -47.322641566999948, -15.599351001999935 ], [ -47.322646816999963, -15.599403345999917 ], [ -47.322570762999874, -15.599498794999931 ], [ -47.322532837999916, -15.599546389999944 ], [ -47.322508821999975, -15.599648732999981 ], [ -47.322545300999877, -15.599678530999938 ], [ -47.322658409999917, -15.599770921999948 ], [ -47.322721141999978, -15.599795554999957 ], [ -47.322783873999924, -15.599820187999967 ], [ -47.322828988999902, -15.599853138999947 ], [ -47.322846556999934, -15.599881862999894 ], [ -47.322864125999899, -15.599910586999954 ], [ -47.322881610999843, -15.600138971999968 ], [ -47.322903921999909, -15.600216430999978 ], [ -47.322972473999982, -15.600343994999946 ], [ -47.32310889199988, -15.600436271999968 ], [ -47.323136853999983, -15.60045518599992 ], [ -47.323205527999903, -15.600593589999903 ], [ -47.323188442999935, -15.600731995999979 ], [ -47.323169853999957, -15.600778267999829 ], [ -47.323151265999968, -15.600824539999905 ], [ -47.323068214999978, -15.600899499999912 ], [ -47.323021513999947, -15.600961239999947 ], [ -47.322969016999878, -15.601030642999945 ], [ -47.322971129999985, -15.601052754999955 ], [ -47.322973242999979, -15.601074866999966 ], [ -47.323018642999898, -15.601133109999978 ], [ -47.323063635999972, -15.601155220999942 ], [ -47.323132668999904, -15.601159910999968 ], [ -47.32318924499998, -15.601134468999817 ], [ -47.323245820999944, -15.601109025999904 ], [ -47.323400181999943, -15.600992656999892 ], [ -47.323495048999973, -15.600973584999906 ], [ -47.323506405999922, -15.600988822999909 ], [ -47.323517763999973, -15.601004061999959 ], [ -47.323516824999899, -15.601086283999905 ], [ -47.323455200999945, -15.601160113999981 ], [ -47.323394527999824, -15.601194182999961 ], [ -47.323333853999941, -15.601228251999942 ], [ -47.323163030999922, -15.601372800999968 ], [ -47.323080704999882, -15.60147079099994 ], [ -47.322998378999898, -15.601568780999969 ], [ -47.322908026999983, -15.601740485999926 ], [ -47.322933171999921, -15.601986858999908 ], [ -47.32306934699983, -15.602172082999971 ], [ -47.323141438999926, -15.602270141999895 ], [ -47.323149922999903, -15.60236129999987 ], [ -47.323121674999982, -15.602437545999976 ], [ -47.323102878999919, -15.602488277999896 ], [ -47.32305530699989, -15.602568283999972 ], [ -47.323043782999946, -15.602703920999886 ], [ -47.323062816999823, -15.602784205999967 ], [ -47.323074120999934, -15.602831887999912 ], [ -47.32308090399988, -15.602937518999966 ], [ -47.323063085999934, -15.60301088499989 ], [ -47.322991035999905, -15.603069466999955 ], [ -47.322898750999911, -15.603118291999976 ], [ -47.322787171999948, -15.60317732499982 ], [ -47.322741421999979, -15.6032536969999 ], [ -47.322739184999932, -15.603303409999967 ], [ -47.322804192999911, -15.603447272999972 ], [ -47.322850612999957, -15.603495334999934 ], [ -47.322886248999964, -15.603532230999974 ], [ -47.322896727999932, -15.603548598999964 ], [ -47.322940333999895, -15.603616704999922 ], [ -47.322948873999962, -15.603630043999885 ], [ -47.32296077399991, -15.603776274999973 ], [ -47.322988220999946, -15.603813024999909 ], [ -47.323186378999935, -15.603860618999931 ], [ -47.323364583999933, -15.603834706999919 ], [ -47.323420903999875, -15.603826517999892 ], [ -47.323502946999895, -15.603827456999966 ], [ -47.323540376999972, -15.603840160999937 ], [ -47.323577806999879, -15.603852864999851 ], [ -47.323592026999904, -15.603873944999975 ], [ -47.32360624699993, -15.603895025999975 ], [ -47.323590950999915, -15.6039439729999 ], [ -47.323466515999939, -15.604077386999961 ], [ -47.323445423999942, -15.6041 ], [ -47.323413523999875, -15.604164480999941 ], [ -47.323402686999941, -15.604236870999898 ], [ -47.32339184999995, -15.604309259999866 ], [ -47.323398948999909, -15.604360228999894 ], [ -47.323406047999981, -15.604411197999923 ], [ -47.323387440999966, -15.604497221999964 ], [ -47.323340179999946, -15.604522113999963 ], [ -47.323300757999959, -15.604498138999929 ], [ -47.323202601999924, -15.604390763999959 ], [ -47.323139797999886, -15.60435980799997 ], [ -47.323067370999922, -15.60438496699993 ], [ -47.323042855999859, -15.604443045999915 ], [ -47.323053048999896, -15.604479075999961 ], [ -47.323063242999922, -15.604515105999951 ], [ -47.323106977999942, -15.60455169599993 ], [ -47.323383672999967, -15.604783189999978 ], [ -47.323471657999903, -15.604856801999972 ], [ -47.323513635999973, -15.604942183999981 ], [ -47.323521686999868, -15.604994949999934 ], [ -47.32352973899998, -15.605047715999945 ], [ -47.323521089999986, -15.605107433999933 ], [ -47.323481288999972, -15.605215363999946 ], [ -47.32344148899989, -15.605323293999902 ], [ -47.323376391999943, -15.605434526999886 ], [ -47.323360089999881, -15.605462380999882 ], [ -47.323354440999879, -15.605540135999831 ], [ -47.323429060999842, -15.605626979999897 ], [ -47.323477656999955, -15.605637758999933 ], [ -47.323526251999965, -15.605648537999912 ], [ -47.323659790999898, -15.605616282999904 ], [ -47.323733564999884, -15.605598462999865 ], [ -47.32392294999994, -15.605611817999886 ], [ -47.323961612999938, -15.605651159999979 ], [ -47.32395816199994, -15.605672503999926 ], [ -47.323889634999944, -15.606171396999912 ], [ -47.323935393999875, -15.606178591999878 ], [ -47.323961172999816, -15.60619141899997 ], [ -47.32409277499994, -15.606155604999969 ], [ -47.324168415999907, -15.606135019999954 ], [ -47.324276020999946, -15.606142748999957 ], [ -47.324299960999952, -15.606144468999901 ], [ -47.324342403999935, -15.606188287999885 ], [ -47.324347612999986, -15.606237018999934 ], [ -47.324285010999972, -15.606327436999948 ], [ -47.324275149999949, -15.60634168099989 ], [ -47.324263490999954, -15.606443406999972 ], [ -47.324261569999976, -15.606460174999938 ], [ -47.324284613999907, -15.60647845099993 ], [ -47.324307658999885, -15.606496727999911 ], [ -47.324583553999958, -15.606493807999868 ], [ -47.324656989999937, -15.606558077999921 ], [ -47.324669471999982, -15.606755797999938 ], [ -47.324686307999968, -15.606827544999931 ], [ -47.324714515999972, -15.606947752999929 ], [ -47.324808602999951, -15.607119835999981 ], [ -47.324822069999982, -15.607144466999955 ], [ -47.324908465999954, -15.607215957999927 ], [ -47.324933104999957, -15.607236344999933 ], [ -47.324999149999883, -15.607223901999873 ], [ -47.325077877999945, -15.607178799999872 ], [ -47.325171157999932, -15.607184135999944 ], [ -47.325291497999842, -15.607283956999879 ], [ -47.325306660999956, -15.607296534999932 ], [ -47.325331596999945, -15.607358607999913 ], [ -47.325331851999977, -15.607381190999945 ], [ -47.325332106999895, -15.60740377399992 ], [ -47.32529068499997, -15.60748178599988 ], [ -47.325179665999826, -15.607690872999967 ], [ -47.325177108999981, -15.607712130999971 ], [ -47.325174551999908, -15.607733388999918 ], [ -47.325228739999886, -15.607826772999942 ], [ -47.325316431999966, -15.607915283999887 ], [ -47.325306254999816, -15.608004831999835 ], [ -47.325212439999973, -15.608034734999933 ], [ -47.325079647999985, -15.608008254999959 ], [ -47.325027449999936, -15.607997845999876 ], [ -47.324892316999922, -15.608001082999976 ], [ -47.324797865999926, -15.608057192999979 ], [ -47.324781793999932, -15.608078593999892 ], [ -47.324765720999949, -15.608099994999975 ], [ -47.324763555999937, -15.608151006999947 ], [ -47.324762037999903, -15.608186762999878 ], [ -47.32485987099983, -15.608346483999924 ], [ -47.324876948999986, -15.608374364999861 ], [ -47.324880487999849, -15.608440277999875 ], [ -47.324836077999976, -15.608552773999975 ], [ -47.324844472999985, -15.608571337999877 ], [ -47.324871450999979, -15.608630998999956 ], [ -47.324907367999856, -15.608652939999899 ], [ -47.325035717999981, -15.608731347999822 ], [ -47.325052705999951, -15.608928356999968 ], [ -47.325055019999979, -15.608955194999965 ], [ -47.325100312999894, -15.609045058999925 ], [ -47.325145605999921, -15.609134922999885 ], [ -47.325230491999946, -15.609222560999967 ], [ -47.325323247999961, -15.609264039999914 ], [ -47.325372604999984, -15.609257768999953 ], [ -47.325555964999978, -15.609234472999958 ], [ -47.325583213999892, -15.60925360799996 ], [ -47.325610463999851, -15.609272743999952 ], [ -47.325634509999986, -15.609338439999931 ], [ -47.32554546199998, -15.609460442999932 ], [ -47.325467709999941, -15.609514684999965 ], [ -47.325327178999942, -15.609612724999977 ], [ -47.325209858999926, -15.609717167999918 ], [ -47.325190582999937, -15.609734327999945 ], [ -47.325166847999981, -15.609778847999962 ], [ -47.325169129999949, -15.609815863999927 ], [ -47.325275092999902, -15.609953870999959 ], [ -47.325271720999979, -15.609985526999935 ], [ -47.325216894999983, -15.610083678999956 ], [ -47.325214647999985, -15.61013248799992 ], [ -47.325258003999977, -15.610174489999963 ], [ -47.325398296999879, -15.610215465999943 ], [ -47.325447111999836, -15.610245665999969 ], [ -47.325465406999911, -15.610264116999872 ], [ -47.325550833999955, -15.610350268999923 ], [ -47.325761755999849, -15.61057700899994 ], [ -47.325823565999883, -15.610613891999947 ], [ -47.325867729999914, -15.610605400999873 ], [ -47.325906019999877, -15.61055721199989 ], [ -47.326029751999897, -15.610338928999965 ], [ -47.32606509999988, -15.610287903999904 ], [ -47.32612987899995, -15.610259571999961 ], [ -47.326191697999889, -15.610273770999981 ], [ -47.326241728999946, -15.6103191549999 ], [ -47.326297635999936, -15.610395731999972 ], [ -47.326371164999898, -15.610582894999879 ], [ -47.326379964999944, -15.610667960999933 ], [ -47.326365219999957, -15.610733169999889 ], [ -47.326329872999963, -15.61078419599994 ], [ -47.32594998899998, -15.611059097999942 ], [ -47.325926710999909, -15.611117005999859 ], [ -47.325944355999923, -15.61116804999989 ], [ -47.325985562999961, -15.611193582999874 ], [ -47.326065053999969, -15.611187940999969 ], [ -47.326462517999914, -15.611134207999953 ], [ -47.32652139999982, -15.61113139299988 ], [ -47.326568493999957, -15.611159763999922 ], [ -47.326574368999957, -15.611193790999891 ], [ -47.326594940999939, -15.611290201999964 ], [ -47.326624366999965, -15.611327072999927 ], [ -47.326686178999864, -15.61136111999997 ], [ -47.326924601999963, -15.611474619999967 ], [ -47.32698051899996, -15.611528512999882 ], [ -47.327021714999887, -15.611582399999975 ], [ -47.327030523999952, -15.611641946999953 ], [ -47.327018720999945, -15.611715663999917 ], [ -47.326953898999875, -15.611857411999836 ], [ -47.326953878999973, -15.611908449999873 ], [ -47.326974477999897, -15.611933975999932 ], [ -47.327274736999982, -15.612021978999962 ], [ -47.327325793999933, -15.612060397999926 ], [ -47.327337555999918, -15.612100097999928 ], [ -47.327316878999909, -15.612284392999982 ], [ -47.327300621999882, -15.612426157999892 ], [ -47.327312372999984, -15.612494212999934 ], [ -47.327350620999937, -15.612559440999917 ], [ -47.327485993999971, -15.612701258999948 ], [ -47.327512468999942, -15.612757975999898 ], [ -47.327550699999961, -15.612871405999954 ], [ -47.327585997999961, -15.612953645999937 ], [ -47.327621316999966, -15.612979176999943 ], [ -47.327686089999986, -15.612967857999877 ], [ -47.327954063999982, -15.612792153999976 ], [ -47.328007062999973, -15.612775158999909 ], [ -47.328057109999975, -15.612780847999943 ], [ -47.32809537199995, -15.61280921499997 ], [ -47.328107130999911, -15.612857420999887 ], [ -47.328133511999965, -15.613169326999923 ], [ -47.328147403999878, -15.613226662999978 ], [ -47.328173878999962, -15.613283379999871 ], [ -47.328271005999966, -15.613357134999944 ], [ -47.328294539999888, -15.613408179999965 ], [ -47.328297465999867, -15.61345638399996 ], [ -47.328273903999957, -15.61348189399996 ], [ -47.328220907999935, -15.613490381999952 ], [ -47.327894145999892, -15.613410877999911 ], [ -47.327844095999922, -15.613413695999895 ], [ -47.327802866999889, -15.613444870999899 ], [ -47.327791066999964, -15.613510081999948 ], [ -47.327817534999951, -15.613586647999909 ], [ -47.328102921999914, -15.614091450999922 ], [ -47.328129392999983, -15.614160026999912 ], [ -47.328120541999965, -15.614211061999981 ], [ -47.32794675599996, -15.614443506999919 ], [ -47.327905511999916, -15.61451437799991 ], [ -47.327890765999939, -15.614585258999853 ], [ -47.327896628999895, -15.61465331099987 ], [ -47.328279121999856, -15.615294247999884 ], [ -47.328290917999936, -15.6153460459999 ], [ -47.328282060999925, -15.61541409299997 ], [ -47.328214266999908, -15.615629561999924 ], [ -47.328217181999946, -15.615706118999867 ], [ -47.328258376999827, -15.615768512999978 ], [ -47.328329026999882, -15.615791219999892 ], [ -47.328402635999964, -15.615771396999946 ], [ -47.328470368999945, -15.615720382999882 ], [ -47.328697200999898, -15.615349019999883 ], [ -47.328747261999865, -15.615317846999972 ], [ -47.328812027999959, -15.61532921099996 ], [ -47.328867945999889, -15.615383102999942 ], [ -47.328885582999931, -15.615456829999914 ], [ -47.328864743999986, -15.616086286999973 ], [ -47.328862442999878, -15.616187778999915 ], [ -47.328874190999954, -15.61626433999993 ], [ -47.329000637999968, -15.616675518999955 ], [ -47.329027088999908, -15.616799632999914 ], [ -47.329029998999886, -15.61689320399995 ], [ -47.329000535999967, -15.616952736999963 ], [ -47.328918072999954, -15.617029265999918 ], [ -47.328429203999917, -15.617420387999971 ], [ -47.328367349999951, -15.617491251999866 ], [ -47.328308419999985, -15.617618825999955 ], [ -47.328290720999917, -15.617712388999962 ], [ -47.328299513999923, -15.617817302999924 ], [ -47.328340699999956, -15.61790521599994 ], [ -47.328408389999879, -15.617973288999963 ], [ -47.328534971999886, -15.61801869899989 ], [ -47.328664511999932, -15.618024413999933 ], [ -47.329035474999898, -15.618018868999911 ], [ -47.32910138099993, -15.618051720999972 ], [ -47.329136692999953, -15.618099934999975 ], [ -47.329136669999912, -15.61816231399996 ], [ -47.329101303999948, -15.618261541999914 ], [ -47.329030602999865, -15.618374934999963 ], [ -47.328414991999978, -15.619154466999873 ], [ -47.328385517999948, -15.619241159999945 ], [ -47.328370750999966, -15.619368748999932 ], [ -47.328385432999937, -15.61947366499993 ], [ -47.328426620999892, -15.61955590599996 ], [ -47.328491371999917, -15.61960980099991 ], [ -47.328891716999919, -15.619771556999979 ], [ -47.328959416999908, -15.619814110999926 ], [ -47.329009442999961, -15.619882177999955 ], [ -47.329135923999957, -15.620202623999944 ], [ -47.329193403999909, -15.620259554999961 ], [ -47.329269942999929, -15.620287934999965 ], [ -47.329378880999968, -15.620276630999911 ], [ -47.330003083999941, -15.620166259999962 ], [ -47.330088460999889, -15.620174793999922 ], [ -47.330135549999966, -15.62022301199994 ], [ -47.330141415999947, -15.62028539399995 ], [ -47.330111944999885, -15.620367610999892 ], [ -47.3299145659999, -15.620699288999901 ], [ -47.329896877999943, -15.620764497999971 ], [ -47.32990863699996, -15.620812703999945 ], [ -47.329955735999931, -15.620832567999912 ], [ -47.330032289999963, -15.620818415999906 ], [ -47.330312002999904, -15.620770307999919 ], [ -47.33038560499989, -15.620776002999946 ], [ -47.330441530999963, -15.620812403999935 ], [ -47.330476824999948, -15.620911654999873 ], [ -47.330514894999908, -15.621481587999881 ], [ -47.330535456999939, -15.621612023999944 ], [ -47.330564870999979, -15.621691424999938 ], [ -47.33061195199997, -15.621762326999942 ], [ -47.331063055999891, -15.622376546999931 ], [ -47.331092476999913, -15.622436100999892 ], [ -47.331104229999937, -15.62250131899998 ], [ -47.331083605999822, -15.622543843999949 ], [ -47.331042382999954, -15.622555171999977 ], [ -47.330818625999939, -15.622552261999942 ], [ -47.330683187999909, -15.622566394999922 ], [ -47.330600739999909, -15.622594720999871 ], [ -47.330535945999884, -15.622657078999964 ], [ -47.330426966999937, -15.622778965999942 ], [ -47.330376893999983, -15.622838493999893 ], [ -47.330179589999887, -15.622957515999872 ], [ -47.3301295199999, -15.623010424999904 ], [ -47.330102996999926, -15.623078466999857 ], [ -47.330094098999837, -15.62325993099995 ], [ -47.330088179999962, -15.623344990999954 ], [ -47.330076364999968, -15.623449897999933 ], [ -47.330076334999944, -15.623534960999962 ], [ -47.330085125999972, -15.623648380999953 ], [ -47.330102767999847, -15.623713601999896 ], [ -47.330132196999955, -15.623750471999927 ], [ -47.330191078999974, -15.62375616199995 ], [ -47.330426625999905, -15.623727885999926 ], [ -47.330488448999972, -15.623742083999957 ], [ -47.330509044999985, -15.623778950999906 ], [ -47.33050607399997, -15.623855506999917 ], [ -47.330497165999873, -15.624065325999879 ], [ -47.330501298999934, -15.624117203999901 ], [ -47.33052483799986, -15.62415974299995 ], [ -47.33060723299991, -15.624278858999958 ], [ -47.330657257999974, -15.624355431999902 ], [ -47.330686673999935, -15.624429161999956 ], [ -47.330674870999928, -15.624500043999944 ], [ -47.330524630999946, -15.624735334999968 ], [ -47.330495166999981, -15.624794868999913 ], [ -47.330492206999907, -15.624840234999965 ], [ -47.330518690999952, -15.624879938999982 ], [ -47.331001471999969, -15.625084249999816 ], [ -47.331048566999925, -15.625119889999894 ], [ -47.331069158999867, -15.625168098999893 ], [ -47.331063150999967, -15.62550551299995 ], [ -47.331083737999904, -15.625567898999861 ], [ -47.331142605999901, -15.625616119999961 ], [ -47.331389885999954, -15.625715441999887 ], [ -47.331416368999896, -15.625757981999868 ], [ -47.331416349999984, -15.625811854999881 ], [ -47.331383939999967, -15.625877058999947 ], [ -47.33108351899989, -15.626183184999945 ], [ -47.331054054999925, -15.626242719999937 ], [ -47.331048142999975, -15.626307931999975 ], [ -47.331071676999898, -15.626364648999981 ], [ -47.33112759799991, -15.626421375999939 ], [ -47.331506942999852, -15.626687826999955 ], [ -47.331583479999949, -15.626724711999941 ], [ -47.331710075999979, -15.626744601999974 ], [ -47.332113406999952, -15.626832630999957 ], [ -47.332181119999859, -15.626846829999977 ], [ -47.332219384999917, -15.626875196999947 ], [ -47.332231150999974, -15.626909225999896 ], [ -47.332198744999971, -15.626963088999901 ], [ -47.332110391999947, -15.627033945999926 ], [ -47.332042661999935, -15.627070783999955 ], [ -47.331954322999934, -15.627101944999936 ], [ -47.331895438999936, -15.627099089999888 ], [ -47.331715860999907, -15.627036651999958 ], [ -47.331642262999935, -15.627014711999948 ], [ -47.331598097999915, -15.627017532999901 ], [ -47.331556865999971, -15.627051543999869 ], [ -47.33150972999988, -15.627130920999946 ], [ -47.331492026999967, -15.627235824999843 ], [ -47.33149787799988, -15.627343572999962 ], [ -47.331524355999875, -15.627400289999969 ], [ -47.33157145399997, -15.627428659999964 ], [ -47.331633283999906, -15.62742867999998 ], [ -47.331966013999931, -15.627346561999957 ], [ -47.332092616999887, -15.627346602999864 ], [ -47.332272196999952, -15.627403369999854 ], [ -47.332392883999944, -15.627482800999928 ], [ -47.332419358999914, -15.627548023999907 ], [ -47.332404618999874, -15.627601891999916 ], [ -47.332331001999933, -15.627633057999958 ], [ -47.332230882999966, -15.627672721999943 ], [ -47.33216608999993, -15.627726573999951 ], [ -47.332124847999978, -15.627791774999935 ], [ -47.332115991999956, -15.627856905999977 ], [ -47.33213952899996, -15.627905115999965 ], [ -47.332227846999899, -15.627933497999948 ], [ -47.332325014999924, -15.627913681999871 ], [ -47.332466352999916, -15.627876866999941 ], [ -47.332528183999955, -15.627874051999981 ], [ -47.332592949999935, -15.627896755999927 ], [ -47.33262826299989, -15.627947804999963 ], [ -47.332634132999942, -15.628001679999954 ], [ -47.332610551999949, -15.628078228999982 ], [ -47.332440245999976, -15.628251797999951 ], [ -47.332308540999918, -15.628313350999917 ], [ -47.332206952999968, -15.628324187999908 ], [ -47.332128982999961, -15.628300399999887 ], [ -47.332061853999846, -15.628241589999902 ], [ -47.33203746199996, -15.628165156999898 ], [ -47.33204055799996, -15.628041701999905 ], [ -47.332025315999942, -15.62798584699982 ], [ -47.331973435999885, -15.627962314999934 ], [ -47.331924593999929, -15.627979935999861 ], [ -47.331872681999982, -15.628044585999874 ], [ -47.331857388999879, -15.628135702999941 ], [ -47.331887847999838, -15.628317957999855 ], [ -47.331976294999947, -15.628511988999833 ], [ -47.332043418999831, -15.628585495999971 ], [ -47.332128873999977, -15.628611978999913 ], [ -47.332290645999933, -15.628606152999964 ], [ -47.332595879999985, -15.628588614999956 ], [ -47.332733223999981, -15.628612174999944 ], [ -47.332827819999977, -15.628682751999918 ], [ -47.332861374999936, -15.628741550999905 ], [ -47.33285220099998, -15.628791518999947 ], [ -47.332791143999884, -15.628823831999966 ], [ -47.332723975999897, -15.628873780999925 ], [ -47.332684270999835, -15.628947253999968 ], [ -47.332684246999918, -15.629017799999929 ], [ -47.332705595999983, -15.629067122999913 ], [ -47.332736108999939, -15.629094241999951 ], [ -47.332855140999925, -15.629117140999881 ], [ -47.332891755999924, -15.629152425999962 ], [ -47.332894792999923, -15.629196517999958 ], [ -47.332855096999936, -15.629243536999979 ], [ -47.332760444999906, -15.629331688999969 ], [ -47.332739059999938, -15.629384591999894 ], [ -47.332748200999958, -15.629431625999871 ], [ -47.333059453999965, -15.629663940999933 ], [ -47.333157115999938, -15.629703185999972 ], [ -47.333233422999967, -15.629706148999958 ], [ -47.333306696999898, -15.629653262999909 ], [ -47.333468549999964, -15.629424036999978 ], [ -47.333538762999922, -15.629397603999905 ], [ -47.333627276999948, -15.629406449999919 ], [ -47.333898888999954, -15.62954174999993 ], [ -47.333929397999896, -15.629582911999876 ], [ -47.33392632999994, -15.629627001999893 ], [ -47.333886631999917, -15.629676960999916 ], [ -47.333779750999952, -15.629818020999892 ], [ -47.333746149999854, -15.629891495999914 ], [ -47.333727809999914, -15.629964976999872 ], [ -47.333721665999974, -15.630079612999964 ], [ -47.33370637999991, -15.63015015499991 ], [ -47.333669740999937, -15.630182476999948 ], [ -47.333511004999934, -15.63022357899996 ], [ -47.333437738999976, -15.630252949999885 ], [ -47.333401095999875, -15.63029408999995 ], [ -47.33339191999994, -15.630349935999845 ], [ -47.333468141999958, -15.630602751999959 ], [ -47.333477264999885, -15.630699756999945 ], [ -47.333471139999915, -15.630761482999958 ], [ -47.333428383999944, -15.630829075999941 ], [ -47.333312369999931, -15.630902524999897 ], [ -47.333266985999899, -15.630931902999862 ], [ -47.333242552999934, -15.630973046999884 ], [ -47.333245591999912, -15.631011260999855 ], [ -47.333282205999922, -15.63105242499995 ], [ -47.333706392999943, -15.631302412999958 ], [ -47.333746312999949, -15.63135498399987 ], [ -47.333753513999909, -15.631435348999958 ], [ -47.333702667999887, -15.631512181999824 ], [ -47.333633704999954, -15.631554065999978 ], [ -47.333542990999831, -15.631571477999842 ], [ -47.333466822999924, -15.631539984999904 ], [ -47.33331458899994, -15.631326761999844 ], [ -47.333245686999931, -15.631281297999976 ], [ -47.333107838999979, -15.631253258999891 ], [ -47.333024390999981, -15.631256699999824 ], [ -47.332973580999976, -15.631281125999976 ], [ -47.332933633999858, -15.631337002999885 ], [ -47.332900913999879, -15.631434810999906 ], [ -47.332929600999876, -15.631927466999969 ], [ -47.33295493299994, -15.632021817999885 ], [ -47.333005668999931, -15.632105702999979 ], [ -47.333070935999956, -15.632161646999975 ], [ -47.333328484999925, -15.632228193999822 ], [ -47.333372000999873, -15.632259665999925 ], [ -47.333375425999975, -15.632293360999881 ], [ -47.333341833999953, -15.632337413999892 ], [ -47.33309154899996, -15.632475352999847 ], [ -47.333061020999935, -15.632498838999936 ], [ -47.333042686999931, -15.632539962999942 ], [ -47.333054860999937, -15.632584043999941 ], [ -47.333219506999967, -15.63275162899987 ], [ -47.333236164999846, -15.632796237999912 ], [ -47.333220884999889, -15.632831486999976 ], [ -47.333162888999823, -15.632866709999973 ], [ -47.333092705999945, -15.632875479999825 ], [ -47.332714319999923, -15.632939880999913 ], [ -47.33264718099997, -15.632960406999928 ], [ -47.332586118999984, -15.633019132999891 ], [ -47.332521951999979, -15.633154250999951 ], [ -47.332485273999964, -15.63324825199993 ], [ -47.332488286999933, -15.633304079999846 ], [ -47.33252484999997, -15.633377559999872 ], [ -47.332601015999956, -15.633542150999915 ], [ -47.332622312999945, -15.633630440999923 ], [ -47.332619215999955, -15.633698017999848 ], [ -47.332597800999963, -15.633780275999982 ], [ -47.332552001999886, -15.633827258999872 ], [ -47.332466555999929, -15.633847771999967 ], [ -47.332228534999956, -15.633894631999965 ], [ -47.332169959999931, -15.633918100999949 ], [ -47.332121104999942, -15.633970957999964 ], [ -47.332090534999907, -15.6340561479999 ], [ -47.332035236999957, -15.634605564999958 ], [ -47.332013183999891, -15.634652458999938 ], [ -47.331964338999967, -15.634690624999905 ], [ -47.331921621999982, -15.634690597999906 ], [ -47.331741653999984, -15.634617026999933 ], [ -47.331662324999911, -15.634614037999938 ], [ -47.331604330999937, -15.634646321999981 ], [ -47.331579880999925, -15.634705070999928 ], [ -47.331592044999979, -15.634763843999906 ], [ -47.331784020999862, -15.635122433999925 ], [ -47.331802266999944, -15.635210592999954 ], [ -47.331777821999879, -15.635263465999969 ], [ -47.331695404999891, -15.635313362999909 ], [ -47.331600810999873, -15.635325055999886 ], [ -47.331515397999908, -15.635295617999873 ], [ -47.331311046999986, -15.635183832999928 ], [ -47.331204278999962, -15.635151443999916 ], [ -47.33112799599985, -15.635157270999969 ], [ -47.331079152999962, -15.63519249899997 ], [ -47.331069968999941, -15.635236566999936 ], [ -47.331105586999968, -15.635377438999967 ], [ -47.331102490999967, -15.635442077999926 ], [ -47.33107498999982, -15.635500825999884 ], [ -47.330791098999953, -15.635688690999871 ], [ -47.33073627999994, -15.635733717999869 ], [ -47.330705720999902, -15.635801277999974 ], [ -47.330714837999949, -15.635854171999881 ], [ -47.330958674999977, -15.636224547999973 ], [ -47.330992196999887, -15.636283334999973 ], [ -47.331034888999966, -15.636318620999873 ], [ -47.331083705999902, -15.636321590999955 ], [ -47.331141692999893, -15.636301060999926 ], [ -47.3312821049999, -15.636218879999944 ], [ -47.33133703399983, -15.636207161999948 ], [ -47.331379744999879, -15.636216003999891 ], [ -47.331398029999889, -15.636248336999927 ], [ -47.331611282999972, -15.636730348999833 ], [ -47.331618899999967, -15.636766499999965 ], [ -47.331609382999886, -15.636803055999962 ], [ -47.33139799099996, -15.637088560999871 ], [ -47.331333884999935, -15.637141077999956 ], [ -47.33123657799996, -15.63716386599998 ], [ -47.331167762999939, -15.637161536999884 ], [ -47.331115583999974, -15.637124940999968 ], [ -47.331072915999982, -15.637058644999968 ], [ -47.33104213699994, -15.636958079999943 ], [ -47.33100608899997, -15.636928787999977 ], [ -47.330958631999977, -15.636926471999971 ], [ -47.330906404999894, -15.636956145999932 ], [ -47.330856519999941, -15.637031522999962 ], [ -47.330808969999907, -15.637161744999901 ], [ -47.330797048999898, -15.637241715999949 ], [ -47.330789533999905, -15.637812992999955 ], [ -47.330799510999952, -15.63792664999994 ], [ -47.330823206999924, -15.637974652999844 ], [ -47.330870645999937, -15.638004389999821 ], [ -47.330948951999972, -15.638006724999912 ], [ -47.331195754999953, -15.637984032999896 ], [ -47.331257451999818, -15.637984071999824 ], [ -47.331300158999966, -15.637993239999957 ], [ -47.331330990999959, -15.638018395999893 ], [ -47.331335713999977, -15.638050390999979 ], [ -47.331304838999984, -15.638089217999891 ], [ -47.331160008999916, -15.638203381999915 ], [ -47.331088796999893, -15.638235327999894 ], [ -47.331000987999914, -15.63824898199988 ], [ -47.330728078999982, -15.638276227999938 ], [ -47.330654496999841, -15.638305886999888 ], [ -47.330623615999968, -15.638351568999951 ], [ -47.330614082999944, -15.638410975999875 ], [ -47.330623517999925, -15.638493246999928 ], [ -47.330673772999944, -15.638767493999978 ], [ -47.330666612999948, -15.638826901999948 ], [ -47.330628599999898, -15.638893145999816 ], [ -47.330557346999967, -15.638984504999826 ], [ -47.330538332999822, -15.639027909999925 ], [ -47.330509758999938, -15.639169568999932 ], [ -47.330492441999922, -15.639210611999943 ], [ -47.330456825999931, -15.639240294999922 ], [ -47.330421234999903, -15.639235701999894 ], [ -47.330392778999965, -15.639205976999961 ], [ -47.330366785999843, -15.639048286999923 ], [ -47.330350211999985, -15.638995717999933 ], [ -47.330317005999973, -15.638972844999898 ], [ -47.330262420999986, -15.638981950999948 ], [ -47.330021656999975, -15.639118260999965 ], [ -47.329966330999923, -15.639133443999981 ], [ -47.32992287999997, -15.639118196999959 ], [ -47.329883392999875, -15.639083927999877 ], [ -47.329853784999955, -15.639047762999894 ], [ -47.329836011999873, -15.639038238999831 ], [ -47.32980439399995, -15.639051535999954 ], [ -47.329727197999944, -15.639264554999897 ], [ -47.329716029999986, -15.639324979999913 ], [ -47.329714, -15.639402976999975 ], [ -47.329731731999971, -15.63947147499988 ], [ -47.329899938999915, -15.639709809999886 ], [ -47.329935454999941, -15.639772612999934 ], [ -47.329939377999892, -15.639812565999932 ], [ -47.329921573999968, -15.639846796999848 ], [ -47.32988205099997, -15.639863892999927 ], [ -47.329834645999938, -15.639852447999942 ], [ -47.329771463999975, -15.639801041999874 ], [ -47.329641743999957, -15.639669691999927 ], [ -47.329598297999951, -15.639646834999894 ], [ -47.329544952999981, -15.639654409999935 ], [ -47.329517273999897, -15.639684829999965 ], [ -47.329507367999952, -15.639724774999877 ], [ -47.329521156999931, -15.639781855999956 ], [ -47.329546796999921, -15.639840846999959 ], [ -47.330016607999823, -15.640371923999965 ], [ -47.330050164999932, -15.640411100999927 ], [ -47.330067915999962, -15.640452964999895 ], [ -47.330069863999938, -15.640492916999904 ], [ -47.33004811099994, -15.640523341999938 ], [ -47.330006611999977, -15.64054043699997 ], [ -47.329947345999926, -15.640540397999928 ], [ -47.329830813999877, -15.640503193999962 ], [ -47.329787349999947, -15.640505067999868 ], [ -47.329757700999892, -15.640527877999887 ], [ -47.329718143999969, -15.640592533999893 ], [ -47.329714158999934, -15.640641993999907 ], [ -47.329737838999847, -15.640680057999873 ], [ -47.3298030119999, -15.640708635999943 ], [ -47.329844481999942, -15.640733393999938 ], [ -47.329870136999943, -15.64077145899995 ], [ -47.329881946999933, -15.64083424599994 ], [ -47.329871075999961, -15.64091413999995 ], [ -47.329869067999937, -15.640961698999888 ], [ -47.329884846999846, -15.640997854999966 ], [ -47.330042780999918, -15.641155856999887 ], [ -47.330065820999891, -15.64120566899993 ], [ -47.330061612999884, -15.641253023999923 ], [ -47.330017882999925, -15.641320298999972 ], [ -47.32952180399991, -15.641728003999958 ], [ -47.329478082999913, -15.641782659999876 ], [ -47.329454026999883, -15.641826811999977 ], [ -47.32944525399995, -15.64187938699996 ], [ -47.32945608599988, -15.642005587999961 ], [ -47.329482623999979, -15.642158821999942 ], [ -47.329491315999974, -15.64221263099995 ], [ -47.329484301999912, -15.642256340999893 ], [ -47.329451081999935, -15.642321891999927 ], [ -47.329363672999875, -15.64247651799991 ], [ -47.329347714999983, -15.642521903999921 ], [ -47.329347692999875, -15.642552167999952 ], [ -47.329370370999982, -15.642580764999934 ], [ -47.329726406999953, -15.642794526999921 ], [ -47.329766535999909, -15.642836791999969 ], [ -47.329770006999922, -15.642867058999968 ], [ -47.329754273999981, -15.642893949999973 ], [ -47.329528935999974, -15.643040079999935 ], [ -47.329438083999889, -15.64312440499998 ], [ -47.329389140999865, -15.643203395999933 ], [ -47.329368146999968, -15.643262228999902 ], [ -47.329359370999953, -15.643327795999937 ], [ -47.32937155399992, -15.643383287999882 ], [ -47.329540668999982, -15.643738160999931 ], [ -47.329546599999901, -15.643805075999978 ], [ -47.329515400999981, -15.643865061999975 ], [ -47.329429069999946, -15.643979977999948 ], [ -47.329393286999959, -15.644059083999935 ], [ -47.329386049999982, -15.644189815999937 ], [ -47.32940384099993, -15.644293040999912 ], [ -47.329446639999901, -15.644399721999946 ], [ -47.329518054999937, -15.64445825599995 ], [ -47.329643075999911, -15.644496181999955 ], [ -47.330089615999896, -15.644582482999908 ], [ -47.330175329999975, -15.644630704999884 ], [ -47.330239585999948, -15.644709876999968 ], [ -47.330303802999936, -15.644844095999872 ], [ -47.330375051999965, -15.645143461999965 ], [ -47.330417882999882, -15.645205417999932 ], [ -47.330478606999918, -15.645226099999945 ], [ -47.330532210999934, -15.645208932999935 ], [ -47.33058585099991, -15.645140157999947 ], [ -47.330625254999973, -15.64499224399998 ], [ -47.330689874999905, -15.644545026999936 ], [ -47.330733073999966, -15.644477097999982 ], [ -47.330797401999916, -15.644453056999964 ], [ -47.330858129999967, -15.64446685799993 ], [ -47.330893816999946, -15.644525367999961 ], [ -47.331025553999893, -15.645186017999947 ], [ -47.331018369999924, -15.645241059999933 ], [ -47.330968307999967, -15.645302955999909 ], [ -47.330886115999931, -15.64532698599993 ], [ -47.330814665999924, -15.645316618999971 ], [ -47.33072104699994, -15.645285555999976 ], [ -47.330659193999963, -15.645288493999942 ], [ -47.330603507999967, -15.645318237999959 ], [ -47.330566343999919, -15.645395639999947 ], [ -47.330470108999862, -15.645922673999962 ], [ -47.330445318999921, -15.645994128999973 ], [ -47.330398912999897, -15.646020900999815 ], [ -47.330290673999912, -15.646020830999873 ], [ -47.330148431999874, -15.645999892999953 ], [ -47.330021670999884, -15.64595216399988 ], [ -47.329922766999971, -15.645871694999983 ], [ -47.329706470999895, -15.645612473999961 ], [ -47.329641584999877, -15.645532026999945 ], [ -47.329567396999948, -15.64548433199991 ], [ -47.329462263999972, -15.645466395999961 ], [ -47.329218971999978, -15.645490060999862 ], [ -47.329098331999944, -15.645534650999821 ], [ -47.329014793999875, -15.645591177999961 ], [ -47.328968362999944, -15.645653683999967 ], [ -47.32896522599998, -15.645716218999894 ], [ -47.328989898999964, -15.6458115289999 ], [ -47.329052916999842, -15.646085235999976 ], [ -47.329059041999983, -15.646171599999946 ], [ -47.329015684999945, -15.646257931999969 ], [ -47.328854768999975, -15.646403746999965 ], [ -47.328777423999952, -15.646448364999912 ], [ -47.32871865899989, -15.646457260999966 ], [ -47.328644458999975, -15.646427432999872 ], [ -47.328526992999912, -15.646355884999821 ], [ -47.328452788999925, -15.646332012999892 ], [ -47.328319810999915, -15.646328947999905 ], [ -47.328227009999978, -15.646364621999908 ], [ -47.328140359999907, -15.646447947999889 ], [ -47.328028916999926, -15.646605704999956 ], [ -47.327948386999935, -15.646781350999959 ], [ -47.32788934999985, -15.647174678999875 ], [ -47.327855278999948, -15.647249104999901 ], [ -47.327808875999949, -15.647269919999928 ], [ -47.327756304999923, -15.64726690699996 ], [ -47.327688291999891, -15.647234104999939 ], [ -47.327583235999896, -15.647105984999882 ], [ -47.327509044999886, -15.647064244999967 ], [ -47.327419362999933, -15.647061207999911 ], [ -47.327348212999937, -15.647090939999885 ], [ -47.327277018999894, -15.647183208999877 ], [ -47.327236711999944, -15.647329101999958 ], [ -47.327230403999863, -15.647501817999967 ], [ -47.327245798999968, -15.647597122999912 ], [ -47.327290497999968, -15.647730990999889 ], [ -47.327438769999958, -15.647972301999971 ], [ -47.327500530999828, -15.648100394999915 ], [ -47.327519029999848, -15.648180810999918 ], [ -47.327509705999944, -15.648246319999828 ], [ -47.327463265999938, -15.648317759999941 ], [ -47.327289998999902, -15.648433785999885 ], [ -47.327225002999967, -15.648506381999937 ], [ -47.32699893399996, -15.648941012999842 ], [ -47.326974116999963, -15.649048201999904 ], [ -47.326974063999955, -15.649122650999971 ], [ -47.327001847999952, -15.649191161999909 ], [ -47.32706056499984, -15.64925075899987 ], [ -47.327406288999953, -15.64932841399991 ], [ -47.327545449999889, -15.649334461999956 ], [ -47.327681544999962, -15.649304771999937 ], [ -47.327888816999973, -15.649206635999974 ], [ -47.327975417999937, -15.649194780999949 ], [ -47.328049630999942, -15.649206741999876 ], [ -47.328550476999908, -15.649424459999977 ], [ -47.328609195999888, -15.64948107999993 ], [ -47.328624619999914, -15.649537670999905 ], [ -47.32859984799984, -15.64958232399988 ], [ -47.328203860999849, -15.6497726529999 ], [ -47.328107935999981, -15.649848048999843 ], [ -47.328067683999961, -15.649916514999973 ], [ -47.3279933419999, -15.650086208999937 ], [ -47.327940718999912, -15.650154666999981 ], [ -47.327823090999971, -15.650309442999912 ], [ -47.327789021999877, -15.650380890999941 ], [ -47.327779707999923, -15.650431509999976 ], [ -47.327798227999949, -15.650482146999877 ], [ -47.32784768199997, -15.650520892999907 ], [ -47.328113573999929, -15.650622316999943 ], [ -47.328172334999977, -15.650619377999874 ], [ -47.328221837999934, -15.650589630999889 ], [ -47.328438552999899, -15.650259221999931 ], [ -47.32852210599998, -15.650184827999908 ], [ -47.328577783999947, -15.650169974999926 ], [ -47.328624161999983, -15.650184894999825 ], [ -47.329112362999979, -15.650585403999912 ], [ -47.329164897999874, -15.650642018999974 ], [ -47.329192692999925, -15.650695639999981 ], [ -47.329183387999876, -15.650734346999968 ], [ -47.329133878999983, -15.65077302799989 ], [ -47.328867740999954, -15.65102002399982 ], [ -47.328836780999893, -15.651067650999948 ], [ -47.328827462999925, -15.651124225999979 ], [ -47.328808678999962, -15.65144880899993 ], [ -47.328799346999915, -15.651526229999945 ], [ -47.328765289999922, -15.65157980999993 ], [ -47.32871270499993, -15.651594665999937 ], [ -47.328657050999936, -15.651576761999877 ], [ -47.328261337999891, -15.651376980999942 ], [ -47.328184036999971, -15.651356083999929 ], [ -47.328119091999952, -15.651356041999975 ], [ -47.328066502999945, -15.651376852999931 ], [ -47.328010785999936, -15.65144828699988 ], [ -47.327914759999885, -15.651665612999921 ], [ -47.327896955999961, -15.65174430999997 ], [ -47.32789689699996, -15.651827691999927 ], [ -47.327930855999909, -15.651911096999982 ], [ -47.327983364999966, -15.652003446999913 ], [ -47.327986421999981, -15.652054073999921 ], [ -47.32794619099991, -15.652092760999949 ], [ -47.327847224999914, -15.652095673999895 ], [ -47.32773900199993, -15.652068800999928 ], [ -47.327321618999861, -15.651898783999968 ], [ -47.327213400999938, -15.651865954999892 ], [ -47.3271546389999, -15.651868893999961 ], [ -47.327095847999828, -15.651913523999951 ], [ -47.326915738999958, -15.652326393999886 ], [ -47.326884739999969, -15.652427623999927 ], [ -47.326841396999896, -15.652493109999909 ], [ -47.326788802999829, -15.652519875999928 ], [ -47.326689827999985, -15.652534699999933 ], [ -47.326640330999965, -15.652555512999925 ], [ -47.326603174999832, -15.652618024999981 ], [ -47.326612403999889, -15.652686523999932 ], [ -47.326643268999931, -15.652772904999892 ], [ -47.327301352999939, -15.653681613999936 ], [ -47.327330401999973, -15.65375475999997 ], [ -47.327333417999967, -15.653861967999944 ], [ -47.327268149999952, -15.654314571999919 ], [ -47.327248274999931, -15.654464729999972 ], [ -47.327260575999958, -15.654563009999947 ], [ -47.327310012999874, -15.654628557999956 ], [ -47.327390396999931, -15.65466434699988 ], [ -47.327495540999962, -15.654673349999939 ], [ -47.327906904999963, -15.654617039999891 ], [ -47.327971848999937, -15.654620060999946 ], [ -47.328055335999977, -15.654640960999927 ], [ -47.328225391999922, -15.654697653999904 ], [ -47.328299609999931, -15.654706635999958 ], [ -47.328482057999963, -15.654733556999929 ], [ -47.328574818999982, -15.654760418999956 ], [ -47.328630459999886, -15.654799168999944 ], [ -47.328661358999966, -15.654837902999873 ], [ -47.32866441799996, -15.654885551999826 ], [ -47.328608581999958, -15.655123750999905 ], [ -47.328605438999944, -15.65519521899995 ], [ -47.328630139999859, -15.655251815999918 ], [ -47.328695058999983, -15.655290571999956 ], [ -47.328933134999943, -15.655377087999966 ], [ -47.328960943999959, -15.655412840999929 ], [ -47.328967088999946, -15.655469425999968 ], [ -47.328836986999931, -15.655767135999952 ], [ -47.328819440999951, -15.655818415999931 ], [ -47.328819396999961, -15.655880951999848 ], [ -47.32885029199997, -15.655925641999886 ], [ -47.328973959999985, -15.655982302999973 ], [ -47.329054368999948, -15.655982355999981 ], [ -47.32915335399997, -15.655955618999883 ], [ -47.329224512999986, -15.65591695199987 ], [ -47.329453498999953, -15.655735445999881 ], [ -47.32950918899985, -15.65570570299991 ], [ -47.329549393999969, -15.655705728999919 ], [ -47.329586486999915, -15.655732553999826 ], [ -47.329617313999904, -15.655875515999924 ], [ -47.329611056999909, -15.655976761999966 ], [ -47.329576974999952, -15.656066077999981 ], [ -47.329453151999985, -15.656229783999947 ], [ -47.329344845999913, -15.656319051999958 ], [ -47.329153043999952, -15.656396353999924 ], [ -47.328945808999947, -15.65643195399997 ], [ -47.328723141999888, -15.656422873999929 ], [ -47.328593269999828, -15.656393009999931 ], [ -47.32849743099996, -15.656345299999884 ], [ -47.328392369999904, -15.656217179999942 ], [ -47.328333656999916, -15.656148648999874 ], [ -47.328278005999948, -15.656124788999932 ], [ -47.328234707999911, -15.656124760999944 ], [ -47.328197585999931, -15.656139625999913 ], [ -47.328175906999945, -15.656181302999983 ], [ -47.328178951999917, -15.656249797999976 ], [ -47.328228370999909, -15.656339167999931 ], [ -47.328355084999941, -15.65646134699989 ], [ -47.328537479999909, -15.656565693999937 ], [ -47.329124921999949, -15.656807291999939 ], [ -47.329204198999946, -15.656862739999895 ], [ -47.329241271999877, -15.656919345999881 ], [ -47.329247412999962, -15.656981886999972 ], [ -47.329222619999939, -15.657053341999926 ], [ -47.329160710999986, -15.65713072899996 ], [ -47.329080256999873, -15.657190235999906 ], [ -47.328217175999953, -15.657484489999831 ], [ -47.328111983999975, -15.657541001999959 ], [ -47.328065548999859, -15.657603508999898 ], [ -47.328043846999947, -15.657677942999953 ], [ -47.328049987999975, -15.657740483999874 ], [ -47.328083961999937, -15.657806020999942 ], [ -47.328158152999947, -15.657853716999909 ], [ -47.328316533999953, -15.65788955599993 ], [ -47.328477344999897, -15.657904550999945 ], [ -47.328715491999901, -15.657892793999963 ], [ -47.328808282999944, -15.657877964999955 ], [ -47.328907282999978, -15.657830382999919 ], [ -47.329557036999972, -15.657425805999935 ], [ -47.329618896999932, -15.657416912999906 ], [ -47.329668367999943, -15.657434811999963 ], [ -47.329699259999927, -15.657485456999893 ], [ -47.329757550999943, -15.657708277999973 ], [ -47.329772939999884, -15.657815493999863 ], [ -47.329772853999884, -15.657937589999904 ], [ -47.329729438999948, -15.658104325999943 ], [ -47.329648934999966, -15.658238281999957 ], [ -47.329574673999957, -15.658288857999935 ], [ -47.329441655999858, -15.658333440999911 ], [ -47.329215868999825, -15.658360094999978 ], [ -47.329089081999882, -15.658339166999951 ], [ -47.328680925999947, -15.658222760999877 ], [ -47.328606706999949, -15.658213778999936 ], [ -47.328541748999896, -15.658228625999925 ], [ -47.328486039999916, -15.658285169999886 ], [ -47.328349808999917, -15.658499492999965 ], [ -47.328287896999939, -15.65857985699995 ], [ -47.327860818999966, -15.658972666999944 ], [ -47.327814395999951, -15.659017305999896 ], [ -47.327786518999972, -15.659076846999938 ], [ -47.327792661999922, -15.659136409999974 ], [ -47.327937855999949, -15.659368785999959 ], [ -47.328055209999889, -15.659612684999956 ], [ -47.328086072999952, -15.659705021999969 ], [ -47.328092186999925, -15.659806275999927 ], [ -47.328027069999962, -15.660044468999899 ], [ -47.32802392799988, -15.660112959999879 ], [ -47.328036260999909, -15.660166570999877 ], [ -47.328200019999883, -15.660390289999896 ], [ -47.328215214999886, -15.660442158999956 ], [ -47.328201661999913, -15.660489017999907 ], [ -47.32816378299998, -15.660517633999973 ], [ -47.328101580999885, -15.660528007999858 ], [ -47.328042107999977, -15.660501931999931 ], [ -47.327963741999952, -15.660426371999961 ], [ -47.327917779999893, -15.660413322999943 ], [ -47.327874511999937, -15.660415897999883 ], [ -47.327839337999876, -15.66044451599987 ], [ -47.327839306999977, -15.66048877999998 ], [ -47.327871719999962, -15.660540875999857 ], [ -47.327941997999915, -15.660582581999904 ], [ -47.328379896999934, -15.660825017999912 ], [ -47.328447466999933, -15.660871928999882 ], [ -47.32849339899991, -15.660926637999978 ], [ -47.328633829999887, -15.661187103999964 ], [ -47.328640438999912, -15.661232741999981 ], [ -47.32862147499992, -15.661282200999892 ], [ -47.328564664999931, -15.661313407999899 ], [ -47.328491651999855, -15.661315963999925 ], [ -47.327975240999933, -15.661201060999929 ], [ -47.327899545999969, -15.661172369999974 ], [ -47.32781033699996, -15.661133255999914 ], [ -47.327715739999974, -15.661065495999935 ], [ -47.327542792999964, -15.660901346999935 ], [ -47.327483327999914, -15.660864854999943 ], [ -47.327394096999967, -15.660856984999896 ], [ -47.327294034999966, -15.660869937999905 ], [ -47.32719665299993, -15.660916740999937 ], [ -47.326904408999951, -15.661195147999877 ], [ -47.32679885999994, -15.66131745399997 ], [ -47.326752807999867, -15.661431987999947 ], [ -47.326741914999957, -15.661538733999976 ], [ -47.326758079999934, -15.661622063999971 ], [ -47.326936369999942, -15.661879952999982 ], [ -47.326983455999937, -15.661966594999967 ], [ -47.326996925999879, -15.662036904999979 ], [ -47.326983336999945, -15.662133233999953 ], [ -47.326885753999932, -15.66246124099996 ], [ -47.326877078999928, -15.66251628599997 ], [ -47.326877034999939, -15.662578775999975 ], [ -47.326965783999981, -15.663263620999885 ], [ -47.327014375999909, -15.663380820999976 ], [ -47.327068423999947, -15.663430327999833 ], [ -47.327149527999893, -15.663459022999973 ], [ -47.328511987999946, -15.663499532999936 ], [ -47.328584989999854, -15.663515202999918 ], [ -47.328633638999975, -15.663551686999938 ], [ -47.328657931999942, -15.663614192999944 ], [ -47.328644361999977, -15.663684484999976 ], [ -47.328609157999892, -15.663754762999929 ], [ -47.328389939999965, -15.664009786999884 ], [ -47.328284412999949, -15.664100847999975 ], [ -47.328127496999912, -15.664204894999955 ], [ -47.328019289999929, -15.66426210599991 ], [ -47.327913808999938, -15.664288073999899 ], [ -47.327832688999933, -15.664280209999959 ], [ -47.327762411999913, -15.664235899999937 ], [ -47.32767595599995, -15.664126485999873 ], [ -47.327619194999954, -15.664089995999973 ], [ -47.327565105999952, -15.664097771999877 ], [ -47.327527209999971, -15.664149821999956 ], [ -47.327519043999928, -15.664225324999961 ], [ -47.327540456999941, -15.664535183999931 ], [ -47.327597155999911, -15.664732362999928 ], [ -47.327696692999893, -15.66488391799993 ], [ -47.327848698999958, -15.665000158999931 ], [ -47.328042671999924, -15.665101279999874 ], [ -47.328102564999881, -15.665155526999911 ], [ -47.328114324999888, -15.665216142999952 ], [ -47.328094610999869, -15.665276738999921 ], [ -47.328035566999972, -15.665322155999945 ], [ -47.327917539999873, -15.665325866999979 ], [ -47.327744474999918, -15.665272720999951 ], [ -47.327064116999964, -15.664919985999973 ], [ -47.326977581999984, -15.664897199999871 ], [ -47.326875290999965, -15.66490091999998 ], [ -47.326772967999943, -15.664950096999974 ], [ -47.326690285999916, -15.665040954999938 ], [ -47.326520841999923, -15.665423432999887 ], [ -47.326501092999933, -15.665533272999937 ], [ -47.326508884999953, -15.665639342999896 ], [ -47.32656389899995, -15.665730291999978 ], [ -47.326839095999901, -15.666003211999907 ], [ -47.326917752999918, -15.666041144999951 ], [ -47.326996452999936, -15.666018467999834 ], [ -47.327362565999977, -15.665689150999924 ], [ -47.327460956999914, -15.665636183999823 ], [ -47.327547513999889, -15.665628664999929 ], [ -47.327630112999884, -15.665655234999974 ], [ -47.32843619099998, -15.666258060999951 ], [ -47.328506958999981, -15.666324867999947 ], [ -47.328569825999921, -15.666438550999942 ], [ -47.328656143999979, -15.66676816599994 ], [ -47.328663961999894, -15.666840143999877 ], [ -47.328656031999969, -15.666927262999877 ], [ -47.328592912999966, -15.667169654999952 ], [ -47.328549593999924, -15.667230234999977 ], [ -47.328486641999973, -15.667237769999929 ], [ -47.328415847999963, -15.667207419999954 ], [ -47.32827427899997, -15.667120202999968 ], [ -47.328195610999956, -15.667097422999916 ], [ -47.328105113999925, -15.667112515999918 ], [ -47.328022463999957, -15.667157917999873 ], [ -47.32703543599996, -15.66803565999993 ], [ -47.326952784999889, -15.668081061999942 ], [ -47.326862286999869, -15.668096153999954 ], [ -47.326759985999843, -15.66811123899987 ], [ -47.326681274999885, -15.668149066999888 ], [ -47.32661826199984, -15.668239938999875 ], [ -47.326098223999963, -15.669208585999911 ], [ -47.326058812999975, -15.669303259999936 ], [ -47.326054799999952, -15.669413109999937 ], [ -47.326090145999842, -15.669500257999971 ], [ -47.326156959999935, -15.669595002999927 ], [ -47.32763792399993, -15.670843405999904 ], [ -47.327708695999888, -15.670907848999889 ], [ -47.32772044799998, -15.670979828999975 ], [ -47.327684982999983, -15.671059354999898 ], [ -47.327574751999919, -15.671157770999969 ], [ -47.326874075999967, -15.671680055999957 ], [ -47.326819339999929, -15.671763204999877 ], [ -47.326799606999941, -15.671850315999905 ], [ -47.326819220999937, -15.671929877999901 ], [ -47.326882134999892, -15.671979163999822 ], [ -47.327354069999956, -15.672229484999946 ], [ -47.327590003999944, -15.672403888999952 ], [ -47.327672548999942, -15.672510007999961 ], [ -47.327711810999972, -15.672623673999965 ], [ -47.327711756999975, -15.67269943499997 ], [ -47.327676280999981, -15.672794111999906 ], [ -47.327530555999829, -15.673013721999951 ], [ -47.327483277999931, -15.673108390999971 ], [ -47.327475351999965, -15.67318793499993 ], [ -47.327561770999921, -15.673378563999961 ], [ -47.327573530999985, -15.673439179999832 ], [ -47.32755775399994, -15.673495989999822 ], [ -47.327482955999983, -15.673560336999969 ], [ -47.327368830999944, -15.673601929999961 ], [ -47.327305849999959, -15.673647344999893 ], [ -47.327297942999962, -15.673700371999928 ], [ -47.327332608999882, -15.674745109999947 ], [ -47.327308932999983, -15.674843582999927 ], [ -47.327210293999883, -15.675237470999946 ], [ -47.32719405399996, -15.675341047999893 ], [ -47.327223579999895, -15.675385788999961 ], [ -47.327295331999892, -15.675430556999913 ], [ -47.328025655999909, -15.675691230999917 ], [ -47.328118509999968, -15.675752274999979 ], [ -47.328177571999959, -15.675829559999897 ], [ -47.328438725999831, -15.676748543999906 ], [ -47.328442887999984, -15.676836591999916 ], [ -47.328413256999852, -15.676938211999982 ], [ -47.328341404999946, -15.677031672999874 ], [ -47.327944207999963, -15.677409507999982 ], [ -47.327885030999937, -15.677494845999945 ], [ -47.327872321999962, -15.677551754999911 ], [ -47.327897617999895, -15.677608688999953 ], [ -47.327960928999971, -15.677649385999928 ], [ -47.328170218999901, -15.677662774999874 ], [ -47.328217585999937, -15.677659765999977 ], [ -47.328264956999931, -15.677650675999928 ], [ -47.328306033999866, -15.677611180999975 ], [ -47.328315549999957, -15.677550383999971 ], [ -47.328334598999902, -15.677404467999907 ], [ -47.328366276999873, -15.677261600999884 ], [ -47.328423176999877, -15.677173473999972 ], [ -47.328530590999947, -15.67709753999992 ], [ -47.32892854499994, -15.676970110999946 ], [ -47.329039059999957, -15.676976262999915 ], [ -47.32909903399991, -15.67700670399995 ], [ -47.329130562999978, -15.677073608999876 ], [ -47.329127355999958, -15.677143530999899 ], [ -47.3291020449999, -15.67721343799991 ], [ -47.328627731999916, -15.678155581999874 ], [ -47.328605573999937, -15.678233820999878 ], [ -47.328596029999972, -15.678334139999833 ], [ -47.328580094999893, -15.678540861999977 ], [ -47.328561092999905, -15.678619893999951 ], [ -47.328520004999973, -15.678674590999947 ], [ -47.328444200999911, -15.678701902999876 ], [ -47.328340010999909, -15.67868359299996 ], [ -47.328062237999916, -15.678540523999857 ], [ -47.327961212999924, -15.678513095999961 ], [ -47.327882258999978, -15.678531284999963 ], [ -47.327853813999923, -15.678567748999967 ], [ -47.327866413999971, -15.678610318999858 ], [ -47.328121625999984, -15.678878020999889 ], [ -47.328172115999962, -15.678923656999928 ], [ -47.32822578299988, -15.678941932999919 ], [ -47.328295255999933, -15.678935897999963 ], [ -47.328787880999926, -15.678893657999936 ], [ -47.328882592999946, -15.678918040999918 ], [ -47.328955195999924, -15.678951529999949 ], [ -47.329002525999954, -15.679000203999976 ], [ -47.329027735999887, -15.679073183999947 ], [ -47.329015051999818, -15.679149179999854 ], [ -47.328875844999914, -15.679532149999943 ], [ -47.328850500999977, -15.679650699999968 ], [ -47.328853572999947, -15.679772307999883 ], [ -47.328885076999882, -15.679875694999907 ], [ -47.328965534999895, -15.679954792999979 ], [ -47.329066550999983, -15.679997420999939 ], [ -47.329167592999909, -15.680003566999915 ], [ -47.329855770999927, -15.679869911999958 ], [ -47.329944181999963, -15.679876049999962 ], [ -47.329997827999932, -15.679924727999889 ], [ -47.330186946999959, -15.680414315999883 ], [ -47.330234256999972, -15.68049339099997 ], [ -47.330310004999944, -15.680545122999888 ], [ -47.330382629999974, -15.68054820999987 ], [ -47.330461596999953, -15.680511778999971 ], [ -47.330537425999921, -15.680447983999954 ], [ -47.330695478999928, -15.68020487299998 ], [ -47.33072079499982, -15.680125845999839 ], [ -47.330714529999909, -15.680052877999913 ], [ -47.330664136999928, -15.67986739499986 ], [ -47.330657882999958, -15.679779226999926 ], [ -47.330683185999817, -15.679718439999874 ], [ -47.33072741299992, -15.67969110599995 ], [ -47.330784256999834, -15.679682022999884 ], [ -47.330888434999906, -15.679718571999956 ], [ -47.331699571999877, -15.680275441999981 ], [ -47.331813152999985, -15.680415361999906 ], [ -47.331898308999882, -15.680566274999933 ], [ -47.331958176999876, -15.680751763999922 ], [ -47.331980126999838, -15.680973710999979 ], [ -47.331957861999967, -15.681207789999917 ], [ -47.331919890999984, -15.681320251999978 ], [ -47.331859814999916, -15.681435739999927 ], [ -47.331641735999881, -15.681721375999871 ], [ -47.33159432399998, -15.681788229999881 ], [ -47.331565857999919, -15.681855094999833 ], [ -47.331565817999945, -15.681912857999976 ], [ -47.331584620999877, -15.682122641999854 ], [ -47.331575090999877, -15.682202564999898 ], [ -47.331479103999925, -15.682434391999891 ], [ -47.331456946999879, -15.682510381999975 ], [ -47.331466368999941, -15.682582515999968 ], [ -47.331605140999898, -15.682826653999939 ], [ -47.331627183999956, -15.682914832999927 ], [ -47.331627136999941, -15.682981716999961 ], [ -47.33155751399994, -15.683203603999857 ], [ -47.331519543999832, -15.683316065999918 ], [ -47.331494203999966, -15.683428535999894 ], [ -47.331472046999977, -15.683504525999979 ], [ -47.331443583999942, -15.683568350999906 ], [ -47.331396183999914, -15.683616962999963 ], [ -47.33132670599997, -15.683629078999957 ], [ -47.331247776999817, -15.683607746999883 ], [ -47.330995257999973, -15.683464696999977 ], [ -47.33095305799992, -15.683447323999928 ], [ -47.330896222999968, -15.683441206999873 ], [ -47.330814100999817, -15.683471555999972 ], [ -47.330381311999986, -15.68372969099994 ], [ -47.330270754999958, -15.683781301999943 ], [ -47.330198118999931, -15.683793415999958 ], [ -47.330106544999978, -15.683793356999956 ], [ -47.330043387999979, -15.683796355999959 ], [ -47.330005480999944, -15.683817612999917 ], [ -47.329891676999978, -15.683996908999859 ], [ -47.329831660999957, -15.684024230999967 ], [ -47.329771665999885, -15.6840211519999 ], [ -47.32973695499993, -15.683987687999888 ], [ -47.329730696999945, -15.683905598999957 ], [ -47.329756089999933, -15.683717125999976 ], [ -47.329756136999947, -15.683650241999942 ], [ -47.329737211999884, -15.683619827999905 ], [ -47.329693009999971, -15.683610678999969 ], [ -47.329639307999969, -15.683641045999877 ], [ -47.329525515999933, -15.683802100999969 ], [ -47.329463754999892, -15.683951027999967 ], [ -47.329340183999875, -15.684549859999947 ], [ -47.329289569999958, -15.684677514999862 ], [ -47.32922320199998, -15.684756515999823 ], [ -47.329160027999933, -15.684783835999951 ], [ -47.329090567999913, -15.684768589999919 ], [ -47.329011664999882, -15.684710774999928 ], [ -47.328708778999953, -15.684345757999949 ], [ -47.328680418999909, -15.684260613999982 ], [ -47.328686788999903, -15.684184614999936 ], [ -47.328731058999949, -15.684096478999834 ], [ -47.32908190899991, -15.683610281999904 ], [ -47.329132496999932, -15.68351910999985 ], [ -47.329142031999936, -15.683430950999934 ], [ -47.329110499999899, -15.683367086999965 ], [ -47.329028424999933, -15.683330551999973 ], [ -47.328902138999979, -15.683297027999856 ], [ -47.328330605999952, -15.683275371999912 ], [ -47.328211705999877, -15.683290494999937 ], [ -47.328123257999948, -15.683336039999972 ], [ -47.328072686999917, -15.683402890999901 ], [ -47.327851123999949, -15.684138463999943 ], [ -47.327833985999973, -15.684258409999927 ], [ -47.327837071999966, -15.684358737999958 ], [ -47.327865409999902, -15.684474282999929 ], [ -47.328319540999985, -15.685301505999973 ], [ -47.328351074999944, -15.685362977999887 ], [ -47.32836048799993, -15.685448108999935 ], [ -47.328350926999917, -15.685572748999959 ], [ -47.328331637999952, -15.686056122999958 ], [ -47.328309488999878, -15.686119951999899 ], [ -47.328265253999973, -15.686156404999906 ], [ -47.328198932999953, -15.686168521999946 ], [ -47.328025263999905, -15.686156246999928 ], [ -47.327944474999981, -15.686154267999939 ], [ -47.327886456999977, -15.68617284499993 ], [ -47.32785604299994, -15.686215372999982 ], [ -47.327855997999905, -15.68627919599993 ], [ -47.327889097999901, -15.686343039999883 ], [ -47.327960887999893, -15.686380316999873 ], [ -47.328198390999944, -15.686438976999852 ], [ -47.328248075999966, -15.686486876999822 ], [ -47.328250805999915, -15.686532085999829 ], [ -47.328217631999905, -15.68657195399993 ], [ -47.328090538999959, -15.686619736999887 ], [ -47.327991093999913, -15.686630308999952 ], [ -47.327806012999986, -15.68665412099989 ], [ -47.327731412999924, -15.686685982999961 ], [ -47.327687172999902, -15.686749776999875 ], [ -47.327687140999899, -15.686794983999903 ], [ -47.327803001999882, -15.687005142999965 ], [ -47.327814018999902, -15.687050357999965 ], [ -47.327802943999984, -15.687087579999968 ], [ -47.327769787999898, -15.687100854999926 ], [ -47.327681389999952, -15.687114092999934 ], [ -47.327634410999963, -15.687145973999975 ], [ -47.32761227199984, -15.687204462999944 ], [ -47.327628776999973, -15.687300207999954 ], [ -47.327670155999897, -15.687374694999903 ], [ -47.32774193299997, -15.687430131999974 ], [ -47.327822018999939, -15.687454117999891 ], [ -47.328272199999901, -15.687526213999945 ], [ -47.328368854999894, -15.687555529999941 ], [ -47.328459970999972, -15.68760611499988 ], [ -47.328736102999983, -15.687725962999934 ], [ -47.328827364999938, -15.68774729699993 ], [ -47.328973753999946, -15.68775537099998 ], [ -47.329180923999957, -15.687744867999982 ], [ -47.32926101899983, -15.687755557999878 ], [ -47.329694598999822, -15.687870187999977 ], [ -47.329741784999896, -15.687902902999895 ], [ -47.329755567999882, -15.687942800999849 ], [ -47.329738956999961, -15.687995975999968 ], [ -47.329470828999945, -15.688277684999946 ], [ -47.32941279399995, -15.68832019499996 ], [ -47.329352012999891, -15.688338770999906 ], [ -47.328794059999893, -15.688330428999961 ], [ -47.328653188999965, -15.688330336999911 ], [ -47.328501253999946, -15.688351511999826 ], [ -47.328335479999964, -15.688412566999887 ], [ -47.328180746999976, -15.688484266999978 ], [ -47.328103347999956, -15.688563994999981 ], [ -47.328067380999926, -15.688646408999887 ], [ -47.328070095999976, -15.688712892999945 ], [ -47.328133565999963, -15.688798031999909 ], [ -47.328150105999839, -15.688845909999941 ], [ -47.32813902099997, -15.688896428999954 ], [ -47.328103096999939, -15.688917679999861 ], [ -47.328056146999984, -15.688907011999959 ], [ -47.328006460999859, -15.688859111999875 ], [ -47.327940245999969, -15.68875003799991 ], [ -47.327802328999951, -15.688478700999951 ], [ -47.327769184999852, -15.688425491999908 ], [ -47.327711189999945, -15.688409497999828 ], [ -47.327669740999966, -15.688433403999852 ], [ -47.32762823999991, -15.688529109999934 ], [ -47.327586771999961, -15.68857960899993 ], [ -47.327514922999967, -15.688624769999876 ], [ -47.327255213999933, -15.688715013999968 ], [ -47.32701210099998, -15.688773357999821 ], [ -47.326042421999887, -15.688977483999906 ], [ -47.325894435999885, -15.688990678999971 ], [ -47.325778436999883, -15.688971985999899 ], [ -47.325720468999975, -15.688918761999957 ], [ -47.325695662999976, -15.688844284999902 ], [ -47.32570124599988, -15.688761850999924 ], [ -47.325706855999897, -15.688642186999971 ], [ -47.325693084999955, -15.688586332999876 ], [ -47.325651688999983, -15.688535778999949 ], [ -47.325590939999927, -15.688509144999898 ], [ -47.325508079999906, -15.688501111999926 ], [ -47.32541415299994, -15.688519663999955 ], [ -47.324554920999901, -15.688787675999947 ], [ -47.324449947999938, -15.688800901999969 ], [ -47.324353277999933, -15.688792858999932 ], [ -47.32416449099992, -15.688761875999944 ], [ -47.32406229399993, -15.688756488999957 ], [ -47.32396560199993, -15.68877769799991 ], [ -47.323866116999852, -15.688841452999952 ], [ -47.323343711999883, -15.689325087999975 ], [ -47.323224874999823, -15.689410103999933 ], [ -47.323141987999975, -15.689439299999947 ], [ -47.323048076999953, -15.689433917999963 ], [ -47.322979055999895, -15.689388662999932 ], [ -47.322943201999976, -15.689314178999894 ], [ -47.322929464999959, -15.689213116999952 ], [ -47.322931694999966, -15.688896664999902 ], [ -47.322926240999891, -15.688800926999875 ], [ -47.322904191999953, -15.688734429999954 ], [ -47.322848989999898, -15.688678547999871 ], [ -47.322779950999973, -15.688657226999965 ], [ -47.322572796999964, -15.688643789999958 ], [ -47.322409806999985, -15.688672930999928 ], [ -47.322141791999911, -15.688787095999885 ], [ -47.322039537999956, -15.688858826999876 ], [ -47.321981474999973, -15.688935905999926 ], [ -47.321923384999934, -15.689050214999895 ], [ -47.32189296599995, -15.689098060999868 ], [ -47.321840454999915, -15.689137913999957 ], [ -47.321752048999883, -15.689159127999858 ], [ -47.321666426999911, -15.689151091999975 ], [ -47.321600167999861, -15.689105838999978 ], [ -47.321556031999933, -15.689026029999923 ], [ -47.321385034999935, -15.688677547999873 ], [ -47.321356692999984, -15.688575811999897 ], [ -47.321345706999921, -15.688490706999971 ], [ -47.321354043999918, -15.688421570999935 ], [ -47.321401048999974, -15.688357780999979 ], [ -47.321699622999915, -15.688009619999946 ], [ -47.321779826999887, -15.687874050999937 ], [ -47.321807534999948, -15.687757061999946 ], [ -47.321802089999949, -15.687650686999916 ], [ -47.321766263999905, -15.687538971999913 ], [ -47.321653171999969, -15.687326151999969 ], [ -47.321542774999898, -15.687203748999877 ], [ -47.321459982999897, -15.687105298999938 ], [ -47.321393763999936, -15.68700685999994 ], [ -47.321327576999977, -15.686865872999931 ], [ -47.321280652999974, -15.686820631999979 ], [ -47.321225419999962, -15.686807297999962 ], [ -47.32115634999991, -15.686828524999953 ], [ -47.321114874999921, -15.686884341999928 ], [ -47.321095474999936, -15.686972084999979 ], [ -47.321031461999951, -15.68762090599995 ], [ -47.321006552999961, -15.687687370999924 ], [ -47.320962326999847, -15.687729888999968 ], [ -47.320893260999981, -15.687745796999877 ], [ -47.320807636999916, -15.687740418999965 ], [ -47.320752415999948, -15.687711128999865 ], [ -47.320694451999884, -15.687655243999927 ], [ -47.320426811999937, -15.687266805999968 ], [ -47.32038818299992, -15.68721093399995 ], [ -47.320338479999918, -15.687189624999974 ], [ -47.320291509999947, -15.687208207999902 ], [ -47.320258323999951, -15.687261369999931 ], [ -47.320247201999905, -15.687359755999921 ], [ -47.320266445999891, -15.68748209599994 ], [ -47.320357374999958, -15.687779997999939 ], [ -47.320376646999875, -15.687865107999812 ], [ -47.320365547999927, -15.687931581999976 ], [ -47.32030749899991, -15.687990045999925 ], [ -47.320221843999946, -15.688027215999966 ], [ -47.319495248999942, -15.688218180999968 ], [ -47.319445747999964, -15.688239416999977 ], [ -47.319419101999983, -15.688276671999915 ], [ -47.319416647999958, -15.688323261999869 ], [ -47.319440811999982, -15.68836754099982 ], [ -47.319658371999935, -15.688656563999928 ], [ -47.319699450999963, -15.688731881999956 ], [ -47.319740460999981, -15.688899640999978 ], [ -47.319742815999916, -15.688985837999894 ], [ -47.319718576999946, -15.689041731999907 ], [ -47.319672582999885, -15.689067324999883 ], [ -47.319602404999955, -15.689074264999931 ], [ -47.319302373999903, -15.689050760999862 ], [ -47.319220092999842, -15.689062350999905 ], [ -47.319178928999975, -15.689099595999892 ], [ -47.319171634999918, -15.689146182999934 ], [ -47.31919579199996, -15.689199780999843 ], [ -47.319290078999927, -15.68931166699997 ], [ -47.3193045619999, -15.689358268999968 ], [ -47.319302105999952, -15.689407188999951 ], [ -47.319275459999972, -15.689444444999936 ], [ -47.319207683999878, -15.689474681999855 ], [ -47.319110886999965, -15.689483932999906 ], [ -47.319021364999912, -15.689472222999825 ], [ -47.318951217999881, -15.689437229999953 ], [ -47.318735983999943, -15.689271677999841 ], [ -47.318656166999972, -15.689225030999978 ], [ -47.318559393999976, -15.689201666999907 ], [ -47.318477117999919, -15.689206268999953 ], [ -47.318411764999951, -15.689231848999896 ], [ -47.318346375999852, -15.689304020999941 ], [ -47.318309997999961, -15.689411157999928 ], [ -47.318288086999985, -15.68958774399988 ], [ -47.318290405999903, -15.689720532999957 ], [ -47.318312104999961, -15.689825380999935 ], [ -47.318428032999918, -15.690118991999952 ], [ -47.31844995299997, -15.690189500999907 ], [ -47.318454756999927, -15.690236095999978 ], [ -47.318437791999941, -15.690271027999927 ], [ -47.318396636999921, -15.690296624999917 ], [ -47.318345815999976, -15.690303577999941 ], [ -47.318004666999911, -15.690254416999949 ], [ -47.317905466999946, -15.69024036999997 ], [ -47.317837705999864, -15.690249640999923 ], [ -47.317791709999938, -15.690277563999928 ], [ -47.317757786999891, -15.690338109999971 ], [ -47.317748040999902, -15.690426626999908 ], [ -47.317686737999963, -15.691492804999939 ], [ -47.317687430999968, -15.691626010999926 ], [ -47.317701898999985, -15.691693579999935 ], [ -47.317747837999889, -15.6917425339999 ], [ -47.318350086999885, -15.692111032999946 ], [ -47.318398558999888, -15.692191242999911 ], [ -47.318398495999986, -15.692272737999815 ], [ -47.318283897999834, -15.692363738999973 ], [ -47.318054764999943, -15.69246424499994 ], [ -47.317940229999977, -15.692473750999909 ], [ -47.317830712999978, -15.692435321999938 ], [ -47.317452463999871, -15.692195359999971 ], [ -47.317362788999901, -15.692153560999884 ], [ -47.31725998099995, -15.692141608999975 ], [ -47.317037906999929, -15.692129570999953 ], [ -47.316926886999909, -15.692101774999969 ], [ -47.316861118999952, -15.692058174999829 ], [ -47.316807684999901, -15.692018541999914 ], [ -47.316745995999952, -15.692018497999982 ], [ -47.316721294999923, -15.692050154999947 ], [ -47.316729473999828, -15.692109551999977 ], [ -47.316918506999912, -15.692299737999917 ], [ -47.31697189199997, -15.692402719999905 ], [ -47.317066259999876, -15.692687861999957 ], [ -47.317119656999978, -15.692775006999966 ], [ -47.317489591999902, -15.69304055099991 ], [ -47.317538879999915, -15.693123732999879 ], [ -47.317555280999954, -15.693187094999871 ], [ -47.317530555999952, -15.693250426999953 ], [ -47.317452374999959, -15.693301841999983 ], [ -47.316543269999954, -15.693562502999953 ], [ -47.316460981999967, -15.693605996999906 ], [ -47.316432128999907, -15.693689122999956 ], [ -47.316464670999949, -15.694148434999931 ], [ -47.316454366999892, -15.694221056999879 ], [ -47.31640496499989, -15.694284370999981 ], [ -47.316310362999957, -15.69429618099997 ], [ -47.315931975999831, -15.694319662999874 ], [ -47.315825017999941, -15.694355219999977 ], [ -47.315775615999939, -15.694418533999965 ], [ -47.315779671999906, -15.694489804999932 ], [ -47.315828965999913, -15.694565068999964 ], [ -47.316104301999985, -15.694838464999918 ], [ -47.316141263999896, -15.694905800999891 ], [ -47.316132982999932, -15.694977063999943 ], [ -47.316058891999944, -15.695056196999815 ], [ -47.315507633999971, -15.695253763999972 ], [ -47.315388364999876, -15.695253676999982 ], [ -47.315281468999899, -15.695210045999943 ], [ -47.315203383999858, -15.695138720999978 ], [ -47.314928279999833, -15.694572330999904 ], [ -47.314878998999916, -15.694481229999951 ], [ -47.314805017999845, -15.694421784999975 ], [ -47.314730985999915, -15.694425689999946 ], [ -47.314661022999985, -15.694485029999896 ], [ -47.314463469999907, -15.694667014999936 ], [ -47.314368814999966, -15.69474613299991 ], [ -47.31424951199989, -15.694789598999876 ], [ -47.313632543999915, -15.694864372999916 ], [ -47.313496781999959, -15.6949157439999 ], [ -47.313369201999876, -15.695022552999944 ], [ -47.313323862999937, -15.69514526099988 ], [ -47.313310314999967, -15.695257269999843 ], [ -47.313329823999823, -15.695364181999878 ], [ -47.313391786999887, -15.695474268999931 ], [ -47.313522320999937, -15.69559698199987 ], [ -47.313773647999938, -15.695773232999898 ], [ -47.313832385999945, -15.69583164699992 ], [ -47.313858451999863, -15.69590712299987 ], [ -47.313842067999929, -15.695976278999979 ], [ -47.31380934799995, -15.696054855999932 ], [ -47.313734193999949, -15.696105104999901 ], [ -47.313626399999919, -15.696133321999923 ], [ -47.313525159999983, -15.696133246999921 ], [ -47.313061497999911, -15.696029150999948 ], [ -47.312940670999865, -15.696019629999967 ], [ -47.312855741999954, -15.696041574999981 ], [ -47.312832840999931, -15.696091862999879 ], [ -47.31283931999991, -15.696157891999917 ], [ -47.31290441699997, -15.696431470999983 ], [ -47.312920488999964, -15.696560387999909 ], [ -47.312897539999938, -15.696670411999946 ], [ -47.312835388999929, -15.69679612799996 ], [ -47.312515003999977, -15.697214046999932 ], [ -47.312489558999914, -15.697287124999946 ], [ -47.312492773999907, -15.697350007999887 ], [ -47.312522141999978, -15.697381469999982 ], [ -47.312979223999946, -15.69754844199997 ], [ -47.313018381999882, -15.69758934399988 ], [ -47.313011816999961, -15.697630210999876 ], [ -47.312809187999903, -15.697815558999935 ], [ -47.312763397999959, -15.697900413999946 ], [ -47.312750278999943, -15.697969571999977 ], [ -47.312766552999847, -15.698038752999935 ], [ -47.312808975999985, -15.698079656999937 ], [ -47.313661634999903, -15.698261607999825 ], [ -47.313733460999913, -15.698289957999862 ], [ -47.313769347999937, -15.698337143999936 ], [ -47.313772553999968, -15.698412602999952 ], [ -47.313720149999881, -15.698601206999854 ], [ -47.313674343999821, -15.698708069999896 ], [ -47.313622036999845, -15.698774055999934 ], [ -47.313399851999918, -15.698908707999976 ], [ -47.313341023999953, -15.698962112999936 ], [ -47.313324649999913, -15.699018692999914 ], [ -47.313327832999903, -15.699122447999969 ], [ -47.313412426999889, -15.699521803999971 ], [ -47.313426867999965, -15.699607258999947 ], [ -47.313423546999957, -15.699676424999893 ], [ -47.313394113999891, -15.699726707999901 ], [ -47.313305910999986, -15.699758082999892 ], [ -47.313073993999978, -15.699808215999894 ], [ -47.313028251999981, -15.699833334999937 ], [ -47.313008615999877, -15.699883624999927 ], [ -47.313021651999975, -15.699918218999926 ], [ -47.313073885999984, -15.699943408999957 ], [ -47.313149000999942, -15.699943464999876 ], [ -47.313560502999906, -15.699940624999897 ], [ -47.313648663999913, -15.699962697999979 ], [ -47.313704150999968, -15.700003610999886 ], [ -47.313717161999875, -15.700069644999928 ], [ -47.313723448999951, -15.700377764999928 ], [ -47.313736444999961, -15.700462662999939 ], [ -47.313762531999942, -15.700512986999854 ], [ -47.313814778999983, -15.700522457999909 ], [ -47.313876844999982, -15.700503638999976 ], [ -47.314049994999891, -15.700431453999954 ], [ -47.314115309999977, -15.700434645999962 ], [ -47.314200192999976, -15.700472436999974 ], [ -47.314252407999959, -15.700522779999972 ], [ -47.314265435999971, -15.700566805999927 ], [ -47.31424579399993, -15.70062652799993 ], [ -47.314177164999933, -15.700683069999968 ], [ -47.313961545999973, -15.700770943999942 ], [ -47.31390272799996, -15.700811772999884 ], [ -47.313791545999834, -15.700990900999955 ], [ -47.313771877999898, -15.701082063999934 ], [ -47.313784871999985, -15.70117010599995 ], [ -47.313934905999986, -15.701418036999939 ], [ -47.313954455999976, -15.701474643999916 ], [ -47.313947881999979, -15.701528087999975 ], [ -47.313895601999832, -15.701559489999909 ], [ -47.313810688999979, -15.701559426999836 ], [ -47.313644172999886, -15.701502711999922 ], [ -47.313562537999985, -15.701486931999966 ], [ -47.313513524999905, -15.701518335999879 ], [ -47.313500415999897, -15.701574918999938 ], [ -47.313519973999917, -15.701622093999958 ], [ -47.313572187999966, -15.701672436999957 ], [ -47.31430650599998, -15.702317502999961 ], [ -47.314384833999895, -15.702386729999887 ], [ -47.314446829999952, -15.702459087999955 ], [ -47.314469646999896, -15.7025156979999 ], [ -47.314466339999967, -15.702566145999981 ], [ -47.314417308999907, -15.702619557999981 ], [ -47.314110176999975, -15.702789110999959 ], [ -47.314051357999915, -15.702829939999958 ], [ -47.314008850999983, -15.702892789999851 ], [ -47.314005534999865, -15.702955667999902 ], [ -47.314028343999951, -15.703021708999927 ], [ -47.314077274999931, -15.703094057999976 ], [ -47.314344860999938, -15.703374072999964 ], [ -47.314377484999909, -15.703418113999874 ], [ -47.31437744599998, -15.703468418999933 ], [ -47.314341492999972, -15.703502976999971 ], [ -47.314279429999942, -15.703515506999963 ], [ -47.313675323999973, -15.703398732999972 ], [ -47.313587151999968, -15.703389235999964 ], [ -47.31352181799997, -15.703408051999929 ], [ -47.313476044999845, -15.703470897999978 ], [ -47.313472721999915, -15.703543208999918 ], [ -47.313580232999925, -15.703876555999955 ], [ -47.313632429999984, -15.703948906999926 ], [ -47.313678127999935, -15.703980381999941 ], [ -47.3137271249999, -15.703970985999888 ], [ -47.314017882999906, -15.703858014999867 ], [ -47.314089733999879, -15.703856907999864 ], [ -47.31414849399988, -15.703891534999968 ], [ -47.31424634699988, -15.704048808999914 ], [ -47.314288734999934, -15.704136872999925 ], [ -47.314318038999943, -15.704250079999952 ], [ -47.314324443999965, -15.704410429999939 ], [ -47.314308044999848, -15.704498450999893 ], [ -47.314265549999959, -15.704545579999888 ], [ -47.313938869999959, -15.704652236999948 ], [ -47.313863730999856, -15.704680477999943 ], [ -47.313827782999965, -15.704708747999973 ], [ -47.313806568999837, -15.704752575999976 ], [ -47.313819596999849, -15.704796601999874 ], [ -47.31386530799989, -15.704812355999934 ], [ -47.313937168999985, -15.704799832999981 ], [ -47.314466329999959, -15.70470275699995 ], [ -47.314607706999936, -15.704702625999914 ], [ -47.314715455999874, -15.704737288999979 ], [ -47.314793788999964, -15.704800226999907 ], [ -47.3148100599999, -15.704875695999931 ], [ -47.314790391999964, -15.704966858999967 ], [ -47.314724990999878, -15.705070563999982 ], [ -47.314662884999962, -15.705136542999867 ], [ -47.314561597999955, -15.705189917999917 ], [ -47.314038900999947, -15.705371887999888 ], [ -47.313920518999851, -15.705422104999968 ], [ -47.313766928999939, -15.705535176999888 ], [ -47.313574081999946, -15.705729964999932 ], [ -47.313351692999959, -15.706107085999975 ], [ -47.31330915999996, -15.706201375999967 ], [ -47.313312377999978, -15.706261114999904 ], [ -47.313335214999825, -15.706292571999938 ], [ -47.31374338899991, -15.706387192999955 ], [ -47.313867505999895, -15.706374707999885 ], [ -47.313975310999922, -15.706340202999968 ], [ -47.314478494999832, -15.70605760899997 ], [ -47.314550353999891, -15.706048228999975 ], [ -47.314592783999956, -15.706082844999912 ], [ -47.314599278999879, -15.706130009999981 ], [ -47.314582894999944, -15.706199166999966 ], [ -47.31413930199983, -15.706804417999933 ], [ -47.314034640999978, -15.706884878999915 ], [ -47.313914318999934, -15.706935121999891 ], [ -47.313752195999939, -15.706945055999938 ], [ -47.313250188999973, -15.706919468999956 ], [ -47.313082844999883, -15.706919330999938 ], [ -47.312999137999896, -15.706959534999953 ], [ -47.312988610999923, -15.707035038999834 ], [ -47.313046053999983, -15.707125702999974 ], [ -47.313161030999879, -15.707206344999975 ], [ -47.313286497999968, -15.707251756999824 ], [ -47.313668173999929, -15.7073376539999 ], [ -47.313725657999953, -15.707383009999944 ], [ -47.313725612999974, -15.707433351999839 ], [ -47.313662773999908, -15.707528949999926 ], [ -47.313510951999888, -15.707715089999965 ], [ -47.313475705999906, -15.707803081999941 ], [ -47.313487715999941, -15.707872817999942 ], [ -47.313543998999933, -15.70793096899996 ], [ -47.313612384999942, -15.707954267999924 ], [ -47.313713013999973, -15.707919487999902 ], [ -47.313954538999894, -15.707818971999927 ], [ -47.314039058999981, -15.707799673999943 ], [ -47.314111471999922, -15.707819101999974 ], [ -47.314135584999974, -15.707853984999929 ], [ -47.314135539999938, -15.707904341999892 ], [ -47.313853526999878, -15.708283728999959 ], [ -47.313797431999944, -15.708413391999898 ], [ -47.313793314999884, -15.708517976999872 ], [ -47.313857546999941, -15.708688471999949 ], [ -47.314014229999941, -15.70897137899982 ], [ -47.314026243999876, -15.709037240999919 ], [ -47.314006054999822, -15.709114696999961 ], [ -47.313933449999922, -15.709308319999877 ], [ -47.313905205999902, -15.709393517999843 ], [ -47.313905157999898, -15.709447748999878 ], [ -47.313941342999954, -15.709482641999841 ], [ -47.314017797999895, -15.709482704999914 ], [ -47.314090257999965, -15.709451774999934 ], [ -47.31441244399997, -15.709149894999939 ], [ -47.314488926999957, -15.70911896899986 ], [ -47.314577453999846, -15.709119041999941 ], [ -47.314706168999919, -15.70917725299995 ], [ -47.315208846999951, -15.709534040999927 ], [ -47.315385732999914, -15.709723994999933 ], [ -47.315450003999899, -15.709851878999928 ], [ -47.315518914999927, -15.71002922699995 ], [ -47.315539168999919, -15.710123867999982 ], [ -47.315525543999968, -15.710198902999934 ], [ -47.315467879999972, -15.710247798999887 ], [ -47.315308527999946, -15.710299873999872 ], [ -47.31524410399993, -15.710325924999893 ], [ -47.315186439999877, -15.710374819999856 ], [ -47.31504055299996, -15.710531317999937 ], [ -47.314986286999897, -15.710570427999869 ], [ -47.314915098999961, -15.710580157999971 ], [ -47.314823602999979, -15.710557242999926 ], [ -47.314301839999871, -15.710308833999875 ], [ -47.314227302999939, -15.710272880999923 ], [ -47.314176465999878, -15.71026631299992 ], [ -47.314098492999904, -15.710282562999964 ], [ -47.31404761899995, -15.710318411999879 ], [ -47.314020444999926, -15.710383646999958 ], [ -47.313847102999887, -15.710918615999901 ], [ -47.313819911999872, -15.71100342799997 ], [ -47.313816463999956, -15.711068682999951 ], [ -47.313850300999889, -15.711133967999956 ], [ -47.31429742399996, -15.711463886999979 ], [ -47.314456658999973, -15.711545589999901 ], [ -47.31504280099989, -15.711820151999973 ], [ -47.315085099999919, -15.711867160999873 ], [ -47.315105358999915, -15.71195527499998 ], [ -47.315108635999934, -15.712082528999929 ], [ -47.314982761999886, -15.712604484999929 ], [ -47.314955564999934, -15.712695632999953 ], [ -47.314962291999962, -15.712754370999903 ], [ -47.315009683999904, -15.712822929999902 ], [ -47.315114709999875, -15.712878484999976 ], [ -47.315229930999919, -15.71290468199993 ], [ -47.315785819999974, -15.712901872999964 ], [ -47.315877317999934, -15.712924787999896 ], [ -47.31593150499998, -15.712977037999963 ], [ -47.315951766999945, -15.71306188899996 ], [ -47.315927958999964, -15.713153229999875 ], [ -47.315870255999982, -15.713244543999963 ], [ -47.315815976999829, -15.713296705999937 ], [ -47.315714252999953, -15.71333903999988 ], [ -47.31552781299996, -15.713355201999889 ], [ -47.315460000999963, -15.713377986999888 ], [ -47.315409111999827, -15.713430150999955 ], [ -47.315395483999851, -15.71350844799997 ], [ -47.315435599999887, -15.714141477999931 ], [ -47.315428665999946, -15.714318627999944 ], [ -47.315224507999915, -15.715202699999963 ], [ -47.315214257999969, -15.71529405199982 ], [ -47.315224353999895, -15.715375631999905 ], [ -47.315275099999837, -15.71548661099996 ], [ -47.315681432999952, -15.716084259999832 ], [ -47.315843994999909, -15.716241010999909 ], [ -47.315993058999823, -15.716329229999928 ], [ -47.316159110999877, -15.716371782999886 ], [ -47.316328601999942, -15.716358868999976 ], [ -47.316454062999867, -15.716306765999946 ], [ -47.316691473999981, -15.716147077999949 ], [ -47.316772846999925, -15.716121041999941 ], [ -47.31685419899992, -15.716117844999928 ], [ -47.316928749999875, -15.716140745999951 ], [ -47.317419978999851, -15.716441328999963 ], [ -47.31748224699993, -15.716517439999961 ], [ -47.317526228999952, -15.716612098999974 ], [ -47.317702080999936, -15.717078830999981 ], [ -47.317752875999929, -15.717134339999916 ], [ -47.317810484999939, -15.71715070099998 ], [ -47.317885064999871, -15.717140972999971 ], [ -47.318247927999948, -15.716938967999852 ], [ -47.318336067999951, -15.716925987999844 ], [ -47.318420793999962, -15.716942370999959 ], [ -47.318522430999849, -15.717001183999912 ], [ -47.318593541999974, -15.717082812999934 ], [ -47.318637524999872, -15.717177471999946 ], [ -47.318681468999955, -15.717562629999918 ], [ -47.318731719999846, -15.718003055999873 ], [ -47.318759337999893, -15.718079084999943 ], [ -47.318803473999935, -15.718118804999961 ], [ -47.318847638999955, -15.718124508999892 ], [ -47.318909489999896, -15.718110385999978 ], [ -47.318991981999886, -15.718062264999958 ], [ -47.319083337999984, -15.717980135999937 ], [ -47.319142297999974, -15.717903649999982 ], [ -47.319245468999895, -15.71777901199988 ], [ -47.319298516999936, -15.717728032999958 ], [ -47.319375097999966, -15.717705417999923 ], [ -47.31949876699997, -15.71771401999996 ], [ -47.319613573999959, -15.717753795999954 ], [ -47.319704797999975, -15.717824732999929 ], [ -47.319798908999928, -15.717963701999906 ], [ -47.31987235299988, -15.718165015999944 ], [ -47.31991047799994, -15.718346458999974 ], [ -47.319916289999981, -15.718437169999902 ], [ -47.319886786999916, -15.718502341999965 ], [ -47.319763001999888, -15.718626963999895 ], [ -47.319539756999916, -15.71886611799988 ], [ -47.319480782999904, -15.718959611999878 ], [ -47.319433576999984, -15.71906445299993 ], [ -47.319418791999851, -15.719135304999952 ], [ -47.319432896999956, -15.719191861999832 ], [ -47.319473488999847, -15.719226396999943 ], [ -47.3195356089999, -15.719233346999886 ], [ -47.319650333999903, -15.719198936999874 ], [ -47.319774640999981, -15.719136932999902 ], [ -47.320687873999873, -15.718620130999966 ], [ -47.320752410999887, -15.718597179999904 ], [ -47.320795425999961, -15.718592613999874 ], [ -47.320838413999979, -15.718620249999958 ], [ -47.320871801999886, -15.718696180999927 ], [ -47.320878904999972, -15.718772090999892 ], [ -47.320859562999942, -15.719034290999957 ], [ -47.320823642999983, -15.719123967999963 ], [ -47.320773423999924, -15.719169929999964 ], [ -47.32051047899995, -15.719284727999877 ], [ -47.32043156799989, -15.719351367999877 ], [ -47.320388508999883, -15.719406536999827 ], [ -47.320376525999961, -15.719447929999944 ], [ -47.320376472999953, -15.719510032999949 ], [ -47.320414506999896, -15.719741282999905 ], [ -47.320426386999884, -15.719819496999889 ], [ -47.320411989999968, -15.719888489999903 ], [ -47.320263544999932, -15.720231089999913 ], [ -47.320241958999929, -15.720325377999927 ], [ -47.320232293999936, -15.720449576999954 ], [ -47.320253643999934, -15.720631303999824 ], [ -47.320311886999946, -15.720878414999845 ], [ -47.320354396999903, -15.720960421999962 ], [ -47.320390870999972, -15.720986799999935 ], [ -47.320549026999913, -15.720983998999941 ], [ -47.320679410999958, -15.72100375399998 ], [ -47.320837514999823, -15.721062432999872 ], [ -47.320977326999923, -15.721170865999966 ], [ -47.321016786999905, -15.721261653999932 ], [ -47.321016696999891, -15.721367049999969 ], [ -47.321001386999967, -15.721487070999842 ], [ -47.320940324999981, -15.721759292999877 ], [ -47.320921983999881, -15.721867600999872 ], [ -47.320937120999986, -15.721949586999926 ], [ -47.32099470299994, -15.722189698999955 ], [ -47.321018889999891, -15.72235745699993 ], [ -47.321009677999939, -15.72245991799997 ], [ -47.320976169999938, -15.72252137199996 ], [ -47.320909219999976, -15.722565232999955 ], [ -47.320760141999983, -15.722620739999854 ], [ -47.320705368999882, -15.722652899999957 ], [ -47.320687084999975, -15.722693872999969 ], [ -47.32068704999989, -15.722734859999946 ], [ -47.320714356999929, -15.722811 ], [ -47.320778131999873, -15.722922300999926 ], [ -47.320781125999929, -15.72297792899991 ], [ -47.320745483999929, -15.723030597999923 ], [ -47.320523375999926, -15.723124105999943 ], [ -47.320398650999834, -15.723153282999931 ], [ -47.320222240999897, -15.723158997999974 ], [ -47.319893799999875, -15.723117747999936 ], [ -47.319832965999922, -15.723123554999972 ], [ -47.319790362999868, -15.723149869999929 ], [ -47.319772068999953, -15.723202551999918 ], [ -47.319570835999912, -15.723779137999941 ], [ -47.319525122999949, -15.723884496999972 ], [ -47.319482504999883, -15.723928376999936 ], [ -47.319430787999977, -15.723942973999897 ], [ -47.319382123999901, -15.723942934999911 ], [ -47.319306122999933, -15.723901886999897 ], [ -47.319099471999891, -15.723708495999972 ], [ -47.319036582999956, -15.723672775999944 ], [ -47.318966641999907, -15.723658081999872 ], [ -47.318890585999952, -15.723681441999929 ], [ -47.318802311999889, -15.723763344999952 ], [ -47.318056097999886, -15.724977715999898 ], [ -47.318028652999942, -15.725061201999893 ], [ -47.318031614999938, -15.725151960999938 ], [ -47.318068056999891, -15.725216398999919 ], [ -47.318423582999912, -15.725591422999969 ], [ -47.318505636999873, -15.725667607999981 ], [ -47.318560309999953, -15.725752553999882 ], [ -47.318581518999963, -15.725845970999899 ], [ -47.318611694999959, -15.726121192999926 ], [ -47.318639418999851, -15.726209652999955 ], [ -47.318694098999913, -15.726285815999972 ], [ -47.318773146999888, -15.726321010999925 ], [ -47.318870459999971, -15.726338654999893 ], [ -47.319034707999947, -15.726330003999976 ], [ -47.319156391999968, -15.726300824999953 ], [ -47.319217252999977, -15.726265741999896 ], [ -47.319345085999885, -15.726160449999895 ], [ -47.319418114999962, -15.726122448999945 ], [ -47.319472851999876, -15.726134202999958 ], [ -47.319491062999873, -15.726178132999848 ], [ -47.319469423999976, -15.726582129999883 ], [ -47.319448031999968, -15.726699292999967 ], [ -47.319417547999933, -15.726778314999933 ], [ -47.319362762999901, -15.726822185999936 ], [ -47.319292792999818, -15.726839694999967 ], [ -47.319216758999914, -15.726836706999961 ], [ -47.318721121999943, -15.726689926999939 ], [ -47.318611647999944, -15.726666417999922 ], [ -47.318517348999876, -15.726680979999969 ], [ -47.318453444999932, -15.726718987999902 ], [ -47.318407753999963, -15.726797996999892 ], [ -47.318331407999949, -15.727152179999962 ], [ -47.318300934999911, -15.727219490999857 ], [ -47.318233949999978, -15.727301410999871 ], [ -47.317975181999941, -15.727576400999965 ], [ -47.317929182999876, -15.727666657999976 ], [ -47.317932129999861, -15.727774982999904 ], [ -47.31797158899991, -15.727868699999931 ], [ -47.318056697999964, -15.72793024899994 ], [ -47.318731743999933, -15.728129872999943 ], [ -47.318810766999889, -15.728193701999885 ], [ -47.318835048999972, -15.728252273999942 ], [ -47.318822834999935, -15.72830788999994 ], [ -47.318777175999969, -15.728348839999967 ], [ -47.318080474999874, -15.728567850999866 ], [ -47.317952683999977, -15.728620444999933 ], [ -47.317864432999954, -15.728673071999935 ], [ -47.31780049199989, -15.728752065999913 ], [ -47.31746831699985, -15.729486638999958 ], [ -47.317431709999937, -15.729611096999918 ], [ -47.317434643999889, -15.729734060999817 ], [ -47.317495649999955, -15.730336043999955 ], [ -47.317516853999962, -15.730435600999954 ], [ -47.317559350999943, -15.730532246999928 ], [ -47.31765960499996, -15.730667 ], [ -47.317881377999925, -15.730965797999943 ], [ -47.317899585999896, -15.731012654999915 ], [ -47.317890420999959, -15.73105948999995 ], [ -47.317859976999841, -15.731091668999966 ], [ -47.317796090999877, -15.731106255999919 ], [ -47.317446344999894, -15.731067912999947 ], [ -47.317352056999823, -15.731067836999955 ], [ -47.317264850999891, -15.731079640999951 ], [ -47.317140104999964, -15.7311263819999 ], [ -47.317073141999913, -15.731181952999975 ], [ -47.317027436999979, -15.73127559999989 ], [ -47.317018186999974, -15.731419047999964 ], [ -47.317027233999966, -15.731506883999941 ], [ -47.317130427999871, -15.731758745999912 ], [ -47.317182083999967, -15.731817339999964 ], [ -47.317224644999953, -15.731840795999972 ], [ -47.317279398999915, -15.731834984999921 ], [ -47.317349388999958, -15.731796982999981 ], [ -47.317726790999984, -15.731513306999943 ], [ -47.31782111299998, -15.731475323999916 ], [ -47.317918447999944, -15.73146954799995 ], [ -47.318021830999896, -15.731504762999862 ], [ -47.318362279999917, -15.731742175999955 ], [ -47.318441286999985, -15.731827140999883 ], [ -47.31847163399982, -15.731906211999956 ], [ -47.318477657999949, -15.731973551999943 ], [ -47.318462570999941, -15.7320720539999 ], [ -47.318407708999928, -15.732203753999954 ], [ -47.318121501999883, -15.732546056999865 ], [ -47.318066658999953, -15.73265433499995 ], [ -47.318042247999983, -15.732745071999886 ], [ -47.318048251999983, -15.732835833999957 ], [ -47.318066459999955, -15.732882690999929 ], [ -47.318118136999885, -15.732917863999887 ], [ -47.318407056999888, -15.732953228999975 ], [ -47.318513519999897, -15.732944530999873 ], [ -47.318644340999981, -15.732906576999937 ], [ -47.318787348999933, -15.732845211999916 ], [ -47.318829966999886, -15.732804258999977 ], [ -47.318860448999942, -15.732728164999912 ], [ -47.319003823999878, -15.732242291999967 ], [ -47.319040386999973, -15.732169130999921 ], [ -47.319110385999977, -15.732119416999979 ], [ -47.319171207999887, -15.732131175999825 ], [ -47.319222871999898, -15.732180987999925 ], [ -47.319256234999898, -15.732289336999941 ], [ -47.319265260999941, -15.73240352199997 ], [ -47.319209398999931, -15.733689780999896 ], [ -47.319188031999943, -15.733777592999957 ], [ -47.31913318699992, -15.733888798999942 ], [ -47.318947359999925, -15.734222400999897 ], [ -47.318922962999864, -15.734295571999951 ], [ -47.318925953999951, -15.734354127999893 ], [ -47.318953259999944, -15.734433195999941 ], [ -47.319162846999973, -15.734762192999824 ], [ -47.319199292999883, -15.734823701999915 ], [ -47.319223539999939, -15.734923261999825 ], [ -47.319265779999967, -15.735318526999947 ], [ -47.319256561999907, -15.735426841999924 ], [ -47.319226059999892, -15.735526357999902 ], [ -47.319171264999966, -15.73557901099997 ], [ -47.319079987999885, -15.735611141999982 ], [ -47.318994826999926, -15.735605217999932 ], [ -47.318882331999873, -15.735552429999927 ], [ -47.318824602999882, -15.735482119999972 ], [ -47.318779074999952, -15.73537083399998 ], [ -47.318253813999831, -15.73429011099995 ], [ -47.318202172999975, -15.734213950999845 ], [ -47.318126185999915, -15.734152408999819 ], [ -47.318016715999931, -15.734120115999872 ], [ -47.317916336999986, -15.734125889999916 ], [ -47.317776386999924, -15.734166763999951 ], [ -47.317517721999934, -15.734312935999867 ], [ -47.317414198999984, -15.73443581399988 ], [ -47.317351357999939, -15.734568365999962 ], [ -47.317330823999953, -15.734687710999879 ], [ -47.317336374999968, -15.734805474999916 ], [ -47.317378963999829, -15.73494838299996 ], [ -47.317486278999979, -15.735280151999973 ], [ -47.317510509999977, -15.735397276999947 ], [ -47.317534484999896, -15.735807165999972 ], [ -47.317528329999845, -15.735889134999979 ], [ -47.317497861999982, -15.735947662999934 ], [ -47.317415709999921, -15.735979800999928 ], [ -47.317364004999945, -15.735976830999959 ], [ -47.317294077999975, -15.735941642999876 ], [ -47.317245457999888, -15.735888905999957 ], [ -47.317199915999936, -15.735795184999915 ], [ -47.317051124999978, -15.735511082999949 ], [ -47.316996420999885, -15.735458340999969 ], [ -47.316929533999939, -15.735426081999947 ], [ -47.316847401999894, -15.735434798999961 ], [ -47.316768288999924, -15.735469865999846 ], [ -47.316713479999919, -15.735537156999897 ], [ -47.316701248999891, -15.735610338999834 ], [ -47.316788377999899, -15.736010400999874 ], [ -47.316824804999897, -15.736092403999919 ], [ -47.316879502999882, -15.736151001999872 ], [ -47.31728067399996, -15.736523137999939 ], [ -47.31733232199997, -15.736591597999904 ], [ -47.31734441899988, -15.736670653999965 ], [ -47.317320026999937, -15.736737969999979 ], [ -47.317176959999983, -15.736863741999969 ], [ -47.317082632999984, -15.736904651999964 ], [ -47.317000507999978, -15.73690458599998 ], [ -47.316875831999937, -15.736869352999975 ], [ -47.316784641999959, -15.736801942999932 ], [ -47.316456421999874, -15.736485490999939 ], [ -47.316316577999942, -15.736403402999883 ], [ -47.315836100999888, -15.736282976999973 ], [ -47.315708355999959, -15.736277016999907 ], [ -47.315620129999957, -15.736297437999838 ], [ -47.315565340999967, -15.736341307999908 ], [ -47.315540947999978, -15.736408623999978 ], [ -47.315519513999902, -15.736569626999881 ], [ -47.315528192999977, -15.737073189999876 ], [ -47.315509232999943, -15.737143878999973 ], [ -47.315454441999918, -15.737190675999955 ], [ -47.31536622099992, -15.737205241999902 ], [ -47.314785309999877, -15.737154994999912 ], [ -47.314687971999945, -15.737160769999946 ], [ -47.314605825999877, -15.737184123999839 ], [ -47.314532773999986, -15.737242616999879 ], [ -47.314063904999898, -15.737748713999906 ], [ -47.31392386999994, -15.737880342999972 ], [ -47.313671199999931, -15.738111420999928 ], [ -47.313631611999938, -15.738166103999902 ], [ -47.313610261999941, -15.738230494999982 ], [ -47.313616306999904, -15.738274414999978 ], [ -47.313652757999876, -15.73833007099995 ], [ -47.313759125999979, -15.738432626999952 ], [ -47.313804688999937, -15.738502927999889 ], [ -47.313901764999969, -15.738792845999967 ], [ -47.313953377999894, -15.73890121099987 ], [ -47.313998971999922, -15.73893637999987 ], [ -47.314078047999828, -15.738945228999967 ], [ -47.314443093999898, -15.73889868699996 ], [ -47.314528252999935, -15.738907539999957 ], [ -47.314564721999943, -15.738942700999928 ], [ -47.314582911999935, -15.739010051999912 ], [ -47.314582817999849, -15.739115446999961 ], [ -47.314546213999904, -15.739232522999941 ], [ -47.314488342999937, -15.739320304999922 ], [ -47.314393972999937, -15.739408614999945 ], [ -47.31419307199991, -15.739575324999976 ], [ -47.31413521199994, -15.739651395999942 ], [ -47.314122877999978, -15.739710853999895 ], [ -47.314144221999982, -15.739780219999943 ], [ -47.314211100999898, -15.739824189999979 ], [ -47.314378241999975, -15.739870677999818 ], [ -47.314533351999842, -15.739891298999908 ], [ -47.314709758999868, -15.73990608299988 ], [ -47.314854538999953, -15.739909128999955 ], [ -47.314936645999978, -15.739929689999883 ], [ -47.314970068999912, -15.739970704999905 ], [ -47.314973063999958, -15.740023404999931 ], [ -47.314933456999881, -15.740096562999952 ], [ -47.314851262999923, -15.740172613999903 ], [ -47.314735621999944, -15.740236926999899 ], [ -47.314559153999937, -15.74029240699997 ], [ -47.314297515999954, -15.740350743999898 ], [ -47.314124117999881, -15.740374021999969 ], [ -47.313938594999911, -15.740350447999901 ], [ -47.313722678999909, -15.740300499999933 ], [ -47.313622299999963, -15.740303344999973 ], [ -47.313531014999967, -15.740341328999932 ], [ -47.313482297999826, -15.740396913999916 ], [ -47.313467004999893, -15.740490585999964 ], [ -47.313485141999877, -15.740618271999949 ], [ -47.313533701999972, -15.740738344999841 ], [ -47.313615746999858, -15.74082916999987 ], [ -47.313722154999937, -15.740887810999936 ], [ -47.313983654999902, -15.740984638999976 ], [ -47.314029246999951, -15.741022735999934 ], [ -47.314050483999949, -15.74108423399997 ], [ -47.314044340999942, -15.741151564999939 ], [ -47.314007785999877, -15.741213014999857 ], [ -47.313937752999948, -15.74129493099997 ], [ -47.313925541999822, -15.741344690999938 ], [ -47.31394375799988, -15.741382764999969 ], [ -47.31413529699995, -15.741482462999954 ], [ -47.314159586999892, -15.741532252999889 ], [ -47.314153458999954, -15.741582017999917 ], [ -47.314119944999902, -15.741643470999861 ], [ -47.314010372999974, -15.7417224269999 ], [ -47.313833895999949, -15.741786689999969 ], [ -47.313669613999934, -15.741818757999965 ], [ -47.313127408999947, -15.741890702999967 ], [ -47.313063496999973, -15.74193095499993 ], [ -47.313036057999852, -15.742001195999876 ], [ -47.313045101999876, -15.742091959999925 ], [ -47.313357967999934, -15.742575280999972 ], [ -47.313403541999946, -15.742633871999828 ], [ -47.313452182999981, -15.742663187999938 ], [ -47.313519105999944, -15.742657387999884 ], [ -47.313853829999914, -15.742508354999927 ], [ -47.313926852999941, -15.742484994999927 ], [ -47.313990731999979, -15.742482119999977 ], [ -47.314048490999937, -15.742520226999943 ], [ -47.314370548999932, -15.742933289999883 ], [ -47.314425719999974, -15.742966600999978 ], [ -47.314498716999879, -15.742972516999941 ], [ -47.314565652999931, -15.742952078999963 ], [ -47.314946059999954, -15.742738673999952 ], [ -47.315049501999908, -15.742712409999911 ], [ -47.31514684299998, -15.742706634999877 ], [ -47.315262399999938, -15.742738932999885 ], [ -47.315317096999934, -15.742800458999909 ], [ -47.315332232999936, -15.742882444999964 ], [ -47.315316938999899, -15.742979043999981 ], [ -47.315259062999928, -15.743072680999887 ], [ -47.31516165499994, -15.743154574999835 ], [ -47.314607732999946, -15.743520074999878 ], [ -47.314537788999928, -15.743584509999948 ], [ -47.314489050999896, -15.743663516999845 ], [ -47.314220714999976, -15.744406917999981 ], [ -47.314168931999973, -15.744488848999936 ], [ -47.31406239699993, -15.744570734999854 ], [ -47.313748927999939, -15.744752453999979 ], [ -47.313703250999879, -15.744808041999931 ], [ -47.313691031999952, -15.744866584999897 ], [ -47.31370315199996, -15.744919292999896 ], [ -47.313751791999834, -15.744951537999896 ], [ -47.313855195999963, -15.744972116999918 ], [ -47.314138071999821, -15.744984061999958 ], [ -47.314223226999957, -15.745001697999896 ], [ -47.31428705999997, -15.745051520999937 ], [ -47.314432844999942, -15.745300490999909 ], [ -47.314454058999956, -15.745388337999827 ], [ -47.314460046999898, -15.745496665999895 ], [ -47.314429451999956, -15.745695719999958 ], [ -47.314365414999884, -15.745874253999887 ], [ -47.314213030999895, -15.746204108999905 ], [ -47.314191665999886, -15.746286064999936 ], [ -47.314191602999983, -15.74635632899998 ], [ -47.31422194899983, -15.74643832799984 ], [ -47.314288805999922, -15.746508645999882 ], [ -47.314370923999888, -15.746520424999972 ], [ -47.314471321999861, -15.746500013999878 ], [ -47.314544379999973, -15.746438592999937 ], [ -47.314681371999939, -15.746312817999922 ], [ -47.314727011999878, -15.746298216999946 ], [ -47.314800009999942, -15.746304131999921 ], [ -47.314857771999925, -15.746339311999975 ], [ -47.31489724599993, -15.746418389999974 ], [ -47.314978519999897, -15.747381650999898 ], [ -47.314957130999971, -15.747490409999955 ], [ -47.314914493999936, -15.747548927999958 ], [ -47.314865806999876, -15.747569380999892 ], [ -47.314817132999963, -15.747575195999843 ], [ -47.3147380609999, -15.747557564999966 ], [ -47.314531331999945, -15.747428578999973 ], [ -47.314473555999939, -15.747408037999946 ], [ -47.314424876999908, -15.747419708999928 ], [ -47.314385285999947, -15.747472373999926 ], [ -47.314379124999959, -15.747560197999917 ], [ -47.314430652999931, -15.747765174999927 ], [ -47.314522543999942, -15.747929787999965 ], [ -47.314644123999926, -15.748035283999968 ], [ -47.314741425999898, -15.748076350999895 ], [ -47.314823550999961, -15.748082273999955 ], [ -47.314969584999972, -15.748053116999927 ], [ -47.316107472999875, -15.747771506999925 ], [ -47.316180502999941, -15.747742289999906 ], [ -47.316235308999978, -15.747680853999952 ], [ -47.316250566999884, -15.74762524099998 ], [ -47.316235476999964, -15.747490556999935 ], [ -47.316071984999951, -15.746620913999948 ], [ -47.316053829999873, -15.746512576999919 ], [ -47.316050872999881, -15.746415961999958 ], [ -47.316078362999974, -15.746287168999856 ], [ -47.316181953999887, -15.746094028999948 ], [ -47.316261127999951, -15.745994552999889 ], [ -47.31633112999998, -15.745947767999837 ], [ -47.316391970999973, -15.745941961999961 ], [ -47.316464950999944, -15.745968369999957 ], [ -47.316543967999905, -15.746047480999891 ], [ -47.316583433999824, -15.746135341999889 ], [ -47.316668405999906, -15.746360839999909 ], [ -47.316738261999944, -15.746480929999962 ], [ -47.316835508999986, -15.746583476999945 ], [ -47.317036147999886, -15.746721238999953 ], [ -47.317078676999927, -15.746785680999892 ], [ -47.317087761999971, -15.746832530999939 ], [ -47.317078571999843, -15.746905714999968 ], [ -47.317075465999949, -15.746978902999956 ], [ -47.317093657999919, -15.74704625399994 ], [ -47.317330604999825, -15.747409475999973 ], [ -47.317363972999942, -15.747514898999896 ], [ -47.317360864999841, -15.747591015999888 ], [ -47.317324301999918, -15.747661249999965 ], [ -47.317251266999904, -15.747696321999911 ], [ -47.317056560999958, -15.747728367999969 ], [ -47.316993798999931, -15.747752531999936 ], [ -47.316963333999979, -15.747805204999963 ], [ -47.31695715099994, -15.747919377999892 ], [ -47.31698438899997, -15.748077492999926 ], [ -47.317042047999905, -15.748232704999964 ], [ -47.317160499999943, -15.748437735999971 ], [ -47.317397548999963, -15.748680922999938 ], [ -47.318254838999906, -15.74926128899989 ], [ -47.318412920999947, -15.749369739999906 ], [ -47.318531501999985, -15.749428388999945 ], [ -47.318896408999876, -15.749563356999943 ], [ -47.318975445999854, -15.749618555999973 ], [ -47.319039243999953, -15.749712291999913 ], [ -47.319054371999982, -15.749805988999924 ], [ -47.319032992999894, -15.749905511999941 ], [ -47.318962930999874, -15.750019633999955 ], [ -47.318911173999936, -15.750072289999935 ], [ -47.31879249799988, -15.750121963999959 ], [ -47.318101862999868, -15.750276571999962 ], [ -47.317992312999934, -15.750325192999981 ], [ -47.317931412999883, -15.750398334999943 ], [ -47.317916103999949, -15.750512499999957 ], [ -47.317943382999886, -15.750623772999916 ], [ -47.318010216999937, -15.750723365999932 ], [ -47.318098382999949, -15.750779062999982 ], [ -47.318271739999886, -15.750811405999912 ], [ -47.318435972999964, -15.750843742999905 ], [ -47.318521111999985, -15.750881870999876 ], [ -47.318581892999873, -15.750946327999884 ], [ -47.318603106999944, -15.751037101999941 ], [ -47.318609089999825, -15.751154545999952 ], [ -47.318590744999881, -15.751262853999947 ], [ -47.318416727999875, -15.751985842999829 ], [ -47.318401411999957, -15.752108790999955 ], [ -47.318410465999932, -15.752190772999825 ], [ -47.318434744999877, -15.752255199999979 ], [ -47.318480357999931, -15.752272802999926 ], [ -47.318544245999874, -15.752264070999956 ], [ -47.318599021999944, -15.752237766999883 ], [ -47.318659912999919, -15.752176334999945 ], [ -47.318854820999888, -15.751915931999974 ], [ -47.318903520999925, -15.751880838999909 ], [ -47.318973489999962, -15.751875039999902 ], [ -47.319037341999888, -15.751907294999967 ], [ -47.319095089999962, -15.751962966999884 ], [ -47.319189266999956, -15.752103569999974 ], [ -47.319940647999942, -15.753027465999935 ], [ -47.319992259999935, -15.753144611999971 ], [ -47.320058996999876, -15.753358382999977 ], [ -47.32007707799994, -15.753557477999948 ], [ -47.320064720999937, -15.753777040999978 ], [ -47.320040302999928, -15.753873633999888 ], [ -47.320006798999941, -15.753923377999911 ], [ -47.319955050999965, -15.753964322999934 ], [ -47.319860718999905, -15.754002306999951 ], [ -47.319532134999974, -15.754069379999919 ], [ -47.319453019999912, -15.754098564999936 ], [ -47.319389096999885, -15.754148283999939 ], [ -47.319343401999902, -15.75422436599996 ], [ -47.319328098999961, -15.754332675999933 ], [ -47.319337107999843, -15.754467354999974 ], [ -47.319379577999882, -15.754602059999911 ], [ -47.319449430999896, -15.754730931999916 ], [ -47.319528446999868, -15.754815896999958 ], [ -47.320151552999903, -15.755384357999901 ], [ -47.320252445999984, -15.75542249699987 ], [ -47.320358904999921, -15.755431364999879 ], [ -47.320474523999962, -15.755402179999976 ], [ -47.321290132999877, -15.754966609999883 ], [ -47.321375338999985, -15.754928617999951 ], [ -47.321865264999929, -15.754724070999885 ], [ -47.321986986999889, -15.754671468999902 ], [ -47.322072208999941, -15.754615910999917 ], [ -47.32217266299989, -15.75453401599998 ], [ -47.322300547999816, -15.754390660999945 ], [ -47.32236143199998, -15.754338010999959 ], [ -47.322431406999897, -15.754326355999865 ], [ -47.322501364999823, -15.754335193999964 ], [ -47.322559116999969, -15.754387936999876 ], [ -47.322604684999931, -15.754461163999906 ], [ -47.32261678999987, -15.754534364999927 ], [ -47.32260152099991, -15.75460461699987 ], [ -47.32252843099991, -15.754701171999955 ], [ -47.322263533999944, -15.754990800999963 ], [ -47.322190431999957, -15.755101993999915 ], [ -47.322172122999916, -15.755169315999979 ], [ -47.322171859999912, -15.755479646999959 ], [ -47.322153546999971, -15.755552824999825 ], [ -47.322113963999982, -15.755596707999814 ], [ -47.322037899999941, -15.755614213999934 ], [ -47.321545097999945, -15.755619676999913 ], [ -47.321405146999894, -15.755645914999889 ], [ -47.321256033999873, -15.755713132999915 ], [ -47.321143406999909, -15.755800872999828 ], [ -47.321027660999903, -15.755979054999898 ], [ -47.320984940999949, -15.756134186999873 ], [ -47.320987793999905, -15.756353762999936 ], [ -47.321060466999882, -15.756743196999878 ], [ -47.321187917999964, -15.757106324999938 ], [ -47.321358026999974, -15.757387513999902 ], [ -47.321540411999877, -15.75754282399987 ], [ -47.321835378999936, -15.757666018999942 ], [ -47.321877944999926, -15.757692400999929 ], [ -47.321887027999878, -15.757742178999933 ], [ -47.32187779599991, -15.757868060999897 ], [ -47.321883062999973, -15.757924165999896 ], [ -47.321892158999958, -15.757959303999883 ], [ -47.321931694999932, -15.757971045999966 ], [ -47.322263347999922, -15.757877622999956 ], [ -47.322445882999943, -15.757857273999889 ], [ -47.322579718999975, -15.757869089999872 ], [ -47.322655728999962, -15.757915991999937 ], [ -47.322707369999875, -15.758000933999938 ], [ -47.322761772999968, -15.758416700999817 ], [ -47.322810359999892, -15.758516278999878 ], [ -47.322877243999926, -15.75856317399996 ], [ -47.322950243999912, -15.758572013999981 ], [ -47.323014142999966, -15.758551570999941 ], [ -47.323056764999933, -15.758510617999946 ], [ -47.323081154999898, -15.758446228999958 ], [ -47.32313000299996, -15.758238403999883 ], [ -47.323178790999918, -15.758100842999966 ], [ -47.323264037999934, -15.75801600799997 ], [ -47.323370548999947, -15.757966321999959 ], [ -47.323516586999972, -15.757940086999895 ], [ -47.323632154999927, -15.757972381999821 ], [ -47.323720315999935, -15.75803978599987 ], [ -47.323744592999901, -15.75811006899994 ], [ -47.323765654999875, -15.758385284999974 ], [ -47.323786867999956, -15.758481913999958 ], [ -47.323893104999968, -15.758760124999981 ], [ -47.323921301999974, -15.758862996999881 ], [ -47.323957506999932, -15.759217268999976 ], [ -47.32398780799997, -15.759357819999877 ], [ -47.324015126999939, -15.759428103999937 ], [ -47.324081971999931, -15.759521840999923 ], [ -47.324191421999956, -15.759595116999947 ], [ -47.324480288999951, -15.759741724999913 ], [ -47.324557462999962, -15.75981063699993 ], [ -47.324599979999903, -15.759895570999959 ], [ -47.324615105999897, -15.759995122999953 ], [ -47.324593728999901, -15.760094645999914 ], [ -47.32454802999996, -15.760176583999964 ], [ -47.324036544999899, -15.760685595999973 ], [ -47.323975644999962, -15.760756526999955 ], [ -47.32394819599989, -15.760841406999873 ], [ -47.323954200999935, -15.760935096999901 ], [ -47.323990635999962, -15.761017098999957 ], [ -47.324051431999976, -15.761069843999962 ], [ -47.324440639999978, -15.761272153999982 ], [ -47.324492314999986, -15.761319035999975 ], [ -47.324507477999873, -15.761374672999864 ], [ -47.324495265999929, -15.76142736099996 ], [ -47.324342886999943, -15.76175806699996 ], [ -47.324318475999974, -15.761845876999928 ], [ -47.324315389999981, -15.76189857199995 ], [ -47.324336646999882, -15.761942503999933 ], [ -47.324385301999826, -15.761963034999951 ], [ -47.324467436999953, -15.761963098999956 ], [ -47.324659123999936, -15.761916404999909 ], [ -47.325103432999981, -15.761708886999884 ], [ -47.325213016999896, -15.761624070999972 ], [ -47.32528002499987, -15.761524582999925 ], [ -47.325353174999975, -15.761354835999896 ], [ -47.325478153999939, -15.761047530999974 ], [ -47.325536030999899, -15.760953890999929 ], [ -47.325590828999907, -15.760904162999907 ], [ -47.325666908999892, -15.760869089999971 ], [ -47.325739926999972, -15.760857435999981 ], [ -47.325812920999908, -15.760875057999897 ], [ -47.325885890999984, -15.76092195699988 ], [ -47.325949690999948, -15.761021545999938 ], [ -47.325970864999931, -15.761165016999939 ], [ -47.325958579999963, -15.761305534999906 ], [ -47.325909795999905, -15.761440168999968 ], [ -47.325818443999935, -15.761548420999929 ], [ -47.325492731999873, -15.761805801999913 ], [ -47.325428805999934, -15.761883601999955 ], [ -47.325416556999983, -15.761980204999873 ], [ -47.325437782999927, -15.762062194999885 ], [ -47.325483362999819, -15.762123710999845 ], [ -47.325559386999885, -15.762155973999938 ], [ -47.326055119999978, -15.762296883999966 ], [ -47.326164581999933, -15.762358447999816 ], [ -47.326219286999958, -15.762419970999929 ], [ -47.326231418999896, -15.762463894999939 ], [ -47.326225285999897, -15.762522442999966 ], [ -47.326091282999926, -15.762706780999963 ], [ -47.32600907799997, -15.762791618999927 ], [ -47.325936031999959, -15.762835476999953 ], [ -47.325802128999896, -15.76289978199992 ], [ -47.32574125099984, -15.762943649999897 ], [ -47.325698608999971, -15.76300802499992 ], [ -47.325686379999979, -15.763081206999914 ], [ -47.325713711999867, -15.763136852999935 ], [ -47.325756277999915, -15.763163234999979 ], [ -47.325814076999905, -15.763163279999958 ], [ -47.326185288999966, -15.763063664999891 ], [ -47.326252211999929, -15.763066644999981 ], [ -47.326319112999954, -15.763095972999906 ], [ -47.326376867999954, -15.763148714999943 ], [ -47.326604548999967, -15.763716852999949 ], [ -47.326674430999958, -15.763819373999979 ], [ -47.326987421999831, -15.764232411999956 ], [ -47.327031136999892, -15.764363664999905 ], [ -47.32703636399998, -15.764499859999887 ], [ -47.327006899999844, -15.764612900999907 ], [ -47.326932048999936, -15.764720767999961 ], [ -47.326809154999978, -15.764805471999978 ], [ -47.326461911999957, -15.764967092999939 ], [ -47.326399305999928, -15.765015903999938 ], [ -47.326377893999847, -15.765077558999906 ], [ -47.326388514999906, -15.765149516999827 ], [ -47.326428512999939, -15.765213788999972 ], [ -47.326460523999913, -15.765249787999949 ], [ -47.326511238999956, -15.765270383999962 ], [ -47.326580666999917, -15.765262728999971 ], [ -47.326954579999949, -15.765139672999965 ], [ -47.327032022999958, -15.765126884999972 ], [ -47.327117462999922, -15.765129519999959 ], [ -47.327200202999848, -15.765168126999924 ], [ -47.327282890999925, -15.76527097599984 ], [ -47.327298840999902, -15.76535578599993 ], [ -47.327293438999902, -15.765430300999981 ], [ -47.327253317999975, -15.765515068999946 ], [ -47.327189174999887, -15.765589538999905 ], [ -47.327023518999965, -15.765723032999915 ], [ -47.326903303999984, -15.765797460999977 ], [ -47.326601404999963, -15.766002479999941 ], [ -47.326535344999968, -15.766080963999968 ], [ -47.326504758999931, -15.766166781999971 ], [ -47.326507037999875, -15.766248106999967 ], [ -47.326523426999984, -15.766300076999983 ], [ -47.32657033199996, -15.766349809999838 ], [ -47.326661846999968, -15.766386023999814 ], [ -47.327117175999888, -15.766445106999981 ], [ -47.327208717999952, -15.766447434999918 ], [ -47.327262722999933, -15.766427145999842 ], [ -47.327305012999886, -15.766379739999934 ], [ -47.327342651999913, -15.766280373999962 ], [ -47.327509659999976, -15.765855813999906 ], [ -47.327591903999917, -15.765747445999978 ], [ -47.327695237999933, -15.765682013999935 ], [ -47.327824386999964, -15.765623378999862 ], [ -47.327927686999885, -15.765598608999937 ], [ -47.328052090999904, -15.76560096299994 ], [ -47.328418173999978, -15.765714189999926 ], [ -47.328509665999945, -15.765777510999897 ], [ -47.328551879999964, -15.765822722999928 ], [ -47.328589367999939, -15.765906332999919 ], [ -47.328696915999956, -15.766428238999936 ], [ -47.328706213999908, -15.766538935999961 ], [ -47.328692069999931, -15.766613470999971 ], [ -47.328654470999936, -15.766665398999919 ], [ -47.328579334999915, -15.766692449999937 ], [ -47.328058189999979, -15.76674852799988 ], [ -47.327927320999947, -15.766782111999817 ], [ -47.327840418999983, -15.766845296999975 ], [ -47.327788712999961, -15.766924321999966 ], [ -47.327701636999961, -15.767197591999889 ], [ -47.327696874999901, -15.767278911999881 ], [ -47.32770619199988, -15.767367018999892 ], [ -47.327766965999956, -15.767676546999837 ], [ -47.327797437999948, -15.767728526999974 ], [ -47.327846705999946, -15.767760189999933 ], [ -47.327949974999967, -15.767776080999965 ], [ -47.328081424999937, -15.767776180999817 ], [ -47.328205859999912, -15.767742390999956 ], [ -47.328276314999982, -15.767699522999976 ], [ -47.328344441999946, -15.767631804999951 ], [ -47.328389114999879, -15.76754147999992 ], [ -47.328643130999865, -15.766922712999815 ], [ -47.328699554999901, -15.766814324999814 ], [ -47.328767692999975, -15.766733053999928 ], [ -47.328849876999982, -15.766696971999977 ], [ -47.328939083999842, -15.766685744999904 ], [ -47.329042350999941, -15.76670163599988 ], [ -47.329162025999892, -15.766746905999923 ], [ -47.329255858999943, -15.766819263999935 ], [ -47.329337914999883, -15.766941310999925 ], [ -47.329361324999979, -15.767018133999954 ], [ -47.3293683039999, -15.76709494399995 ], [ -47.329309105999982, -15.767727413999978 ], [ -47.329321915999969, -15.76807933799995 ], [ -47.329354665999915, -15.768217160999882 ], [ -47.329434352999954, -15.768366313999877 ], [ -47.329802443999938, -15.768901968999955 ], [ -47.329842243999963, -15.769030759999964 ], [ -47.329842177999865, -15.769112082999925 ], [ -47.329813949999902, -15.769186607999814 ], [ -47.329769302999978, -15.769245307999938 ], [ -47.329668312999956, -15.769313000999944 ], [ -47.3295626499999, -15.76935358299994 ], [ -47.328515554999967, -15.76958094999992 ], [ -47.328393947999928, -15.76962138499988 ], [ -47.328328183999986, -15.769668772999978 ], [ -47.328299965999975, -15.76972974399996 ], [ -47.328306966999946, -15.769779446999905 ], [ -47.328353852999896, -15.769854028999873 ], [ -47.328492235999818, -15.7699874139999 ], [ -47.328550883999981, -15.770030378999877 ], [ -47.32861189699986, -15.770050755999875 ], [ -47.328806686999883, -15.770098341999926 ], [ -47.328879434999976, -15.770120986999927 ], [ -47.328924010999913, -15.770150386999887 ], [ -47.328947448999884, -15.770193325999969 ], [ -47.328938022999921, -15.770238497999969 ], [ -47.328893372999971, -15.770299456999965 ], [ -47.328545558999963, -15.770798426999932 ], [ -47.328406922999932, -15.770973005999906 ], [ -47.328334064999979, -15.771083639999915 ], [ -47.328256470999918, -15.771243967999965 ], [ -47.32822041999998, -15.77130963999997 ], [ -47.328181975999883, -15.771348886999931 ], [ -47.32814355499994, -15.771360408999897 ], [ -47.327977918999977, -15.771341799999959 ], [ -47.327892410999937, -15.771337120999931 ], [ -47.327794411999889, -15.77136164399991 ], [ -47.327609001999917, -15.771484489999978 ], [ -47.327521608999973, -15.771560265999938 ], [ -47.327481091999971, -15.771617628999934 ], [ -47.327453323999919, -15.771711898999854 ], [ -47.327431834999913, -15.771939410999948 ], [ -47.327429613999982, -15.772050098999955 ], [ -47.327444454999977, -15.772135565999918 ], [ -47.327472108999984, -15.772178632999839 ], [ -47.32751255699992, -15.772205311999926 ], [ -47.327776627999924, -15.772264956999948 ], [ -47.327857563999885, -15.77226911799994 ], [ -47.327929990999905, -15.772260973999892 ], [ -47.328266592999967, -15.772183337999934 ], [ -47.328383741999971, -15.772183426999959 ], [ -47.328468917999942, -15.772212188999958 ], [ -47.328551937999976, -15.772271695999962 ], [ -47.328607252999916, -15.772351679999929 ], [ -47.328632738999886, -15.772441889999925 ], [ -47.328632639999967, -15.772562827999934 ], [ -47.328581306999979, -15.772822834999943 ], [ -47.32856627599989, -15.772970408999981 ], [ -47.328570424999953, -15.773105698999871 ], [ -47.32859584699986, -15.773273800999959 ], [ -47.328642610999907, -15.773390674999916 ], [ -47.328712838999934, -15.773466569999982 ], [ -47.328793748999885, -15.773503527999935 ], [ -47.328885341999921, -15.773499497999978 ], [ -47.328964178999968, -15.773466760999838 ], [ -47.329021737999938, -15.773407360999897 ], [ -47.329066536999903, -15.773323352999967 ], [ -47.329107135999891, -15.773165548999941 ], [ -47.329226741999946, -15.772765929999935 ], [ -47.329295026999887, -15.772614295999915 ], [ -47.329344068999944, -15.772550788999979 ], [ -47.329397340999833, -15.772524181999927 ], [ -47.32944632899995, -15.772526268999911 ], [ -47.329467613999952, -15.772544732999904 ], [ -47.329518603999986, -15.772704655999917 ], [ -47.329550499999982, -15.772770272999935 ], [ -47.329803718999983, -15.77308203399997 ], [ -47.329833487999963, -15.773145599999907 ], [ -47.329837715999929, -15.773184549999939 ], [ -47.329827034999937, -15.773223487999871 ], [ -47.329769489999876, -15.773264440999981 ], [ -47.329351199999905, -15.773558058999924 ], [ -47.329184331999954, -15.773708760999966 ], [ -47.329116209999938, -15.77383654199997 ], [ -47.329095759999916, -15.773954500999935 ], [ -47.329105958999946, -15.774042973999883 ], [ -47.329146807999962, -15.774101961999975 ], [ -47.329245544999878, -15.774138022999864 ], [ -47.329361312999936, -15.774138041999947 ], [ -47.329500923999944, -15.774095466999881 ], [ -47.329998075999981, -15.773921880999922 ], [ -47.33014789899994, -15.773889137999959 ], [ -47.330233022999948, -15.773889150999878 ], [ -47.330338569999981, -15.773921934999919 ], [ -47.330437303999986, -15.773980931999915 ], [ -47.330491777999953, -15.774007153999946 ], [ -47.330546256999924, -15.774013715999956 ], [ -47.330597334999823, -15.773990786999946 ], [ -47.330662039999936, -15.77392526299991 ], [ -47.331036658999949, -15.773509174999958 ], [ -47.331114980999928, -15.773466588999895 ], [ -47.331223941999951, -15.773456774999886 ], [ -47.331305654999881, -15.773492830999942 ], [ -47.331397572999947, -15.773587869999972 ], [ -47.331455436999931, -15.773709118999818 ], [ -47.331469029999823, -15.773866404999865 ], [ -47.331451939999909, -15.774249779999877 ], [ -47.331431491999979, -15.774357909999935 ], [ -47.331400833999965, -15.774436546999937 ], [ -47.331329316999984, -15.774508623999964 ], [ -47.33052566799995, -15.774941024999976 ], [ -47.330439104999982, -15.775015849999932 ], [ -47.330401631999962, -15.775120698999899 ], [ -47.330405024999891, -15.77519278699998 ], [ -47.330449275999911, -15.775274711999941 ], [ -47.330534391999947, -15.77532059999993 ], [ -47.330643348999899, -15.775330446999931 ], [ -47.330762526999877, -15.775304251999898 ], [ -47.330925972999921, -15.775261679999915 ], [ -47.331021311999905, -15.775261694999926 ], [ -47.331089406999922, -15.775291195999955 ], [ -47.331133661999957, -15.775350183999876 ], [ -47.331140459999972, -15.775415718999966 ], [ -47.331113196999979, -15.775553336999906 ], [ -47.330888324999933, -15.77640532199996 ], [ -47.330867871999885, -15.776542941999878 ], [ -47.330878066999958, -15.776657627999953 ], [ -47.331092488999843, -15.777208150999968 ], [ -47.331126523999899, -15.777316194999912 ], [ -47.331153740999923, -15.77745382299986 ], [ -47.331214985999964, -15.777719248999972 ], [ -47.331242209999971, -15.777814277999937 ], [ -47.33127624499997, -15.777902754999957 ], [ -47.331381766999982, -15.778122897999879 ], [ -47.331402183999955, -15.778201542999909 ], [ -47.331402168999887, -15.778283461999933 ], [ -47.331305388999965, -15.778460255999903 ], [ -47.330835332999982, -15.779407157999913 ], [ -47.330780825999966, -15.779565014999832 ], [ -47.330760367999972, -15.779725571999961 ], [ -47.330787582999903, -15.779876304999902 ], [ -47.330869278999955, -15.780023769999957 ], [ -47.330964607999931, -15.78009587299988 ], [ -47.331056542999875, -15.780108993999875 ], [ -47.331134860999953, -15.780095898999946 ], [ -47.331431123999948, -15.779961598999876 ], [ -47.331468589999986, -15.779902623999874 ], [ -47.331468606999977, -15.779801044999886 ], [ -47.331455045999974, -15.779453708999938 ], [ -47.331463921999955, -15.779365883999958 ], [ -47.331501381999942, -15.779336398999931 ], [ -47.331562672999951, -15.779339685999844 ], [ -47.331637578999903, -15.779365910999957 ], [ -47.33221978499995, -15.779726437999955 ], [ -47.332432966999932, -15.77991934899984 ], [ -47.332552116999977, -15.780079926999974 ], [ -47.332654238999908, -15.780266714999982 ], [ -47.332725712999888, -15.78046988199992 ], [ -47.332913935999898, -15.781425351999928 ], [ -47.332951377999905, -15.781513828999948 ], [ -47.333009254999979, -15.781572817999972 ], [ -47.33309778399996, -15.781592490999969 ], [ -47.333189723999908, -15.781576120999944 ], [ -47.333288480999897, -15.781510600999979 ], [ -47.333346380999899, -15.781425414999944 ], [ -47.333489441999916, -15.781117423999945 ], [ -47.333537120999949, -15.781061726999951 ], [ -47.333601818999966, -15.781051905999846 ], [ -47.333717585999977, -15.781084689999886 ], [ -47.334293012999979, -15.781268267999963 ], [ -47.334337274999825, -15.781294487999844 ], [ -47.334374721999893, -15.781356750999919 ], [ -47.334401946999947, -15.781458332999875 ], [ -47.33445296799988, -15.781818778999877 ], [ -47.33447061399994, -15.781900698999891 ], [ -47.334508059999905, -15.781966238999928 ], [ -47.334576153999933, -15.782018675999893 ], [ -47.334868980999943, -15.782084250999901 ], [ -47.335008588999926, -15.782080992999909 ], [ -47.335155013999895, -15.78204169299994 ], [ -47.335328682999943, -15.781966351999927 ], [ -47.336043828999891, -15.781419235999863 ], [ -47.336105123999971, -15.781393030999936 ], [ -47.336180035999973, -15.781393039999898 ], [ -47.336241322999967, -15.781422538999948 ], [ -47.336271962999945, -15.781465139999909 ], [ -47.336295785999937, -15.78155361499995 ], [ -47.33641744199997, -15.782061521999879 ], [ -47.33646169199983, -15.782179489999976 ], [ -47.336563824999928, -15.782317125999896 ], [ -47.336696602999893, -15.782458041999917 ], [ -47.336737453999888, -15.782526564999898 ], [ -47.336734042999979, -15.782575714999894 ], [ -47.336696580999899, -15.78261830799994 ], [ -47.336437786999966, -15.782667424999943 ], [ -47.336352652999949, -15.782719840999903 ], [ -47.33632199699997, -15.782788647999837 ], [ -47.336321986999906, -15.782860735999918 ], [ -47.336369641999852, -15.782972149999921 ], [ -47.336492205999946, -15.783113064999952 ], [ -47.336516030999974, -15.783185155999945 ], [ -47.336509212999943, -15.783244135999951 ], [ -47.336478558999886, -15.783299835999856 ], [ -47.336362771999973, -15.783391568999889 ], [ -47.336107376999905, -15.783483283999942 ], [ -47.335937115999855, -15.78351930499997 ], [ -47.335722591999968, -15.783532383999898 ], [ -47.335647746999882, -15.783536341999877 ], [ -47.33558280099993, -15.78355905799998 ], [ -47.335541465999881, -15.78361018399994 ], [ -47.335550312999828, -15.783666997999944 ], [ -47.335594579999849, -15.783755063999934 ], [ -47.335694931999967, -15.783854499999904 ], [ -47.335938489999876, -15.78400270599991 ], [ -47.335994568999979, -15.784059526999897 ], [ -47.33600931999996, -15.784116341999891 ], [ -47.335979790999943, -15.784184512999957 ], [ -47.335861699999896, -15.784278237999899 ], [ -47.33551037999996, -15.784528167999952 ], [ -47.335445424999932, -15.784607782999899 ], [ -47.335418839999875, -15.784727085999975 ], [ -47.33530954299988, -15.785235546999957 ], [ -47.335300669999867, -15.785352011999919 ], [ -47.335330177999822, -15.785434394999982 ], [ -47.33540396799998, -15.785499739999977 ], [ -47.335501379999926, -15.785516796999957 ], [ -47.335784772999943, -15.785491268999976 ], [ -47.335876287999952, -15.785462874999951 ], [ -47.335938287999966, -15.785408910999934 ], [ -47.336209938999957, -15.784911834999832 ], [ -47.336316226999941, -15.78479538199997 ], [ -47.336428408999893, -15.784741423999947 ], [ -47.336525826999889, -15.784721552999883 ], [ -47.336626191999926, -15.784730086999957 ], [ -47.336720649999847, -15.784769868999888 ], [ -47.33676492099994, -15.784826686999963 ], [ -47.336782620999827, -15.784909067999934 ], [ -47.336761940999963, -15.785028372999875 ], [ -47.33658474799995, -15.785559549999959 ], [ -47.336572927999953, -15.785647608999966 ], [ -47.336587673999929, -15.785747032999836 ], [ -47.336696853999911, -15.786059518999934 ], [ -47.336764731999949, -15.78618735799995 ], [ -47.336817862999965, -15.786227133999944 ], [ -47.336862141999916, -15.786229980999906 ], [ -47.336897571999941, -15.78618737599993 ], [ -47.336921199999836, -15.786099317999913 ], [ -47.337048252999864, -15.785241457999916 ], [ -47.337086648999843, -15.78509658999991 ], [ -47.337154558999941, -15.784994334999908 ], [ -47.337281505999954, -15.784909131999939 ], [ -47.33742320499988, -15.784886423999922 ], [ -47.337499954999942, -15.784897795999825 ], [ -47.337579653999967, -15.784937574999901 ], [ -47.337644587999932, -15.785014280999974 ], [ -47.337662288999866, -15.785093821999965 ], [ -47.337641611999913, -15.785184719999847 ], [ -47.337417109999933, -15.786306751999973 ], [ -47.337402458999861, -15.786537973999884 ], [ -47.337417195999933, -15.786705573999939 ], [ -47.337473261999946, -15.78686465699991 ], [ -47.337573611999971, -15.78699533899993 ], [ -47.337771372999896, -15.787161466999976 ], [ -47.337889437999934, -15.787275106999971 ], [ -47.33796027499983, -15.787354653999955 ], [ -47.338131460999875, -15.787581926999962 ], [ -47.338178685999935, -15.787633064999909 ], [ -47.338222964999886, -15.787644432999969 ], [ -47.338273149999964, -15.787633075999906 ], [ -47.338326293999899, -15.787570588999813 ], [ -47.338417826999944, -15.787414363999858 ], [ -47.338462113999981, -15.787363237999955 ], [ -47.338518202999978, -15.787357563999933 ], [ -47.338556575999974, -15.787380293999945 ], [ -47.338574280999921, -15.78743426799997 ], [ -47.338596887999927, -15.787848187999941 ], [ -47.338623440999982, -15.787967498999876 ], [ -47.338682468999878, -15.788061246999973 ], [ -47.338762164999935, -15.788123750999944 ], [ -47.338936326999942, -15.78817415199984 ], [ -47.338992411999982, -15.788194042999976 ], [ -47.339039638999964, -15.788239498999928 ], [ -47.339045535999901, -15.78829347199985 ], [ -47.338953948999972, -15.788867270999901 ], [ -47.338942127999985, -15.788969531999896 ], [ -47.338948014999914, -15.789099672999953 ], [ -47.339042389999918, -15.789801322999892 ], [ -47.339045326999894, -15.789919789999942 ], [ -47.339033505999964, -15.790013529999953 ], [ -47.33901283199998, -15.790093065999883 ], [ -47.33877070099993, -15.790581626999881 ], [ -47.338747073999912, -15.790664002999961 ], [ -47.338758874999826, -15.790720816999965 ], [ -47.33880019999998, -15.79075206899995 ], [ -47.338847431999966, -15.790754915999855 ], [ -47.338915331999885, -15.790735038999969 ], [ -47.339263714999959, -15.790408406999973 ], [ -47.339355822999835, -15.790364306999948 ], [ -47.33950933299991, -15.790335917999982 ], [ -47.339680549999969, -15.790344459999972 ], [ -47.339828147999924, -15.790381404999948 ], [ -47.339931460999935, -15.790446751999923 ], [ -47.339990487999955, -15.790563224999971 ], [ -47.340002284999855, -15.790651285999957 ], [ -47.34000227599995, -15.790727983999943 ], [ -47.339963886999954, -15.790821720999872 ], [ -47.339901882999982, -15.790909773999942 ], [ -47.339831026999889, -15.790963737999903 ], [ -47.339754269999958, -15.790994975999979 ], [ -47.339665705999892, -15.791014849999954 ], [ -47.339270127999953, -15.791034687999911 ], [ -47.339116617999935, -15.791065916999912 ], [ -47.339016241999957, -15.791111354999941 ], [ -47.338930624999932, -15.791168157999948 ], [ -47.338883381999892, -15.791244849999885 ], [ -47.338874513999883, -15.791343024999946 ], [ -47.338880404999941, -15.791442447999884 ], [ -47.338915816999929, -15.791536193999946 ], [ -47.339019124999936, -15.791649831999905 ], [ -47.339370388999953, -15.79189523499997 ], [ -47.339612432999843, -15.792094107999901 ], [ -47.339768868999897, -15.79228444999984 ], [ -47.339951862999953, -15.792562853999982 ], [ -47.339972516999978, -15.792650915999957 ], [ -47.339960700999882, -15.792710567999904 ], [ -47.339916414999948, -15.79275317299988 ], [ -47.339833754999859, -15.792761684999959 ], [ -47.339700911999955, -15.792755988999943 ], [ -47.339568068999881, -15.792755972999942 ], [ -47.33944112599994, -15.792781523999849 ], [ -47.339340748999916, -15.792835483999966 ], [ -47.339281696999933, -15.792917855999917 ], [ -47.33926102099997, -15.793003072999966 ], [ -47.339272814999958, -15.793116699999871 ], [ -47.339305273999912, -15.793229442999973 ], [ -47.339948689999972, -15.794345891999967 ], [ -47.340022473999909, -15.794496454999887 ], [ -47.3400372239999, -15.794584516999976 ], [ -47.340028358999973, -15.794655531999979 ], [ -47.339992927999958, -15.794700977999923 ], [ -47.339922073999958, -15.794732216999932 ], [ -47.339621705999889, -15.794792051999934 ], [ -47.339550851999888, -15.794817609999825 ], [ -47.339503612999977, -15.794860213999982 ], [ -47.33947998799988, -15.794919863999951 ], [ -47.339497692999942, -15.794982360999938 ], [ -47.339589192999938, -15.79510167799998 ], [ -47.339657085999875, -15.795147135999912 ], [ -47.339739742999882, -15.795169870999928 ], [ -47.34001724299992, -15.795150018999948 ], [ -47.340132378999954, -15.795124465999891 ], [ -47.340262279999877, -15.795056304999946 ], [ -47.340377422999893, -15.79496541799989 ], [ -47.340445332999934, -15.794874524999898 ], [ -47.340492581999911, -15.794749541999977 ], [ -47.340563477999922, -15.794377424999823 ], [ -47.340595956999948, -15.794331977999946 ], [ -47.34064024099996, -15.794317779999858 ], [ -47.340693375999933, -15.794337669999891 ], [ -47.340737649999937, -15.794397328999935 ], [ -47.340778967999881, -15.794493914999975 ], [ -47.341006172999982, -15.795402947999946 ], [ -47.341047491999916, -15.795496693999951 ], [ -47.341109481999979, -15.795536469999888 ], [ -47.341209854999931, -15.795539321999854 ], [ -47.341304326999932, -15.795505244999958 ], [ -47.341363379999962, -15.795425712999872 ], [ -47.341387007999856, -15.79532629199997 ], [ -47.341375210999956, -15.795226867999929 ], [ -47.341224710999938, -15.794724055999893 ], [ -47.341183402999945, -15.794542249999949 ], [ -47.341180470999973, -15.794374650999941 ], [ -47.341221815999972, -15.794255346999932 ], [ -47.341274962999819, -15.794181495999965 ], [ -47.341366482999945, -15.794150257999945 ], [ -47.341452093999976, -15.794161628999973 ], [ -47.341514084999972, -15.794198563999942 ], [ -47.341700594999963, -15.794414477999965 ], [ -47.341727155999934, -15.794485496999982 ], [ -47.341727146999915, -15.794556513999964 ], [ -47.341691711999943, -15.79464172899992 ], [ -47.341623789999971, -15.794851929999822 ], [ -47.341623780999896, -15.794928626999933 ], [ -47.341665103999958, -15.794985443999963 ], [ -47.341750710999918, -15.795022381999956 ], [ -47.341871745999981, -15.795030915999973 ], [ -47.341983927999934, -15.795016724999869 ], [ -47.342202393999969, -15.794923006999909 ], [ -47.342270295999924, -15.79489176699991 ], [ -47.34235295499991, -15.794897456999934 ], [ -47.342414944999973, -15.794931550999934 ], [ -47.342453316999979, -15.794988367999906 ], [ -47.342459210999948, -15.795076427999902 ], [ -47.342444442999863, -15.795141760999911 ], [ -47.342403106999882, -15.795201410999937 ], [ -47.342181668999956, -15.795457044999978 ], [ -47.342149690999975, -15.795518473999891 ], [ -47.342134922999833, -15.795580966999921 ], [ -47.342155581999918, -15.795640622999883 ], [ -47.342506843999956, -15.795998580999935 ], [ -47.342595394999933, -15.796112215999926 ], [ -47.3426426179999, -15.79620880199991 ], [ -47.342678030999934, -15.796322431999897 ], [ -47.342678020999983, -15.796413331999872 ], [ -47.342648492999956, -15.796478663999949 ], [ -47.34259239599993, -15.796529789999909 ], [ -47.342515637999952, -15.79655534799997 ], [ -47.342294224999932, -15.796583730999942 ], [ -47.342232227999887, -15.796603608999874 ], [ -47.342193844999883, -15.796651895999958 ], [ -47.341966461999903, -15.797250984999891 ], [ -47.341838417999895, -15.797645691999946 ], [ -47.341807252999899, -15.79779055399996 ], [ -47.341802048999909, -15.79789795399995 ], [ -47.341835781999862, -15.797992869999916 ], [ -47.341887689999965, -15.798055316999921 ], [ -47.341978533999963, -15.798107777999917 ], [ -47.342033043999947, -15.798110281999925 ], [ -47.342079769999884, -15.798087806999945 ], [ -47.342116116999875, -15.798032861999957 ], [ -47.342152465999959, -15.797952939999959 ], [ -47.3422926799999, -15.79755832099994 ], [ -47.342334220999874, -15.797470906999877 ], [ -47.342396526999892, -15.797388489999889 ], [ -47.34250815199988, -15.797313570999904 ], [ -47.342697649999934, -15.797216180999953 ], [ -47.343015194999907, -15.79712323699988 ], [ -47.343103451999923, -15.797100765999971 ], [ -47.34317094499994, -15.797063307999906 ], [ -47.343259207999949, -15.796980892999954 ], [ -47.343355260999886, -15.7968710049999 ], [ -47.343425357999934, -15.796751122999922 ], [ -47.34374988899998, -15.796139221999908 ], [ -47.343807003999984, -15.796054304999927 ], [ -47.343877095999915, -15.795986873999937 ], [ -47.34395496999997, -15.795964401999925 ], [ -47.344040628999949, -15.795969404999823 ], [ -47.344115901999942, -15.796001881999928 ], [ -47.344154831999958, -15.796051839999961 ], [ -47.344170399999939, -15.796119278999981 ], [ -47.344236511999895, -15.796613264999962 ], [ -47.344272832999877, -15.79679559899995 ], [ -47.344314351999856, -15.796917989999884 ], [ -47.344418157999939, -15.797137795999959 ], [ -47.344500964999952, -15.797247701999879 ], [ -47.344576232999941, -15.797322638999958 ], [ -47.344685245999983, -15.79739008699994 ], [ -47.344783879999966, -15.797420067999951 ], [ -47.344866942999943, -15.797420075999923 ], [ -47.344918858999961, -15.797405094999931 ], [ -47.344957797999882, -15.797375125999963 ], [ -47.344999338999969, -15.797280217999912 ], [ -47.345038282999894, -15.797200295999971 ], [ -47.345077220999826, -15.797177819999888 ], [ -47.345121345999928, -15.797195307999914 ], [ -47.345152488999929, -15.797250259999942 ], [ -47.345201786999894, -15.79747005999991 ], [ -47.34522512999996, -15.797652392999964 ], [ -47.345219931999907, -15.797724317999894 ], [ -47.345193964999964, -15.797824222999907 ], [ -47.344932619999952, -15.798418081999898 ], [ -47.344865114999948, -15.798577926999826 ], [ -47.344853841999907, -15.798654553999938 ], [ -47.344866814999932, -15.798709503999874 ], [ -47.344910938999931, -15.798739479999938 ], [ -47.344960256999912, -15.798749474999966 ], [ -47.345014769999977, -15.798729498999933 ], [ -47.345058901999892, -15.798684544999958 ], [ -47.345682837999846, -15.797891137999954 ], [ -47.345742543999961, -15.79784368799983 ], [ -47.345812630999944, -15.797823711999968 ], [ -47.345874928999933, -15.797826214999873 ], [ -47.345926840999937, -15.797853693999855 ], [ -47.345970963999946, -15.797903651999889 ], [ -47.346004700999913, -15.797986077999951 ], [ -47.34604100099989, -15.798408190999908 ], [ -47.346040990999882, -15.798520586999871 ], [ -47.346033197999873, -15.798575534999884 ], [ -47.346007235999934, -15.798622988999909 ], [ -47.345950124999945, -15.79867043999991 ], [ -47.345415374999902, -15.798950132999892 ], [ -47.345301153999969, -15.799029110999925 ], [ -47.345241445999932, -15.79909404599988 ], [ -47.345153175999883, -15.799246395999887 ], [ -47.344704030999935, -15.800049827999942 ], [ -47.344683040999882, -15.800115625999979 ], [ -47.344685629999844, -15.800185560999978 ], [ -47.344698602999927, -15.800245506999943 ], [ -47.344932174999883, -15.800707598999907 ], [ -47.344965909999928, -15.800812532999885 ], [ -47.344976281999891, -15.800922431999936 ], [ -47.345022940999968, -15.801574330999927 ], [ -47.345043695999891, -15.801694221999924 ], [ -47.345080028999973, -15.801771653999936 ], [ -47.345131938999828, -15.801824109999927 ], [ -47.345189044999927, -15.801834105999944 ], [ -47.345235770999977, -15.801816625999834 ], [ -47.345277307999936, -15.801771671999916 ], [ -47.345308465999949, -15.801679259999901 ], [ -47.345485062999899, -15.80080508799989 ], [ -47.345521411999982, -15.800722666999889 ], [ -47.345562947999952, -15.800690200999895 ], [ -47.345635629999947, -15.800680216999865 ], [ -47.345700520999969, -15.800710194999965 ], [ -47.345770600999913, -15.800775140999974 ], [ -47.345944495999902, -15.800992453999925 ], [ -47.345985142999893, -15.801069883999958 ], [ -47.346031855999854, -15.801192273999959 ], [ -47.346086340999932, -15.801464525999904 ], [ -47.346101898999962, -15.801644360999944 ], [ -47.34609667999996, -15.80194059299987 ], [ -47.346070711999971, -15.802045492999923 ], [ -47.346026575999929, -15.802127912999936 ], [ -47.34596946399995, -15.802172865999978 ], [ -47.345720257999915, -15.802287736999915 ], [ -47.345603439999934, -15.802369455999838 ], [ -47.345502191999969, -15.802499325999918 ], [ -47.345463243999973, -15.802616713999953 ], [ -47.345455444999857, -15.802734103999967 ], [ -47.345483986999909, -15.802856492999979 ], [ -47.345560043999967, -15.802988876999905 ], [ -47.34571318199994, -15.803131258999883 ], [ -47.345832580999968, -15.803216189999887 ], [ -47.346029853999937, -15.803291137999963 ], [ -47.346715124999889, -15.803515988999948 ], [ -47.346761845999936, -15.803546340999958 ], [ -47.346782608999888, -15.803581310999903 ], [ -47.346774817999972, -15.803626267999903 ], [ -47.346621644999971, -15.80384605099988 ], [ -47.346615522999912, -15.803891008999869 ], [ -47.346625902999961, -15.803925977999938 ], [ -47.346701174999964, -15.803995918999931 ], [ -47.346776449999822, -15.804038385999888 ], [ -47.346872492999864, -15.804055877999929 ], [ -47.346952963999968, -15.804048391999913 ], [ -47.347007478999842, -15.804013427999962 ], [ -47.347028250999983, -15.803948489999925 ], [ -47.347054238999874, -15.80362129599996 ], [ -47.347085413999878, -15.803334064999888 ], [ -47.347121770999877, -15.803149239999982 ], [ -47.347186676999911, -15.803021863999902 ], [ -47.347293112999921, -15.80292945799988 ], [ -47.347417715999939, -15.802877016999901 ], [ -47.347547506999945, -15.802854547999914 ], [ -47.347643550999976, -15.802864545999853 ], [ -47.347705846999986, -15.802902015999848 ], [ -47.347724011999958, -15.802959463999969 ], [ -47.347721411999942, -15.803009417999931 ], [ -47.347682452999891, -15.803261680999924 ], [ -47.347671319999961, -15.803361586999927 ], [ -47.347671308999963, -15.803488968999829 ], [ -47.347699849999913, -15.803638831999876 ], [ -47.347746560999951, -15.803796189999844 ], [ -47.347801062999963, -15.803906091999977 ], [ -47.347855569999922, -15.803968538999982 ], [ -47.347936035999908, -15.804008507999981 ], [ -47.348039867999887, -15.804016008999895 ], [ -47.348096976999841, -15.80399603199993 ], [ -47.348151493999978, -15.803943584999956 ], [ -47.348507152999957, -15.803521503999946 ], [ -47.348600607999856, -15.803449077999971 ], [ -47.34867848399989, -15.803424106999955 ], [ -47.348774528999854, -15.803424113999881 ], [ -47.348873166999908, -15.803456591999975 ], [ -47.349527286999944, -15.803791329999967 ], [ -47.34962042199993, -15.803862680999941 ], [ -47.349669736999942, -15.803930121999826 ], [ -47.349680115999888, -15.803990066999972 ], [ -47.349669717999916, -15.804172396999888 ], [ -47.349612557999933, -15.804859255999872 ], [ -47.349602157999925, -15.805079277999937 ], [ -47.349583976999952, -15.805206657999918 ], [ -47.349534646999928, -15.805336533999935 ], [ -47.349423012999864, -15.805503870999928 ], [ -47.349306193999951, -15.805598773999975 ], [ -47.349108901999898, -15.805711154999926 ], [ -47.348997278999889, -15.805746114999977 ], [ -47.348903827999891, -15.805756098999893 ], [ -47.348776633999933, -15.805741102999832 ], [ -47.348369094999953, -15.805658648999952 ], [ -47.348306794999985, -15.805656548999934 ], [ -47.348241896999923, -15.805679022999925 ], [ -47.348176996999882, -15.805733966999924 ], [ -47.348117285999933, -15.805811389999974 ], [ -47.348083530999986, -15.80592628099987 ], [ -47.34809130799988, -15.806051165999975 ], [ -47.348122452999974, -15.806111112999872 ], [ -47.348187344999928, -15.80616856499995 ], [ -47.348257429999876, -15.806196044999979 ], [ -47.348340496999981, -15.806201045999956 ], [ -47.349191935999841, -15.80611868699998 ], [ -47.349269810999886, -15.806123687999957 ], [ -47.349337300999878, -15.806143673999941 ], [ -47.349376235999898, -15.806183639999915 ], [ -47.349389210999902, -15.806226100999879 ], [ -47.349376227999983, -15.806283546999964 ], [ -47.349332094999966, -15.806335994999927 ], [ -47.34922306299984, -15.806413414999952 ], [ -47.348638975999904, -15.806713093999974 ], [ -47.348574075999977, -15.806757184999981 ], [ -47.348535132999928, -15.806814628999916 ], [ -47.3485143609999, -15.806887059999951 ], [ -47.348449396999968, -15.807721281999875 ], [ -47.34844213699995, -15.807842121999954 ], [ -47.34844991499989, -15.80796450899993 ], [ -47.348475862999919, -15.808099385999981 ], [ -47.348532960999933, -15.808236762999911 ], [ -47.348686100999885, -15.808441584999969 ], [ -47.348769163999918, -15.808501535999881 ], [ -47.348823675999938, -15.808519022999974 ], [ -47.348893765999946, -15.80851153499998 ], [ -47.348974240999951, -15.808466582999927 ], [ -47.3490339519999, -15.80839415399987 ], [ -47.349270213999944, -15.807914615999891 ], [ -47.349316943999952, -15.80785467499993 ], [ -47.349379246999888, -15.807819711999969 ], [ -47.34949865699997, -15.807809729999917 ], [ -47.350191752999876, -15.807774810999945 ], [ -47.350243668999894, -15.807787302999941 ], [ -47.35028000799997, -15.807827267999869 ], [ -47.35030076799984, -15.807917185999941 ], [ -47.35033708799989, -15.808216909999942 ], [ -47.350334486999941, -15.808299333999912 ], [ -47.350318902999902, -15.808424216999981 ], [ -47.350240979999967, -15.809067722999828 ], [ -47.350220204999914, -15.809167628999944 ], [ -47.350168274999874, -15.80933247299987 ], [ -47.350033265999912, -15.809649669999942 ], [ -47.349996916999942, -15.809747076999884 ], [ -47.349978739999926, -15.809822005999877 ], [ -47.349981328999945, -15.809909424999944 ], [ -47.350059181999939, -15.810226635999982 ], [ -47.350118919999886, -15.810342295999931 ], [ -47.350235724999948, -15.810479676999933 ], [ -47.350549810999837, -15.810719474999871 ], [ -47.35062768399996, -15.810759442999824 ], [ -47.350702964999982, -15.810766940999827 ], [ -47.350786034999942, -15.810741969999981 ], [ -47.350954773999945, -15.810654561999854 ], [ -47.351032651999901, -15.810629589999905 ], [ -47.351087165999957, -15.81063458899996 ], [ -47.35112610199991, -15.810669558999848 ], [ -47.351131290999888, -15.810712019999812 ], [ -47.351115708999941, -15.810801935999962 ], [ -47.350972897999952, -15.811334120999959 ], [ -47.350962507999952, -15.811424036999938 ], [ -47.350978078999901, -15.811481484999945 ], [ -47.351022206999914, -15.811523947999945 ], [ -47.351081911999984, -15.811536440999873 ], [ -47.351152001999935, -15.811518960999877 ], [ -47.351580344999945, -15.811254232999886 ], [ -47.351647839999828, -15.811234255999921 ], [ -47.351712737999947, -15.811239254999975 ], [ -47.351777633999973, -15.811266733999958 ], [ -47.351819164999881, -15.811319186999867 ], [ -47.35185290599992, -15.811406608999903 ], [ -47.351860687999931, -15.811501520999855 ], [ -47.351850296999885, -15.81160642299983 ], [ -47.351779051999927, -15.811821219999899 ], [ -47.351768664999952, -15.811871172999872 ], [ -47.351779044999944, -15.81193861099996 ], [ -47.351812787999961, -15.811993561999884 ], [ -47.3518465329999, -15.812011046999885 ], [ -47.351901046999899, -15.812016045999883 ], [ -47.3519763299999, -15.811998566999932 ], [ -47.352111320999882, -15.811936132999904 ], [ -47.35217102699994, -15.811933638999903 ], [ -47.352235922999967, -15.81195612199997 ], [ -47.352290433999883, -15.812003580999829 ], [ -47.352451365999968, -15.812240870999915 ], [ -47.352504714999952, -15.812356142999931 ], [ -47.352522880999913, -15.812438567999948 ], [ -47.352533251999887, -15.81264587599992 ], [ -47.352548820999857, -15.81273829099996 ], [ -47.352582563999874, -15.812815720999879 ], [ -47.352704562999975, -15.812954741999931 ], [ -47.352751283999908, -15.813049656999965 ], [ -47.352766853999867, -15.813144569999906 ], [ -47.352753869999958, -15.813217001999931 ], [ -47.352650014999881, -15.813506726999947 ], [ -47.352637030999972, -15.81358165599994 ], [ -47.352639622999902, -15.813641600999972 ], [ -47.352662982999959, -15.813701545999891 ], [ -47.352701919999902, -15.813724027999967 ], [ -47.352764222999895, -15.813719035999895 ], [ -47.352940746999934, -15.813706556999932 ], [ -47.352995433999865, -15.81371190699997 ], [ -47.353029178999975, -15.813744378999957 ], [ -47.353023984999936, -15.813786839999921 ], [ -47.35293829099993, -15.814263891999872 ], [ -47.352909730999954, -15.81434131799989 ], [ -47.352873382999974, -15.81441125099991 ], [ -47.352808479999851, -15.814483680999956 ], [ -47.352735790999873, -15.814528634999931 ], [ -47.35264752799992, -15.814548610999907 ], [ -47.352582629999972, -15.814546109999981 ], [ -47.352328230999888, -15.814478657999871 ], [ -47.352245160999871, -15.814473235999969 ], [ -47.352188048999949, -15.814485720999926 ], [ -47.35215689599994, -15.81451569099994 ], [ -47.35214910499991, -15.814570639999943 ], [ -47.352172463999977, -15.814630585999851 ], [ -47.352608558999918, -15.8150327379999 ], [ -47.352678645999958, -15.815090188999932 ], [ -47.352738351999903, -15.815105177999953 ], [ -47.352818826999908, -15.815105182999957 ], [ -47.352920070999915, -15.815062727999873 ], [ -47.354192140999942, -15.814111174999937 ], [ -47.354299017999892, -15.814061873999947 ], [ -47.354361319999896, -15.814064374999873 ], [ -47.354413236999847, -15.814094348999959 ], [ -47.354454768999972, -15.814156793999814 ], [ -47.35448331799995, -15.814276683999879 ], [ -47.354533375999836, -15.815374470999927 ], [ -47.35455290799996, -15.815557415999876 ], [ -47.354576267999903, -15.815629850999926 ], [ -47.354638566999938, -15.815714774999947 ], [ -47.354725420999898, -15.815770820999944 ], [ -47.355077545999904, -15.815932536999924 ], [ -47.355157573999975, -15.815978739999935 ], [ -47.355193584999938, -15.81603649199991 ], [ -47.355197582999892, -15.816109641999901 ], [ -47.355141557999957, -15.816178939999872 ], [ -47.354441273999953, -15.816563908999854 ], [ -47.354221185999961, -15.81665786699989 ], [ -47.354021107999984, -15.816719457999909 ], [ -47.353316834999873, -15.816858021999849 ], [ -47.353152770999827, -15.816900363999878 ], [ -47.353024718999961, -15.816965806999974 ], [ -47.352964690999897, -15.81704665399991 ], [ -47.352928668999937, -15.817185251999945 ], [ -47.352924624999957, -15.817909605999887 ], [ -47.352940621999949, -15.818063606999942 ], [ -47.352984633999938, -15.81815985999998 ], [ -47.353252720999933, -15.818425524999952 ], [ -47.353332750999982, -15.818444778999947 ], [ -47.353416783999819, -15.818440932999977 ], [ -47.35352482899998, -15.818390887999954 ], [ -47.354329161999885, -15.817932776999953 ], [ -47.354428911999889, -15.817852183999946 ], [ -47.354480609999825, -15.817772607999927 ], [ -47.35474600099991, -15.817195676999972 ], [ -47.354821823999885, -15.817102838999858 ], [ -47.354921767999883, -15.817049790999818 ], [ -47.355035495999971, -15.81703321699996 ], [ -47.355131989999961, -15.817056430999912 ], [ -47.355197466999982, -15.817106170999864 ], [ -47.355231925999817, -15.81718243499995 ], [ -47.355486920999965, -15.817842284999927 ], [ -47.355579964999833, -15.818001445999869 ], [ -47.355752271999961, -15.818216979999931 ], [ -47.356082950999962, -15.8186161779999 ], [ -47.356134640999983, -15.81871565199998 ], [ -47.356141528999956, -15.818811809999943 ], [ -47.356117401999882, -15.818894702999955 ], [ -47.355697371999952, -15.819575219999876 ], [ -47.355642227999908, -15.819664742999976 ], [ -47.355562959999929, -15.819734370999981 ], [ -47.355011538999975, -15.820016186999965 ], [ -47.354918485999974, -15.820079181999915 ], [ -47.354866787999981, -15.820145494999963 ], [ -47.354832319999957, -15.820238334999942 ], [ -47.35483576099989, -15.820347755999933 ], [ -47.354873666999936, -15.820420704999947 ], [ -47.354949483999974, -15.820453865999923 ], [ -47.355063211999891, -15.820460501999946 ], [ -47.356079878999878, -15.820308018999924 ], [ -47.356197054999825, -15.820271549999916 ], [ -47.356262536999907, -15.820218499999896 ], [ -47.35661752999988, -15.81964157099992 ], [ -47.356679565999968, -15.819578573999877 ], [ -47.356765723999956, -15.819581892999963 ], [ -47.356924250999953, -15.819654844999889 ], [ -47.356955265999943, -15.819701266999914 ], [ -47.356969048999929, -15.819784161999905 ], [ -47.356938026999956, -15.819900212999926 ], [ -47.356858756999941, -15.820029524999882 ], [ -47.356658860999914, -15.820271567999953 ], [ -47.356524449999824, -15.820387614999959 ], [ -47.356287871999939, -15.820575097999892 ], [ -47.356160355999975, -15.820651354999939 ], [ -47.356008715999963, -15.820717663999972 ], [ -47.354830049999975, -15.821198400999947 ], [ -47.354695637999953, -15.821288792999894 ], [ -47.354619814999978, -15.821365051999976 ], [ -47.354578452999931, -15.821464522999975 ], [ -47.354554320999966, -15.821606106999866 ], [ -47.354550866999944, -15.821758631999955 ], [ -47.354557753999984, -15.821878000999959 ], [ -47.354585319999956, -15.821987422999882 ], [ -47.355405481999981, -15.823449715999971 ], [ -47.355474797999932, -15.823516092999967 ], [ -47.355567847999964, -15.823559201999899 ], [ -47.355671238999946, -15.823582416999955 ], [ -47.355836664999913, -15.823582422999948 ], [ -47.355960735999986, -15.823545954999872 ], [ -47.356067576999919, -15.823459748999937 ], [ -47.357146333999935, -15.822226322999938 ], [ -47.357225601999914, -15.82217658899998 ], [ -47.357325545999913, -15.822160012999973 ], [ -47.357925215999899, -15.822070503999896 ], [ -47.358038945999965, -15.822080453999945 ], [ -47.358128548999957, -15.822130192999964 ], [ -47.358197472999962, -15.822216405999825 ], [ -47.358228485999859, -15.822335774999942 ], [ -47.358218141999885, -15.822468406999974 ], [ -47.358190564999916, -15.822620931999893 ], [ -47.358149204999961, -15.822740298999918 ], [ -47.358066486999974, -15.822876243999872 ], [ -47.357983771999955, -15.822932608999906 ], [ -47.357894164999891, -15.822955816999979 ], [ -47.357759756999883, -15.822965760999921 ], [ -47.357335854999974, -15.82294253699996 ], [ -47.357229017999941, -15.822952479999969 ], [ -47.357146304999958, -15.822979003999933 ], [ -47.357077375999893, -15.823035368999911 ], [ -47.357023729999923, -15.823114753999903 ], [ -47.356993763999924, -15.823206997999876 ], [ -47.357017197999824, -15.823532741999941 ], [ -47.357053146999931, -15.823685524999973 ], [ -47.357163994999894, -15.824002623999888 ], [ -47.357196950999935, -15.824077574999876 ], [ -47.357241891999934, -15.824123699999973 ], [ -47.357340766999926, -15.824152529999878 ], [ -47.357631400999935, -15.824146773999928 ], [ -47.358038889999875, -15.824092015999952 ], [ -47.358477309999842, -15.823967044999904 ], [ -47.358755524999935, -15.823860949999982 ], [ -47.359133998999823, -15.823682515999963 ], [ -47.359253216999889, -15.823612586999957 ], [ -47.359368513999925, -15.823492018999957 ], [ -47.359488825999961, -15.823296696999932 ], [ -47.359506372999874, -15.823236411999915 ], [ -47.359496348999869, -15.823185771999931 ], [ -47.359453740999982, -15.823152010999877 ], [ -47.359368523999933, -15.823127894999914 ], [ -47.358847196999875, -15.823060361999921 ], [ -47.358797070999913, -15.823024429999975 ], [ -47.358777020999923, -15.822961731999953 ], [ -47.358784542999956, -15.822882155999935 ], [ -47.358829659999969, -15.822797757999979 ], [ -47.359867333999944, -15.821633986999927 ], [ -47.36005432099995, -15.821520655999905 ], [ -47.360174627999925, -15.82147484099994 ], [ -47.360360100999912, -15.821421792999956 ], [ -47.360518002999925, -15.821395269999982 ], [ -47.360658359999888, -15.821407329999943 ], [ -47.360788690999925, -15.821460382999874 ], [ -47.360868892999918, -15.821527903999879 ], [ -47.360929043999931, -15.821631596999907 ], [ -47.360969143999966, -15.821756990999916 ], [ -47.360984178999956, -15.821920967999972 ], [ -47.360964122999974, -15.822157286999982 ], [ -47.360911486999896, -15.822314473999938 ], [ -47.360375099999942, -15.823218745999895 ], [ -47.36031243799988, -15.823346549999883 ], [ -47.360279992999949, -15.823433234999982 ], [ -47.360277483999937, -15.823527279999951 ], [ -47.360302545999957, -15.823626148999949 ], [ -47.360375228999942, -15.823746720999964 ], [ -47.360457937999854, -15.823831121999945 ], [ -47.361311946999876, -15.824320655999941 ], [ -47.361382459999959, -15.824348225999927 ], [ -47.361482515999967, -15.824380315999974 ], [ -47.361729320999984, -15.824448773999961 ], [ -47.362032550999913, -15.824514755999928 ], [ -47.362143723999964, -15.824544705999926 ], [ -47.362799653999957, -15.824692317999961 ], [ -47.36291990999996, -15.82473725199992 ], [ -47.362975496999979, -15.824773618999927 ], [ -47.363004401999945, -15.824822820999941 ], [ -47.363015517999884, -15.824901971999964 ], [ -47.363006622999876, -15.825023906999945 ], [ -47.362888772999895, -15.825607995999974 ], [ -47.362846524999952, -15.825740626999902 ], [ -47.362788712999986, -15.825886092999951 ], [ -47.362710889999903, -15.826016583999944 ], [ -47.362295090999964, -15.826503569999886 ], [ -47.362212819999911, -15.826614807999931 ], [ -47.362150560999908, -15.826738880999926 ], [ -47.362128323999968, -15.826847980999958 ], [ -47.362126098999852, -15.826957079999943 ], [ -47.362143885999899, -15.827085432999979 ], [ -47.362179459999936, -15.827207367999961 ], [ -47.362227978999954, -15.827305772999921 ], [ -47.362319141999933, -15.827406316999884 ], [ -47.362481456999944, -15.827504721999958 ], [ -47.362770377999936, -15.827643774999899 ], [ -47.363241762999962, -15.827791383999966 ], [ -47.363779971999918, -15.82790386399995 ], [ -47.364214879999906, -15.827925257999937 ], [ -47.364721843999973, -15.827884612999924 ], [ -47.364839690999929, -15.827852524999969 ], [ -47.365982572999883, -15.82734552799991 ], [ -47.366059872999983, -15.827328143999978 ], [ -47.366162153999937, -15.827332421999927 ], [ -47.366268881999986, -15.827360230999886 ], [ -47.366364493999981, -15.827398735999964 ], [ -47.366462328999887, -15.827456327999926 ], [ -47.366586845999961, -15.827565425999978 ], [ -47.367276147999974, -15.828301308999869 ], [ -47.367380582999942, -15.828462225999942 ], [ -47.367416160999937, -15.82857346499992 ], [ -47.36741838599994, -15.828669729999888 ], [ -47.367396151999969, -15.828748880999967 ], [ -47.367313882999838, -15.828870816999938 ], [ -47.367162683999936, -15.829030122999939 ], [ -47.367013708999934, -15.82915205899991 ], [ -47.366749110999933, -15.829353147999939 ], [ -47.366693522999924, -15.829413244999955 ], [ -47.366662393999945, -15.829477421999911 ], [ -47.366653500999973, -15.829554432999885 ], [ -47.3666601729999, -15.829644279999968 ], [ -47.366711316999897, -15.829939489999958 ], [ -47.366715764999981, -15.830014361999929 ], [ -47.3667135419999, -15.830063563999943 ], [ -47.366697976999944, -15.830108487999894 ], [ -47.366657953999834, -15.830142715999898 ], [ -47.366593470999931, -15.830153411999902 ], [ -47.366162104999944, -15.830106270999977 ], [ -47.366097621999984, -15.830101992999914 ], [ -47.366030915999886, -15.830129802999977 ], [ -47.365997563999883, -15.830176864999885 ], [ -47.365926410999975, -15.830362976999936 ], [ -47.365904176999891, -15.830454962999966 ], [ -47.365904176999891, -15.830521278999981 ], [ -47.365924188999941, -15.830621820999852 ], [ -47.366064274999985, -15.831011162999914 ], [ -47.366079840999873, -15.831096730999889 ], [ -47.366086511999981, -15.831216526999924 ], [ -47.366068724999934, -15.83144970099994 ], [ -47.366046489999974, -15.831520294999848 ], [ -47.366010913999958, -15.831567357999916 ], [ -47.365910853999935, -15.831672178999895 ], [ -47.365859712999963, -15.83175560899997 ], [ -47.365835253999876, -15.831832620999933 ], [ -47.365837477999889, -15.831892518999894 ], [ -47.365850818999945, -15.831954555999971 ], [ -47.365877501999933, -15.831988782999872 ], [ -47.365926420999983, -15.832008035999877 ], [ -47.365988679999873, -15.832001617999879 ], [ -47.36605538699996, -15.831969528999878 ], [ -47.366110975999959, -15.831916047999982 ], [ -47.366326658999867, -15.831635809999966 ], [ -47.366368905999877, -15.831601581999905 ], [ -47.366420046999963, -15.831580189999897 ], [ -47.366464518999976, -15.831590885999901 ], [ -47.366502318999835, -15.831620833999978 ], [ -47.366546790999962, -15.831682870999884 ], [ -47.366569026999912, -15.83176629999997 ], [ -47.366571251999915, -15.831866842999943 ], [ -47.366544569999974, -15.831954550999967 ], [ -47.36648231099997, -15.832033701999876 ], [ -47.365752986999894, -15.832778068999914 ], [ -47.365693713999974, -15.832854241999883 ], [ -47.365653689999874, -15.832944089999955 ], [ -47.365647018999937, -15.832995430999972 ], [ -47.365655913999944, -15.833033936999925 ], [ -47.365682596999932, -15.833070302999943 ], [ -47.365740410999933, -15.8331045299999 ], [ -47.366464042999951, -15.833267105999937 ], [ -47.366504067999983, -15.833282079999947 ], [ -47.366546315999983, -15.833318445999964 ], [ -47.366566328999966, -15.833374065999919 ], [ -47.366564105999885, -15.833442520999824 ], [ -47.366544094999824, -15.83351311499996 ], [ -47.366499623999971, -15.833577291999973 ], [ -47.366439587999878, -15.833624354999927 ], [ -47.366352867999979, -15.833647885999937 ], [ -47.36627504299986, -15.833654304999925 ], [ -47.366208334999953, -15.83365002599993 ], [ -47.365739159999919, -15.833553763999873 ], [ -47.365682012999969, -15.833549773999891 ], [ -47.365608634999944, -15.833564748999891 ], [ -47.365504126999951, -15.833609671999966 ], [ -47.364988257999983, -15.83383428999997 ], [ -47.364923773999976, -15.833868517999974 ], [ -47.364865960999964, -15.83392199799988 ], [ -47.364850395999952, -15.833973338999954 ], [ -47.364852619999851, -15.834033236999915 ], [ -47.36488152599992, -15.834086716999934 ], [ -47.364943786999845, -15.834129500999893 ], [ -47.36501494099997, -15.834153031999904 ], [ -47.366120064999905, -15.8344289879999 ], [ -47.366174485999977, -15.834465812999952 ], [ -47.366234522999946, -15.834532127999978 ], [ -47.366285665999953, -15.834641226999963 ], [ -47.366316796999911, -15.834741769999937 ], [ -47.366321245999927, -15.834867982999981 ], [ -47.36630123499998, -15.834994196999958 ], [ -47.366267880999885, -15.835069069999918 ], [ -47.366218962999938, -15.835126828999933 ], [ -47.366150031999894, -15.835171752999884 ], [ -47.36607887699995, -15.835193144999892 ], [ -47.366003274999912, -15.835197423999887 ], [ -47.36590321299991, -15.83518458899988 ], [ -47.365522977999888, -15.835088326999937 ], [ -47.365469611999913, -15.835081879999905 ], [ -47.365420692999976, -15.835092575999909 ], [ -47.365394009999875, -15.835120384999982 ], [ -47.365378444999919, -15.835165308999876 ], [ -47.365385115999857, -15.835240180999961 ], [ -47.365797584999939, -15.836575091999919 ], [ -47.365831443999923, -15.83671426799998 ], [ -47.36584375699988, -15.836862326999892 ], [ -47.365872392999847, -15.837155485999972 ], [ -47.365903173999982, -15.83731539099989 ], [ -47.365955501999963, -15.837445682999942 ], [ -47.366007828999955, -15.837525635999953 ], [ -47.366078623999954, -15.837555247999944 ], [ -47.366170964999924, -15.837555246999955 ], [ -47.366263305999951, -15.83752267299991 ], [ -47.366324866999889, -15.83746344799988 ], [ -47.366367958999888, -15.837383494999926 ], [ -47.366718841999898, -15.836101293999889 ], [ -47.366803127999958, -15.835898138999937 ], [ -47.366901622999933, -15.835720466999931 ], [ -47.367058598999961, -15.835539831999881 ], [ -47.367203263999897, -15.835456916999874 ], [ -47.367363319999924, -15.835418419999883 ], [ -47.367520298999864, -15.835421378999968 ], [ -47.367960456999867, -15.83551909199997 ], [ -47.368037407999907, -15.83556054699983 ], [ -47.368098969999949, -15.835643459999915 ], [ -47.368098970999938, -15.835726373999876 ], [ -47.368068191999896, -15.835806325999897 ], [ -47.367994320999912, -15.835886279999954 ], [ -47.367843498999946, -15.835989923999932 ], [ -47.36779878699997, -15.83603643899994 ], [ -47.367780319999952, -15.836104546999877 ], [ -47.367786477999857, -15.836217071999954 ], [ -47.367928076999931, -15.836862609999912 ], [ -47.367940390999877, -15.836978095999882 ], [ -47.367928080999945, -15.837135039999964 ], [ -47.367881912999849, -15.837291984999979 ], [ -47.367814198999952, -15.837425239999902 ], [ -47.367737248999958, -15.837511115999916 ], [ -47.367670001999898, -15.837539520999883 ], [ -47.367580738999891, -15.837536560999979 ], [ -47.36744222599998, -15.837480299999868 ], [ -47.367152887999907, -15.837299670999926 ], [ -47.367075936999868, -15.837278942999887 ], [ -47.366995908999968, -15.837275982999927 ], [ -47.366937425999936, -15.837305594999975 ], [ -47.36690049099991, -15.837379624999869 ], [ -47.36686971599994, -15.83793336899987 ], [ -47.366878951999979, -15.838128807999965 ], [ -47.366894344999935, -15.838332647999948 ], [ -47.366952831999981, -15.838720562999981 ], [ -47.366989769999918, -15.838797553999939 ], [ -47.367032862999963, -15.838839009999845 ], [ -47.367362216999936, -15.83901667799995 ], [ -47.367420699999968, -15.839013715999897 ], [ -47.367466870999976, -15.838975219999895 ], [ -47.367513039999949, -15.83887749999991 ], [ -47.367574595999827, -15.83846293199997 ], [ -47.367617685999903, -15.838320793999969 ], [ -47.367676167999946, -15.83820826799996 ], [ -47.367793131999974, -15.838083895999887 ], [ -47.36787316099992, -15.838021709999964 ], [ -47.367934721999973, -15.837998018999883 ], [ -47.367977814999961, -15.838012823999975 ], [ -47.368014751999908, -15.838054280999927 ], [ -47.368147114999942, -15.838394815999948 ], [ -47.368174818999933, -15.83849549699994 ], [ -47.368184054999972, -15.838590254999929 ], [ -47.36816866599986, -15.838670207999883 ], [ -47.368110183999818, -15.838779772999828 ], [ -47.367854708999971, -15.839084779999837 ], [ -47.367811736999897, -15.839158443999963 ], [ -47.367780957999912, -15.839235435999967 ], [ -47.367774802999975, -15.839339077999909 ], [ -47.367796351999971, -15.839498981999895 ], [ -47.367937951999977, -15.840031993999958 ], [ -47.367991890999974, -15.840138285999956 ], [ -47.368047296999919, -15.840200470999946 ], [ -47.369275467999955, -15.840928903999895 ], [ -47.369417061999968, -15.840994046999981 ], [ -47.370201986999973, -15.841248691999908 ], [ -47.37027894299996, -15.841293646999816 ], [ -47.37033127299992, -15.841364714999941 ], [ -47.370328196999935, -15.841432822999934 ], [ -47.3702881829999, -15.841530543999966 ], [ -47.370208153999954, -15.841628265999873 ], [ -47.370131201999982, -15.841678607999938 ], [ -47.370008076999909, -15.841717106999965 ], [ -47.369894186999886, -15.841743760999918 ], [ -47.369737202999943, -15.841740803999926 ], [ -47.369561749999946, -15.841717117999963 ], [ -47.369100029999913, -15.841545378999967 ], [ -47.368989217999967, -15.841530574999979 ], [ -47.36885686099987, -15.841548344999921 ], [ -47.368672176999951, -15.841640145999975 ], [ -47.368530585999963, -15.841752672999974 ], [ -47.368416698999965, -15.841909618999978 ], [ -47.368324359999974, -15.842109334999975 ], [ -47.368284346999928, -15.842245549999973 ], [ -47.368272036999883, -15.842408415999955 ], [ -47.36832510499994, -15.842857719999927 ], [ -47.368368201999942, -15.843038351999951 ], [ -47.368414375999919, -15.843136070999947 ], [ -47.368522112999983, -15.84328116699993 ], [ -47.368706805999977, -15.843540248999886 ], [ -47.3687929969999, -15.843709034999904 ], [ -47.369085431999963, -15.844289422999964 ], [ -47.369236207999904, -15.844505267999978 ], [ -47.369457841999861, -15.844816188999857 ], [ -47.369559424999977, -15.844979051999928 ], [ -47.36964869399992, -15.845091574999969 ], [ -47.369756431999974, -15.845204097999954 ], [ -47.370122738999896, -15.84546467499996 ], [ -47.37022739799994, -15.845515012999954 ], [ -47.370310508999978, -15.845538699999963 ], [ -47.37050443399994, -15.845550539999977 ], [ -47.370646028999943, -15.845538691999934 ], [ -47.37071990599992, -15.845553495999923 ], [ -47.370775313999957, -15.845594951999885 ], [ -47.370803019999869, -15.845657135999886 ], [ -47.370815335999907, -15.845763739999938 ], [ -47.370792798999901, -15.845835320999981 ], [ -47.370746627999893, -15.845906390999914 ], [ -47.370392645999914, -15.846155140999883 ], [ -47.370297223999955, -15.846190677999971 ], [ -47.370243355999946, -15.846195120999823 ], [ -47.370189487999824, -15.846199563999903 ], [ -47.370060203999969, -15.846175877999826 ], [ -47.369946309999932, -15.846104811999965 ], [ -47.369767770999943, -15.845897531999981 ], [ -47.369711614999972, -15.845851920999849 ], [ -47.369656206999935, -15.845837115999927 ], [ -47.36959464399996, -15.845840078999913 ], [ -47.369526924999889, -15.84586673099983 ], [ -47.369034425999985, -15.846213200999898 ], [ -47.368895911999971, -15.846361262999892 ], [ -47.368791256999941, -15.846544859999881 ], [ -47.368768856999964, -15.846691875999966 ], [ -47.368778093999936, -15.846842896999931 ], [ -47.368858135999972, -15.847331494999878 ], [ -47.368912771999874, -15.847515789999932 ], [ -47.368971260999899, -15.847631274999969 ], [ -47.369035904999919, -15.84770234299998 ], [ -47.369106703999933, -15.847749720999843 ], [ -47.369205206999936, -15.847740834999968 ], [ -47.3700455419999, -15.847287752999875 ], [ -47.370199449999916, -15.847219641999857 ], [ -47.370313341999918, -15.847195949999957 ], [ -47.370464172999903, -15.847204828999963 ], [ -47.370621162999896, -15.847272931999896 ], [ -47.370978239999886, -15.847492050999904 ], [ -47.371100915999932, -15.847618906999855 ], [ -47.371193265999921, -15.847758079999892 ], [ -47.371239442999922, -15.847870603999979 ], [ -47.37127022999988, -15.848027546999901 ], [ -47.371267154999884, -15.848134149999851 ], [ -47.371233309999923, -15.848593136999966 ], [ -47.371217921999914, -15.848670127999981 ], [ -47.37117790699989, -15.848735275999957 ], [ -47.371088640999972, -15.848791540999969 ], [ -47.370571505999976, -15.848978110999951 ], [ -47.370454534999965, -15.848995880999894 ], [ -47.370325248999961, -15.848989961999962 ], [ -47.369121658999916, -15.84877974699998 ], [ -47.368975389999889, -15.848769713999957 ], [ -47.368858417999888, -15.848781560999953 ], [ -47.368766070999982, -15.848814135999874 ], [ -47.368713741999841, -15.848864477999882 ], [ -47.36869527399989, -15.848920740999915 ], [ -47.368692196999916, -15.84900957699989 ], [ -47.368719902999885, -15.849092489999919 ], [ -47.368769156999974, -15.849178363999897 ], [ -47.369288896999933, -15.849621120999871 ], [ -47.369338150999965, -15.84971291699992 ], [ -47.369356620999895, -15.849822721999942 ], [ -47.369347387999937, -15.849926363999884 ], [ -47.369307372999913, -15.850015200999962 ], [ -47.369215027999928, -15.850127727999961 ], [ -47.368793319999952, -15.850672357999883 ], [ -47.368648646999873, -15.850882604999981 ], [ -47.368500895999887, -15.851116541999943 ], [ -47.367965294999976, -15.85191608599996 ], [ -47.367909887999929, -15.852043418999926 ], [ -47.367888341999958, -15.852158905999886 ], [ -47.367897577999884, -15.852265508999892 ], [ -47.368076133999921, -15.853248101999952 ], [ -47.368109947999983, -15.85341135699997 ], [ -47.368171515999904, -15.853547570999922 ], [ -47.368322355999965, -15.853734123999914 ], [ -47.368578776999868, -15.853937140999847 ], [ -47.36953306199996, -15.854431641999895 ], [ -47.369705447999934, -15.854496783999878 ], [ -47.370625864999965, -15.854698122999935 ], [ -47.370721293999964, -15.854736615999911 ], [ -47.370798252999919, -15.854781031999948 ], [ -47.370825959999877, -15.854825449999964 ], [ -47.370829039999876, -15.854878750999944 ], [ -47.370801336999818, -15.854946859999814 ], [ -47.370736693999959, -15.855009046999896 ], [ -47.370093272999952, -15.855353918999981 ], [ -47.370025550999912, -15.855374648999941 ], [ -47.369948592999947, -15.855383533999884 ], [ -47.369854138999983, -15.855362896999964 ], [ -47.369749648999914, -15.855330173999903 ], [ -47.369708339999875, -15.855332511999904 ], [ -47.369671890999882, -15.855353550999951 ], [ -47.369645162999973, -15.855411988999947 ], [ -47.369640304999962, -15.855486789999873 ], [ -47.36975578199997, -15.856173712999976 ], [ -47.369763403999912, -15.856331029999922 ], [ -47.369741536999982, -15.856457256999818 ], [ -47.369685650999941, -15.856609196999955 ], [ -47.369408648999979, -15.857305783999948 ], [ -47.36938712999995, -15.857385355999952 ], [ -47.369382270999893, -15.857450805999974 ], [ -47.36939442299996, -15.857537293999826 ], [ -47.369802680999953, -15.858282952999957 ], [ -47.369841562999966, -15.858377570999892 ], [ -47.369878016999962, -15.858538858999907 ], [ -47.370140485999855, -15.859597619999931 ], [ -47.370193950999919, -15.859779944999843 ], [ -47.370232832999932, -15.859838381999964 ], [ -47.370295239999962, -15.859875780999971 ], [ -47.370596565999904, -15.859969274999969 ], [ -47.370657316999882, -15.860003356999925 ], [ -47.370688908999909, -15.860045430999946 ], [ -47.370701059999874, -15.860096855999927 ], [ -47.370696201999976, -15.860145943999839 ], [ -47.370652462999942, -15.86021840899997 ], [ -47.370008522999967, -15.860856566999928 ], [ -47.369894313999907, -15.86095600799996 ], [ -47.36982627499998, -15.86103782299989 ], [ -47.369792256999972, -15.861154699999815 ], [ -47.369794689999935, -15.861271574999876 ], [ -47.369821422999905, -15.861383775999855 ], [ -47.369877316999919, -15.86147727499997 ], [ -47.369996390999916, -15.861594147999938 ], [ -47.370126229999983, -15.861666944999911 ], [ -47.371394733999978, -15.862262977999933 ], [ -47.37144819699995, -15.862314925999954 ], [ -47.371467638999945, -15.862364012999933 ], [ -47.371467640999981, -15.862431800999957 ], [ -47.371438482999963, -15.862518290999844 ], [ -47.371354227999916, -15.862673492999875 ], [ -47.371327498999904, -15.862720244999934 ], [ -47.371320209999851, -15.862776344999872 ], [ -47.371342082999888, -15.862837119999938 ], [ -47.371487889999969, -15.862961003999942 ], [ -47.371604534999904, -15.863019437999981 ], [ -47.371675006999965, -15.86302644899996 ], [ -47.371762488999934, -15.863007745999937 ], [ -47.371842679999986, -15.862977354999884 ], [ -47.371930158999874, -15.862902551999923 ], [ -47.372003057999962, -15.862795022999933 ], [ -47.372061374999873, -15.862666456999932 ], [ -47.372131839999952, -15.862453738999932 ], [ -47.372148848999927, -15.862406987999975 ], [ -47.372178008999924, -15.862383611999974 ], [ -47.372236329999964, -15.862369583999964 ], [ -47.372297082999921, -15.862390619999928 ], [ -47.372493924999958, -15.86255190199995 ], [ -47.372527946999924, -15.86260098899993 ], [ -47.372552249999899, -15.86265942599988 ], [ -47.372578985999894, -15.86279733899994 ], [ -47.372608380999964, -15.86285811599987 ], [ -47.372664273999931, -15.862907201999974 ], [ -47.372710445999928, -15.862923562999981 ], [ -47.372768766999968, -15.862918884999942 ], [ -47.372904847999962, -15.862874467999916 ], [ -47.37294615899998, -15.862872128999982 ], [ -47.372989900999983, -15.862893164999946 ], [ -47.373045794999882, -15.862956274999931 ], [ -47.373291245999951, -15.863309230999903 ], [ -47.373380689999976, -15.863388147999956 ], [ -47.373456023999893, -15.863425544999927 ], [ -47.373616410999944, -15.863486314999932 ], [ -47.373677163999901, -15.863512024999977 ], [ -47.373723336999888, -15.863544747999924 ], [ -47.373813254999959, -15.863666295999963 ], [ -47.373934763999898, -15.863799528999891 ], [ -47.374335739999935, -15.864101051999967 ], [ -47.374391632999959, -15.864136111999926 ], [ -47.374423225999976, -15.864180522999959 ], [ -47.374435379999852, -15.864255322999952 ], [ -47.374435384999856, -15.86435349899989 ], [ -47.374364926999874, -15.864657126999873 ], [ -47.374311471999818, -15.864788030999875 ], [ -47.374241003999941, -15.864897896999821 ], [ -47.374119506999932, -15.865045165999902 ], [ -47.373813327999983, -15.865288280999948 ], [ -47.373650514999838, -15.865358079999965 ], [ -47.373514431999922, -15.865400160999968 ], [ -47.373341896999875, -15.865425880999965 ], [ -47.373134001999915, -15.865439913999978 ], [ -47.371926245999816, -15.86542125699998 ], [ -47.371822469999927, -15.865410080999936 ], [ -47.371722834999957, -15.865372683999851 ], [ -47.371581885999831, -15.86527217399987 ], [ -47.371168759999932, -15.864907533999883 ], [ -47.371081274999881, -15.864860785999952 ], [ -47.370991361999984, -15.864842088999978 ], [ -47.370928179999908, -15.864860790999955 ], [ -47.370869859999971, -15.864914554999871 ], [ -47.370835840999916, -15.864980006999929 ], [ -47.370828552999853, -15.865068832999953 ], [ -47.370833414999879, -15.865141295999877 ], [ -47.371005965999984, -15.865628160999847 ], [ -47.371105607999937, -15.865887621999889 ], [ -47.371586493999928, -15.86699591699994 ], [ -47.371608366999965, -15.867075390999958 ], [ -47.371618091999892, -15.867213304999893 ], [ -47.371618094999974, -15.867302129999871 ], [ -47.371596228999863, -15.86743069399995 ], [ -47.37149417299986, -15.867711199999974 ], [ -47.371431565999899, -15.867814660999841 ], [ -47.371300345999884, -15.868013354999846 ], [ -47.371273616999986, -15.868102181999916 ], [ -47.371273619999897, -15.868200357999967 ], [ -47.37131493499993, -15.868310219999898 ], [ -47.371529800999951, -15.868557743999929 ], [ -47.371607567999888, -15.868613841999945 ], [ -47.371733935999885, -15.86866760099997 ], [ -47.373080246999905, -15.869097659999966 ], [ -47.373223284999938, -15.869159009999976 ], [ -47.373286470999915, -15.86921277099998 ], [ -47.373315634999926, -15.869268869999814 ], [ -47.373315636999905, -15.869327307999924 ], [ -47.37329133999998, -15.869416134999938 ], [ -47.37283208599996, -15.870491299999969 ], [ -47.372764046999919, -15.870603502999927 ], [ -47.372674134999954, -15.870699344999935 ], [ -47.372557490999895, -15.870795186999885 ], [ -47.372438414999976, -15.870837266999899 ], [ -47.372353359999977, -15.870846619999952 ], [ -47.372268303999874, -15.870830260999924 ], [ -47.371915924999939, -15.870640933999937 ], [ -47.371859756999982, -15.870618351999894 ], [ -47.371803862999968, -15.87061835399993 ], [ -47.371631325999942, -15.870728221999855 ], [ -47.371585154999934, -15.87078198699993 ], [ -47.371553564999886, -15.870840425999972 ], [ -47.371543847999874, -15.870933926999896 ], [ -47.371558432999848, -15.87107651499997 ], [ -47.371623644999886, -15.871322954999926 ], [ -47.37182050499996, -15.871802139999886 ], [ -47.371839724999916, -15.871871241999941 ], [ -47.371849448999853, -15.871960067999908 ], [ -47.371871332999888, -15.872334069999852 ], [ -47.371881686999927, -15.872444702999928 ], [ -47.371910852999974, -15.872538202999976 ], [ -47.371974039999941, -15.872608325999977 ], [ -47.372044516999892, -15.872645723999881 ], [ -47.372161165999955, -15.87267143299988 ], [ -47.373237737999943, -15.87276255699993 ], [ -47.373505059999957, -15.872795271999905 ], [ -47.373818558999972, -15.872860710999817 ], [ -47.373925522999855, -15.872892000999911 ], [ -47.373974128999976, -15.872931736999931 ], [ -47.374005723999915, -15.87299251099995 ], [ -47.37400086599996, -15.87303926199985 ], [ -47.373952264999957, -15.873104714999954 ], [ -47.373898801999928, -15.87313510499996 ], [ -47.373816175999934, -15.873151470999971 ], [ -47.373689805999959, -15.873151475999975 ], [ -47.373266953999973, -15.873151492999966 ], [ -47.373157595999885, -15.87315850899995 ], [ -47.373072540999885, -15.873177212999963 ], [ -47.372183105999909, -15.873553585999957 ], [ -47.372088330999986, -15.87361202999989 ], [ -47.372020288999977, -15.873696182999936 ], [ -47.371983840999974, -15.87382474799989 ], [ -47.371974122999973, -15.87392058599994 ], [ -47.371988709999982, -15.874079536999943 ], [ -47.372049471999958, -15.874261861999912 ], [ -47.372146685999951, -15.874423147999948 ], [ -47.372236606999934, -15.874515244999941 ], [ -47.372977841999955, -15.875097353999934 ], [ -47.373213579999913, -15.875303046999932 ], [ -47.373476051999944, -15.875522762999879 ], [ -47.373624301999882, -15.875670020999905 ], [ -47.373728806999907, -15.875803254999937 ], [ -47.373833314999956, -15.8759897569999 ], [ -47.373884355999905, -15.876127667999924 ], [ -47.373903801999916, -15.876228180999931 ], [ -47.373901375999878, -15.876314668999953 ], [ -47.373877076999918, -15.876394145999939 ], [ -47.373816325999883, -15.876492323999912 ], [ -47.373560955999892, -15.876916173999973 ], [ -47.373523329999955, -15.877070096999944 ], [ -47.373526646999892, -15.877182983999944 ], [ -47.37358828899994, -15.877254759999914 ], [ -47.373734987999967, -15.877300157999969 ], [ -47.374483510999937, -15.877503491999903 ], [ -47.374675503999981, -15.877575548999914 ], [ -47.374831043999905, -15.877655016999938 ], [ -47.374959853999883, -15.877769549999982 ], [ -47.374991449999925, -15.877834998999901 ], [ -47.374998743999924, -15.877893436999955 ], [ -47.374976873999969, -15.877942525999913 ], [ -47.374928271999977, -15.878010316999905 ], [ -47.374563749999879, -15.878349273999902 ], [ -47.374518932999933, -15.878409258999966 ], [ -47.374509213999943, -15.878456009999923 ], [ -47.374518937999937, -15.878519122999933 ], [ -47.374613724999961, -15.878661706999821 ], [ -47.374706577999973, -15.878710790999889 ], [ -47.374796497999967, -15.878734161999944 ], [ -47.375479399999904, -15.878769191999936 ], [ -47.375541498999894, -15.878799576999938 ], [ -47.375575525999864, -15.878858013999888 ], [ -47.375590111999827, -15.878939826999897 ], [ -47.375582825999913, -15.879021639999849 ], [ -47.375543945999937, -15.879091767999967 ], [ -47.375497772999893, -15.879131507999944 ], [ -47.37541028399994, -15.879161899999929 ], [ -47.37532036499988, -15.879168916999959 ], [ -47.375067616999956, -15.879161914999884 ], [ -47.375004008999895, -15.879166519999956 ], [ -47.374943252999969, -15.879189897999936 ], [ -47.374911661999931, -15.879236648999949 ], [ -47.374914095999941, -15.879297424999947 ], [ -47.374940832999926, -15.879386810999961 ], [ -47.37498214999988, -15.879440571999965 ], [ -47.375808475999975, -15.880144124999902 ], [ -47.37588137399996, -15.880225488999884 ], [ -47.375934843999914, -15.880311974999927 ], [ -47.376173034999908, -15.880749077999951 ], [ -47.376373434999891, -15.881024894999939 ], [ -47.376606757999923, -15.881307721999974 ], [ -47.376832786999955, -15.881518086999904 ], [ -47.376973747999898, -15.881592879999971 ], [ -47.377075821999938, -15.881630274999964 ], [ -47.377129288999981, -15.881630271999938 ], [ -47.377192474999958, -15.881611567999983 ], [ -47.377255659999946, -15.881576501999916 ], [ -47.377316788999963, -15.881497021999849 ], [ -47.377607997999974, -15.880725623999979 ], [ -47.377652114999819, -15.880664845999831 ], [ -47.377698288999909, -15.880650817999822 ], [ -47.377785778999964, -15.880655487999945 ], [ -47.378006935999963, -15.880690536999907 ], [ -47.378089565999971, -15.880690531999903 ], [ -47.378342311999972, -15.880653115999905 ], [ -47.378395778999959, -15.880664800999909 ], [ -47.378427374999944, -15.880704536999929 ], [ -47.378429808999954, -15.88075596199991 ], [ -47.378388511999901, -15.881027116999974 ], [ -47.378393071999938, -15.881090228999938 ], [ -47.378424668999969, -15.881143989999941 ], [ -47.37850244099991, -15.881174372999965 ], [ -47.378563196999949, -15.881162681999967 ], [ -47.378623950999952, -15.88112527699991 ], [ -47.379457492999961, -15.88052214399994 ], [ -47.37956928299991, -15.880482397999913 ], [ -47.379727249999917, -15.880470699999933 ], [ -47.37989737099997, -15.880489387999944 ], [ -47.380028608999964, -15.88052444099992 ], [ -47.380118532999973, -15.880578197999853 ], [ -47.380644689999883, -15.881108777999941 ], [ -47.380688441999951, -15.88118824999998 ], [ -47.380700597999976, -15.88124668699993 ], [ -47.380688450999969, -15.881307463999974 ], [ -47.380639851999945, -15.881393955999954 ], [ -47.380330950999962, -15.88184564799991 ], [ -47.380265336999855, -15.881892402999881 ], [ -47.380182709999929, -15.881934483999885 ], [ -47.38007577999997, -15.88195786599988 ], [ -47.379946974999882, -15.881971900999872 ], [ -47.378459083999985, -15.881950960999916 ], [ -47.378220915999975, -15.881972013999871 ], [ -47.377999762999877, -15.882042152999929 ], [ -47.377807772999972, -15.882130990999883 ], [ -47.377619142999947, -15.882264380999914 ], [ -47.377021327999955, -15.882869831999926 ], [ -47.376953286999822, -15.882996758999923 ], [ -47.376941140999975, -15.883092597999962 ], [ -47.376958158999969, -15.88318142299994 ], [ -47.377035936999903, -15.883314656999971 ], [ -47.377142875999937, -15.883410488999971 ], [ -47.377334877999942, -15.883543716999895 ], [ -47.377552722999951, -15.883681617999969 ], [ -47.378740067999956, -15.884162184999923 ], [ -47.378832423999938, -15.884224257999904 ], [ -47.378866452999944, -15.884285030999933 ], [ -47.378868886999953, -15.884341131999975 ], [ -47.378839727999946, -15.884411258999933 ], [ -47.378776543999948, -15.884467362999942 ], [ -47.378156848999936, -15.885030744999938 ], [ -47.378113106999933, -15.885090932999958 ], [ -47.378086378999967, -15.885170409999944 ], [ -47.378037806999941, -15.885694016999935 ], [ -47.378045103999909, -15.885785179999914 ], [ -47.378071843999976, -15.885869328999945 ], [ -47.378118023999889, -15.885934776999932 ], [ -47.378200659999891, -15.885997884999938 ], [ -47.378876318999858, -15.886364832999902 ], [ -47.378949233999947, -15.886438988999942 ], [ -47.378992986999833, -15.88653248699984 ], [ -47.378995423999925, -15.886628324999947 ], [ -47.378905539999948, -15.887182321999944 ], [ -47.378864235999913, -15.887348288999931 ], [ -47.378771898999901, -15.887585051999963 ], [ -47.378706287999933, -15.887713618999953 ], [ -47.378424393999921, -15.888122702999965 ], [ -47.378329614999984, -15.888206859999912 ], [ -47.378203239999948, -15.888265305999937 ], [ -47.378093875999866, -15.888300375999904 ], [ -47.377996660999884, -15.888295706999884 ], [ -47.377933468999913, -15.888260647999914 ], [ -47.377894577999882, -15.888185848999967 ], [ -47.377882420999867, -15.88810169899989 ], [ -47.37788484299989, -15.887977809999882 ], [ -47.377904256999898, -15.887521992999893 ], [ -47.377887238999904, -15.887435504999928 ], [ -47.377836196999965, -15.887367719999929 ], [ -47.377743839999937, -15.887316299999952 ], [ -47.377634471999954, -15.887304618999963 ], [ -47.377525106999883, -15.887323324999898 ], [ -47.377423033999946, -15.88737709399993 ], [ -47.377323394999962, -15.887482288999934 ], [ -47.377077951999922, -15.887928770999906 ], [ -47.37703696799997, -15.888009719999957 ], [ -47.37701266799985, -15.88807750999996 ], [ -47.37701510099987, -15.88811958499997 ], [ -47.377039407999916, -15.888168671999949 ], [ -47.377316496999924, -15.888575385999957 ], [ -47.377391848999935, -15.888741344999971 ], [ -47.377425882999944, -15.888883931999885 ], [ -47.377433180999901, -15.888991457999907 ], [ -47.377421034999884, -15.889087296999946 ], [ -47.377382157999932, -15.889223118999951 ], [ -47.377311686999974, -15.889386749999915 ], [ -47.377267944999915, -15.889475577999974 ], [ -47.377233924999928, -15.889562067999975 ], [ -47.37721934699988, -15.889639206999959 ], [ -47.377226642999972, -15.889711669999883 ], [ -47.377260672999853, -15.889786468999944 ], [ -47.377462414999911, -15.890095372999951 ], [ -47.377515890999916, -15.890202895999948 ], [ -47.378036067999972, -15.891331339999965 ], [ -47.378062807999981, -15.891424838999967 ], [ -47.378062812999872, -15.89149963999995 ], [ -47.378040941999927, -15.891546390999906 ], [ -47.377992336999966, -15.891586131999929 ], [ -47.377912134999917, -15.891600161999918 ], [ -47.377814917999956, -15.891593155999942 ], [ -47.377695824999876, -15.891551086999925 ], [ -47.37729722399996, -15.891326708999941 ], [ -47.377156255999978, -15.891265940999972 ], [ -47.377015289999974, -15.891230885999903 ], [ -47.376852450999934, -15.891233232999923 ], [ -47.37669520299994, -15.891279681999947 ], [ -47.376495916999886, -15.891389555999979 ], [ -47.376342808999937, -15.891527476999954 ], [ -47.376262611999948, -15.891642019999836 ], [ -47.376216439999951, -15.891761235999923 ], [ -47.376194572999907, -15.891882787999862 ], [ -47.376204299999927, -15.891962262999925 ], [ -47.376243189999968, -15.892027711999958 ], [ -47.376323396999908, -15.892093157999966 ], [ -47.3764424929999, -15.89218197799994 ], [ -47.37647866899988, -15.892238075999956 ], [ -47.376500545999932, -15.892296512999962 ], [ -47.376490826999941, -15.892350275999888 ], [ -47.376439790999939, -15.892397029999927 ], [ -47.376354728999956, -15.892434433999938 ], [ -47.375846780999836, -15.892614450999929 ], [ -47.375803781999934, -15.892649022999933 ], [ -47.375791632999892, -15.892691098999933 ], [ -47.37579649599985, -15.892742523999914 ], [ -47.375828094999974, -15.892791609999904 ], [ -47.375886426999898, -15.892824332999965 ], [ -47.376306894999971, -15.892924824999909 ], [ -47.376394391999952, -15.892955207999933 ], [ -47.376438140999937, -15.892980917999921 ], [ -47.376462447999984, -15.893027666999899 ], [ -47.376532945999941, -15.89330348999988 ], [ -47.376547534999986, -15.893413352999914 ], [ -47.376554841999962, -15.893684504999896 ], [ -47.376533532999986, -15.893857680999929 ], [ -47.376480072999925, -15.894032997999943 ], [ -47.376419317999932, -15.894133513999918 ], [ -47.376300232999938, -15.894262083999877 ], [ -47.375787435999882, -15.894713251999917 ], [ -47.375719387999936, -15.894803540999931 ], [ -47.375687796999898, -15.894887693999976 ], [ -47.375673218999964, -15.894983531999912 ], [ -47.375685374999875, -15.89505599499995 ], [ -47.375714546999973, -15.895165856999881 ], [ -47.375763160999952, -15.895261691999906 ], [ -47.376020807999851, -15.895614644999966 ], [ -47.376184328999955, -15.895766574999925 ], [ -47.376296134999961, -15.895855394999842 ], [ -47.376435046999916, -15.895918464999909 ], [ -47.376597889999971, -15.895944168999904 ], [ -47.377317310999899, -15.896044641999936 ], [ -47.377412099999958, -15.896070348999956 ], [ -47.377465572999938, -15.896105408999915 ], [ -47.377480157999969, -15.896145145999924 ], [ -47.377472868999973, -15.896184883999922 ], [ -47.377429124999935, -15.896250336999913 ], [ -47.377105886999914, -15.896477094999852 ], [ -47.376685431999931, -15.896731908999982 ], [ -47.376527800999952, -15.896808983999961 ], [ -47.376406279999856, -15.896844052999938 ], [ -47.376318783999977, -15.896860420999928 ], [ -47.375944493999839, -15.896893164999881 ], [ -47.375813249999908, -15.896918884999877 ], [ -47.375682005999977, -15.896960966999927 ], [ -47.375407367999969, -15.897075518999884 ], [ -47.375259109999888, -15.89711760199998 ], [ -47.375115711999911, -15.897129296999879 ], [ -47.375025781999852, -15.897115275999965 ], [ -47.374935850999975, -15.897063854999885 ], [ -47.374812367999937, -15.896964554999954 ], [ -47.374778339999978, -15.896952868999961 ], [ -47.374737022999852, -15.896964557999866 ], [ -47.374705429999892, -15.89702533499991 ], [ -47.37466897999991, -15.897184288999938 ], [ -47.374673844999961, -15.89724506399989 ], [ -47.374705444999904, -15.897315188999926 ], [ -47.375621774999956, -15.898077176999891 ], [ -47.37570198599991, -15.89816618499998 ], [ -47.37572629399989, -15.898231633999899 ], [ -47.375733589999982, -15.89830877199995 ], [ -47.375709342999926, -15.899384031999944 ], [ -47.375687476999985, -15.899543435999874 ], [ -47.375638872999957, -15.899660313999959 ], [ -47.375568394999959, -15.899774855999965 ], [ -47.375502774999973, -15.899840308999956 ], [ -47.375422569999898, -15.899870700999884 ], [ -47.375330210999891, -15.899880055999972 ], [ -47.375252433999947, -15.899861358999829 ], [ -47.375196529999926, -15.899807598999928 ], [ -47.374989917999983, -15.899424255999975 ], [ -47.374955887999931, -15.899370494999971 ], [ -47.37491699799989, -15.899335432999919 ], [ -47.374865955999951, -15.899319072999901 ], [ -47.373571934999973, -15.899361672999873 ], [ -47.373272983999868, -15.899387397999931 ], [ -47.373056670999972, -15.899424805999956 ], [ -47.372864662999916, -15.899483250999879 ], [ -47.372713974999954, -15.899553381999908 ], [ -47.372587591999888, -15.899660911999945 ], [ -47.372483085999875, -15.899819866999962 ], [ -47.37241746899997, -15.90002557199989 ], [ -47.372402891999968, -15.900209967999956 ], [ -47.372417478999978, -15.900312817999975 ], [ -47.373358774999929, -15.902736875999892 ], [ -47.373383799999885, -15.902832928999942 ], [ -47.373412371999962, -15.903008745999898 ], [ -47.373486662999937, -15.903508726999974 ], [ -47.373532373999922, -15.903694372999894 ], [ -47.373595225999964, -15.903878430999953 ], [ -47.373646646999873, -15.903971831999911 ], [ -47.373855183999979, -15.904246539999917 ], [ -47.373889463999888, -15.904298734999884 ], [ -47.373915175999969, -15.904375653999864 ], [ -47.373949482999876, -15.905012993999947 ], [ -47.373979371999951, -15.905224259999898 ], [ -47.374019368999882, -15.905345133999958 ], [ -47.374822116999951, -15.906678940999939 ], [ -47.374876397999913, -15.906799813999953 ], [ -47.374891842999943, -15.906873840999879 ], [ -47.374881859999846, -15.906919454999922 ], [ -47.374831934999975, -15.906950665999943 ], [ -47.374754550999967, -15.906962672999953 ], [ -47.374637223999855, -15.906950674999848 ], [ -47.373445367999921, -15.906564210999932 ], [ -47.373205721999966, -15.90649459999986 ], [ -47.372951097999874, -15.906448995999881 ], [ -47.372696474999941, -15.906424997999977 ], [ -47.372486785999911, -15.906437008999887 ], [ -47.372327023999844, -15.90646822399998 ], [ -47.372184735999951, -15.906513841999924 ], [ -47.372043421999933, -15.906597764999958 ], [ -47.371916115999966, -15.906734608999898 ], [ -47.371495113999913, -15.907302436999885 ], [ -47.371282936999876, -15.907583325999951 ], [ -47.371158125999955, -15.907717768999873 ], [ -47.371045794999986, -15.907808998999883 ], [ -47.370937939999919, -15.907861817999901 ], [ -47.370788161999883, -15.907895431999918 ], [ -47.369362772999978, -15.908080321999876 ], [ -47.369282884999961, -15.908097536999946 ], [ -47.369110640999907, -15.908155156999953 ], [ -47.368496550999964, -15.908364029999973 ], [ -47.368306830999927, -15.908402443999876 ], [ -47.368214465999984, -15.908412048999878 ], [ -47.368142071999955, -15.90840004599994 ], [ -47.368057195999938, -15.908356833999903 ], [ -47.367599033999966, -15.908111968999833 ], [ -47.367481706999968, -15.908073558999945 ], [ -47.367339415999879, -15.908063956999854 ], [ -47.367252044999873, -15.908092766999914 ], [ -47.367194630999904, -15.908147983999982 ], [ -47.367062328999964, -15.908462477999876 ], [ -47.366987552999944, -15.908587315999966 ], [ -47.366920153999956, -15.908664138999939 ], [ -47.366812812999854, -15.908736160999979 ], [ -47.365814281999917, -15.90916829899993 ], [ -47.365678316999947, -15.909236187999966 ], [ -47.365585952999936, -15.90932741599994 ], [ -47.365523544999917, -15.909464255999978 ], [ -47.365511063999975, -15.909579490999931 ], [ -47.365533530999983, -15.909694724999952 ], [ -47.365623399999947, -15.9098411679999 ], [ -47.365828100999977, -15.91007643699993 ], [ -47.36595977099995, -15.910168785999929 ], [ -47.366049639999858, -15.910204796999949 ], [ -47.366563888999963, -15.910272013999929 ], [ -47.366633786999955, -15.910305623999875 ], [ -47.366668735999838, -15.910363239999924 ], [ -47.366668736999941, -15.910423257999923 ], [ -47.366638780999949, -15.910480874999905 ], [ -47.366571379999925, -15.910548095999957 ], [ -47.366466533999983, -15.910608113999956 ], [ -47.366344212999877, -15.910641724999891 ], [ -47.366231876999905, -15.910651328999961 ], [ -47.366012196999975, -15.910627322999915 ], [ -47.365952284999878, -15.910639326999956 ], [ -47.365912342999934, -15.910680138999965 ], [ -47.36590485399995, -15.910732954999958 ], [ -47.365919831999975, -15.91080977799993 ], [ -47.365964766999923, -15.910864993999951 ], [ -47.366044650999982, -15.910910606999948 ], [ -47.366406624999911, -15.911133870999947 ], [ -47.366533939999954, -15.91122749799996 ], [ -47.366673736999985, -15.91134993299994 ], [ -47.366976232999946, -15.911581189999879 ], [ -47.36710854099988, -15.911638805999871 ], [ -47.367208395999967, -15.911653208999894 ], [ -47.367335709999963, -15.911634001999914 ], [ -47.367485490999911, -15.911569180999891 ], [ -47.36760032199993, -15.911489955999969 ], [ -47.367765078999867, -15.911309900999925 ], [ -47.367862433999903, -15.911132246999955 ], [ -47.368072120999955, -15.910738526999978 ], [ -47.368109564999941, -15.910692912999934 ], [ -47.368154498999843, -15.910671305999927 ], [ -47.36819693699988, -15.910680907999847 ], [ -47.368251856999905, -15.910712116999946 ], [ -47.368294295999931, -15.910781736999922 ], [ -47.368291800999941, -15.910846555999967 ], [ -47.368254356999955, -15.910954588999914 ], [ -47.368089603999977, -15.911317097999813 ], [ -47.368044671999883, -15.911451537999937 ], [ -47.367992252999898, -15.911710815999982 ], [ -47.367972284999951, -15.911895670999968 ], [ -47.367932348999943, -15.912255609999931 ], [ -47.367904889999977, -15.912344435999898 ], [ -47.367852466999977, -15.912416457999825 ], [ -47.367725153999913, -15.912490881999929 ], [ -47.367605328999957, -15.912524492999978 ], [ -47.367475517999878, -15.912531696999963 ], [ -47.367338216999883, -15.912514893999969 ], [ -47.366766544999848, -15.912387661999844 ], [ -47.366687601999956, -15.912375658999906 ], [ -47.366570272999923, -15.912378060999913 ], [ -47.36644295799988, -15.912406869999927 ], [ -47.366355585999941, -15.912476491999882 ], [ -47.366308154999842, -15.912570119999941 ], [ -47.36629816999988, -15.912642140999935 ], [ -47.366310651999981, -15.912723764999953 ], [ -47.366355587999863, -15.912894215999927 ], [ -47.366437970999925, -15.913066846999982 ], [ -47.366560293999896, -15.913246899999876 ], [ -47.366917171999944, -15.913722781999979 ], [ -47.366974588999938, -15.913816408999935 ], [ -47.36709192099994, -15.914015666999887 ], [ -47.367186416999857, -15.914141483999913 ], [ -47.367243834999897, -15.914189497999871 ], [ -47.367735628999981, -15.914513587999977 ], [ -47.367810521999957, -15.914601368999968 ], [ -47.367845472999932, -15.914699796999912 ], [ -47.367860452999935, -15.91481743199995 ], [ -47.367907891999948, -15.915345586999877 ], [ -47.36791787899989, -15.91543201199994 ], [ -47.367957822999983, -15.915516036999975 ], [ -47.368239921999873, -15.915847330999839 ], [ -47.368277368999884, -15.915911529999903 ], [ -47.368284858999971, -15.915964344999907 ], [ -47.368262392999952, -15.916021961999888 ], [ -47.368105122999907, -15.916274038999973 ], [ -47.368060188999948, -15.916353171999958 ], [ -47.368042714999831, -15.916420391999907 ], [ -47.36804521199997, -15.916487611999969 ], [ -47.36807517099993, -15.916562032999821 ], [ -47.368419714999959, -15.917030165999904 ], [ -47.368554523999876, -15.917186208999965 ], [ -47.368656878999843, -15.917267831999936 ], [ -47.368729275999954, -15.917304881999883 ], [ -47.368869076999886, -15.917344650999894 ], [ -47.369178635999958, -15.917434510999954 ], [ -47.369236054999874, -15.917467079999938 ], [ -47.36927599899991, -15.917527097999823 ], [ -47.369283488999884, -15.917572710999934 ], [ -47.369271007999942, -15.91760632199987 ], [ -47.369213590999891, -15.91763513099994 ], [ -47.369131208999931, -15.917649536999932 ], [ -47.368532063999908, -15.917607373999886 ], [ -47.368434703999924, -15.917614577999927 ], [ -47.368339839999976, -15.917638585999896 ], [ -47.368249968999919, -15.917698605999874 ], [ -47.368182566999963, -15.917787432999944 ], [ -47.368157603999919, -15.917888262999952 ], [ -47.36816759099986, -15.917967485999952 ], [ -47.368212527999958, -15.918051510999931 ], [ -47.368294911999897, -15.918113927999968 ], [ -47.368389776999948, -15.918140333999929 ], [ -47.368484641999885, -15.9181475339999 ], [ -47.368968948999907, -15.918089908999946 ], [ -47.369065408999973, -15.918090512999981 ], [ -47.369132812999965, -15.918107316999965 ], [ -47.369180245999985, -15.918140925999978 ], [ -47.369205210999894, -15.918203342999902 ], [ -47.369227682999906, -15.918383395999967 ], [ -47.369220194999912, -15.918450615999916 ], [ -47.369197728999893, -15.918532240999923 ], [ -47.369008006999934, -15.918892349999965 ], [ -47.36895807999997, -15.918973975999961 ], [ -47.368826430999945, -15.919107658999962 ], [ -47.368641695999941, -15.919244502999902 ], [ -47.368471939999893, -15.919352537999941 ], [ -47.368277217999946, -15.919453369999928 ], [ -47.3680974749999, -15.919525393999947 ], [ -47.367558242999962, -15.9197030549999 ], [ -47.367453702999967, -15.919754553999894 ], [ -47.367381306999903, -15.919819373999928 ], [ -47.367338867999933, -15.919910601999959 ], [ -47.367346357999963, -15.919997026999965 ], [ -47.367366330999914, -15.920054643999947 ], [ -47.36741626099996, -15.920107458999894 ], [ -47.367558559999907, -15.920162672999936 ], [ -47.367653424999958, -15.920174675999931 ], [ -47.367745793999973, -15.920167471999946 ], [ -47.368527182999969, -15.91998500699998 ], [ -47.368647013999919, -15.919968199999914 ], [ -47.368751864999979, -15.919956193999894 ], [ -47.368834248999974, -15.9199681959999 ], [ -47.368934108999952, -15.920004204999941 ], [ -47.369001514999923, -15.920052217999853 ], [ -47.369063928999935, -15.920126638999875 ], [ -47.369101377999925, -15.920205861999932 ], [ -47.369121353999901, -15.920381113999952 ], [ -47.369111369999985, -15.920472341999982 ], [ -47.369083910999905, -15.920556367999893 ], [ -47.369043967999971, -15.920613985999978 ], [ -47.368984052999906, -15.92063799399989 ], [ -47.368916647999924, -15.920635593999975 ], [ -47.368851737999876, -15.920611587999929 ], [ -47.368657008999946, -15.920450742999947 ], [ -47.368587106999939, -15.920412331999955 ], [ -47.368524693999916, -15.920378722999942 ], [ -47.368447302999982, -15.920357117999856 ], [ -47.368352437999874, -15.920364321999898 ], [ -47.36800293399989, -15.920479560999922 ], [ -47.36788809799998, -15.920525175999899 ], [ -47.367805714999918, -15.920575591999977 ], [ -47.367705857999852, -15.920654816999956 ], [ -47.367623474999959, -15.920724438999969 ], [ -47.367568552999956, -15.920755648999943 ], [ -47.367501147999974, -15.920760451999911 ], [ -47.367426253999895, -15.920746047999955 ], [ -47.367071752999948, -15.920642821999934 ], [ -47.366974390999985, -15.920640421999849 ], [ -47.366896999999881, -15.920666830999892 ], [ -47.366849566999974, -15.92070764399989 ], [ -47.366644180999913, -15.92101663699998 ], [ -47.366569286999948, -15.9210814569999 ], [ -47.366484406999859, -15.921122269999898 ], [ -47.366382051999892, -15.921136674999957 ], [ -47.366299667999954, -15.921119869999814 ], [ -47.366202304999945, -15.921071856999902 ], [ -47.365192505999971, -15.92005876099995 ], [ -47.365058333999968, -15.919918475999964 ], [ -47.36497345399988, -15.919793639999966 ], [ -47.364841141999875, -15.919510355999932 ], [ -47.36481368099993, -15.919457540999929 ], [ -47.364771240999971, -15.919426330999954 ], [ -47.364713822999931, -15.919419128999948 ], [ -47.364643922999903, -15.919447937999962 ], [ -47.364192063999894, -15.91965199699996 ], [ -47.364037282999959, -15.919743222999955 ], [ -47.363939919999893, -15.919829648999894 ], [ -47.363857535999955, -15.919954484999948 ], [ -47.363750186999937, -15.920121618999929 ], [ -47.363697759999866, -15.920188838999877 ], [ -47.363630354999884, -15.920246454999926 ], [ -47.363520508999954, -15.920304071999908 ], [ -47.363160676999939, -15.920505728999956 ], [ -47.363008391999927, -15.920623362999947 ], [ -47.362193072999958, -15.921578750999856 ], [ -47.36203629299996, -15.921780511999941 ], [ -47.361951368999939, -15.921950119999963 ], [ -47.361899106999886, -15.92212286899985 ], [ -47.361886038999955, -15.922279913999944 ], [ -47.36194156199997, -15.922452664999867 ], [ -47.362255112999947, -15.922904959999983 ], [ -47.362310638999929, -15.923016047999852 ], [ -47.362323702999959, -15.923097711999958 ], [ -47.362320434999958, -15.923235910999836 ], [ -47.362304100999836, -15.923440069999856 ], [ -47.362294299999917, -15.923556282999982 ], [ -47.362297565999938, -15.923628173999873 ], [ -47.362359618999903, -15.924137 ], [ -47.362346550999973, -15.924303467999948 ], [ -47.362313887999846, -15.92440711699993 ], [ -47.362039515999982, -15.924876827999981 ], [ -47.361977454999874, -15.925018167999951 ], [ -47.361836998999934, -15.925451609999925 ], [ -47.361778203999847, -15.925548977999881 ], [ -47.361690013999919, -15.925577244999943 ], [ -47.361598557999969, -15.925558397999964 ], [ -47.361507101999962, -15.925530128999924 ], [ -47.361425444999952, -15.925505 ], [ -47.361337254999967, -15.925514421999878 ], [ -47.36126866099994, -15.92555839399995 ], [ -47.361219664999908, -15.925618069999928 ], [ -47.361200064999878, -15.925718578999977 ], [ -47.361206595999874, -15.925819088999958 ], [ -47.36125558699996, -15.925963571999944 ], [ -47.361378594999906, -15.926185799999928 ], [ -47.361450451999985, -15.926254900999936 ], [ -47.361568037999973, -15.92629259399996 ], [ -47.361698688999923, -15.926273749999837 ], [ -47.361848938999913, -15.926204652999957 ], [ -47.362302955999894, -15.925783777999982 ], [ -47.36235848299998, -15.925755509999931 ], [ -47.362456470999916, -15.925739806999957 ], [ -47.362551191999955, -15.925761793999925 ], [ -47.362658977999956, -15.92581519099997 ], [ -47.36270143899992, -15.925896853999916 ], [ -47.362704703999952, -15.925965953999935 ], [ -47.362649174999945, -15.926239211999928 ], [ -47.362642640999979, -15.926374270999872 ], [ -47.362600173999908, -15.926792009999815 ], [ -47.362593640999876, -15.926892518999978 ], [ -47.362564242999952, -15.926961617999893 ], [ -47.362508715999979, -15.926996167999903 ], [ -47.362417259999972, -15.927018152999949 ], [ -47.36232906999993, -15.927002446999893 ], [ -47.361920787999907, -15.926817128999915 ], [ -47.361809733999962, -15.926782576999926 ], [ -47.361718277999955, -15.926788857999895 ], [ -47.361636619999956, -15.9268359699999 ], [ -47.361584357999959, -15.92691449199998 ], [ -47.361581090999948, -15.927005577999978 ], [ -47.361613750999936, -15.927128073999825 ], [ -47.361675808999962, -15.927219161999972 ], [ -47.362208206999981, -15.927812765999875 ], [ -47.362283330999958, -15.927863021999883 ], [ -47.362358455999981, -15.92791013599998 ], [ -47.362658953999983, -15.928016929999899 ], [ -47.362724279999952, -15.928066179999973 ], [ -47.362747142999979, -15.928135280999925 ], [ -47.362737343999981, -15.928201239999964 ], [ -47.362668749999898, -15.928292324999973 ], [ -47.362146132999897, -15.92884511699998 ], [ -47.362077539999916, -15.928939343999957 ], [ -47.362051407999957, -15.929014724999945 ], [ -47.362054672999875, -15.929108951999922 ], [ -47.362093552999909, -15.929201630999955 ], [ -47.362185007999926, -15.929305281999916 ], [ -47.362282996999966, -15.92938066499994 ], [ -47.362524703999952, -15.929500021999957 ], [ -47.362818671999946, -15.929619378999973 ], [ -47.363287055999876, -15.929779568999891 ], [ -47.36346343799994, -15.929814119999946 ], [ -47.363651857999969, -15.92982518499997 ], [ -47.364324721999935, -15.929866018999974 ], [ -47.364406380999981, -15.929906850999942 ], [ -47.364452108999842, -15.929960245999951 ], [ -47.364461907999953, -15.930029345999969 ], [ -47.364432510999904, -15.930161263999878 ], [ -47.364383514999929, -15.930274335999911 ], [ -47.364334519999943, -15.93034343599993 ], [ -47.364246327999865, -15.930425098999933 ], [ -47.363602855999829, -15.930817708999939 ], [ -47.363446070999885, -15.93090879399989 ], [ -47.363129232999881, -15.931068977999928 ], [ -47.362956329999975, -15.931138975999943 ], [ -47.36274728199993, -15.931211214999962 ], [ -47.362600294999936, -15.931283453999981 ], [ -47.362528433999898, -15.931358834999912 ], [ -47.362463104999847, -15.931493892999981 ], [ -47.362446771999828, -15.931597542999953 ], [ -47.362456569999949, -15.931698051999945 ], [ -47.362525723999966, -15.931810691999942 ], [ -47.362666177999927, -15.931892356999924 ], [ -47.36281316499992, -15.931930048999959 ], [ -47.362930753999819, -15.931926908999969 ], [ -47.363022212999908, -15.931898641999908 ], [ -47.363123470999938, -15.931845247999945 ], [ -47.364224237999906, -15.93120450999993 ], [ -47.364338560999954, -15.931163677999962 ], [ -47.364403887999913, -15.931176241999935 ], [ -47.364488812999923, -15.931226495999908 ], [ -47.364688060999981, -15.931386681999925 ], [ -47.364769549999892, -15.931410412999924 ], [ -47.364844675999905, -15.931391567999981 ], [ -47.364913269999875, -15.931344454999874 ], [ -47.364949198999909, -15.931272213999875 ], [ -47.364939399999912, -15.93119054999994 ], [ -47.364896937999958, -15.931112027999916 ], [ -47.364684624999882, -15.930863896999938 ], [ -47.364658493999968, -15.93080421999997 ], [ -47.364651960999936, -15.930722555999978 ], [ -47.364691157999971, -15.930644033999954 ], [ -47.36478261499991, -15.930562370999951 ], [ -47.364991660999976, -15.930480706999845 ], [ -47.365145179999899, -15.930455579999887 ], [ -47.365282365999974, -15.930468142999871 ], [ -47.365386889999911, -15.930499551999958 ], [ -47.365899709999951, -15.930697425999938 ], [ -47.366023833999918, -15.930801075999966 ], [ -47.366112026999872, -15.93092357099988 ], [ -47.366174089999959, -15.931058629999939 ], [ -47.366193688999942, -15.931168561999982 ], [ -47.366183890999935, -15.931262789999892 ], [ -47.366141428999981, -15.931372721999935 ], [ -47.365096187999939, -15.933013542999959 ], [ -47.365025375999949, -15.933132729999954 ], [ -47.365002510999886, -15.933233238999946 ], [ -47.365015576999895, -15.933352592999938 ], [ -47.365077638999878, -15.933462523999822 ], [ -47.365142966999883, -15.93352220099996 ], [ -47.365224625999986, -15.933541046999835 ], [ -47.365355281999939, -15.933541046999835 ], [ -47.365492469999936, -15.933512777999965 ], [ -47.366972147999888, -15.933051053999975 ], [ -47.367191661999925, -15.933028881999917 ], [ -47.367951165999898, -15.933060973999886 ], [ -47.36810557299998, -15.933105111999907 ], [ -47.368218247999948, -15.933165301999907 ], [ -47.368310057999906, -15.933261607999896 ], [ -47.368376830999921, -15.933406066999964 ], [ -47.368811171999823, -15.934865997999964 ], [ -47.368923852999899, -15.935142877999965 ], [ -47.369019837999929, -15.935247207999964 ], [ -47.369191294999894, -15.935331302999884 ], [ -47.369399951999867, -15.935359387999938 ], [ -47.371373854999945, -15.935218889999931 ], [ -47.371787478999977, -15.935250979999921 ], [ -47.372046215999944, -15.935311162999938 ], [ -47.3723633809999, -15.935459624999964 ], [ -47.372588737999934, -15.935636178999971 ], [ -47.372851657999888, -15.93586489899991 ], [ -47.373072847999936, -15.936121709999952 ], [ -47.373341754999956, -15.936504195999873 ], [ -47.373483654999973, -15.936789097999906 ], [ -47.373567130999959, -15.937078013999894 ], [ -47.373583836999899, -15.937366932999907 ], [ -47.373537949999957, -15.93776018799997 ], [ -47.37332931799989, -15.938398230999894 ], [ -47.373261098999933, -15.938598757999955 ], [ -47.373165119999896, -15.938699080999925 ], [ -47.373039924999944, -15.938723162999963 ], [ -47.372906379999904, -15.93868705299991 ], [ -47.372765734999973, -15.938578713999902 ], [ -47.372653050999986, -15.93842221999995 ], [ -47.372210173999861, -15.93754645599995 ], [ -47.372047405999979, -15.937281615999893 ], [ -47.371425563999935, -15.936382769999966 ], [ -47.371212724999907, -15.936162073999981 ], [ -47.371033273999899, -15.936045707999938 ], [ -47.370895557999972, -15.936009597999885 ], [ -47.370711937999886, -15.936005590999912 ], [ -47.37020698799995, -15.936113950999982 ], [ -47.37005675599994, -15.936190197999906 ], [ -47.369969120999883, -15.936258416999976 ], [ -47.36993991099996, -15.936354724999944 ], [ -47.369960778999882, -15.936443005999934 ], [ -47.37050748899992, -15.937357903999896 ], [ -47.370578436999949, -15.93748631099993 ], [ -47.370607652999979, -15.937586629999885 ], [ -47.370907373999955, -15.938675946999979 ], [ -47.370965802999933, -15.938800340999876 ], [ -47.371057615999973, -15.93888460699992 ], [ -47.371153600999833, -15.938912692999907 ], [ -47.37129131599994, -15.938888612999961 ], [ -47.371775401999855, -15.938667894999924 ], [ -47.371879731999968, -15.938635789999921 ], [ -47.371946504999983, -15.938655850999908 ], [ -47.371992412999873, -15.938724066999953 ], [ -47.372526643999947, -15.939964005999968 ], [ -47.372593418999941, -15.940165584999932 ], [ -47.37261011999982, -15.940378262999957 ], [ -47.372589260999973, -15.94057488999988 ], [ -47.372535013999823, -15.940723365999929 ], [ -47.37246824399989, -15.940811648999954 ], [ -47.372334700999943, -15.940879870999879 ], [ -47.372180288999971, -15.940891914999895 ], [ -47.371975796999891, -15.940867844999957 ], [ -47.371817209999961, -15.940799631999937 ], [ -47.371086875999822, -15.940418440999906 ], [ -47.370953331999942, -15.94038232999992 ], [ -47.370753015999981, -15.94038634799989 ], [ -47.369876640999962, -15.940578983999956 ], [ -47.369642939999892, -15.940671282999972 ], [ -47.369409240999914, -15.940811734999954 ], [ -47.369163021999952, -15.941040468999859 ], [ -47.369079558999886, -15.941172892999873 ], [ -47.369046173999891, -15.941273213999921 ], [ -47.369054521999885, -15.941345443999978 ], [ -47.369087908999973, -15.941401621999887 ], [ -47.369221455999934, -15.941453784999965 ], [ -47.369355001999963, -15.941465819999962 ], [ -47.369513585999925, -15.941441739999846 ], [ -47.369663823999929, -15.941405620999944 ], [ -47.369793194999886, -15.941401604999896 ], [ -47.369910047999952, -15.941433703999962 ], [ -47.37033572699994, -15.941670447999911 ], [ -47.370419194999897, -15.941749430999892 ], [ -47.370490143999916, -15.941865798999913 ], [ -47.370728050999958, -15.94287701099995 ], [ -47.370736399999942, -15.942961278999974 ], [ -47.370715534999931, -15.943025483999975 ], [ -47.370652935999885, -15.943045549999852 ], [ -47.370544429999882, -15.943025488999979 ], [ -47.370273163999968, -15.942953265999961 ], [ -47.370118750999893, -15.942941230999907 ], [ -47.369981033999977, -15.942993400999967 ], [ -47.369847490999859, -15.943105761999959 ], [ -47.369801587999973, -15.943224832999931 ], [ -47.369793244999983, -15.943365279999909 ], [ -47.369822460999899, -15.943477636999887 ], [ -47.370001920999925, -15.943770564999966 ], [ -47.370089564999887, -15.943947124999909 ], [ -47.370139647999963, -15.944083557999932 ], [ -47.370147997999936, -15.944215978999978 ], [ -47.370131309999977, -15.944404580999958 ], [ -47.369997778999959, -15.944981093999957 ], [ -47.369893452999918, -15.94528606699987 ], [ -47.369776604999856, -15.945510784999897 ], [ -47.369567942999822, -15.945787670999891 ], [ -47.369167308999977, -15.946247488999916 ], [ -47.368979508999985, -15.946395965999955 ], [ -47.368557998999904, -15.946692919999919 ], [ -47.368495398999983, -15.946793240999966 ], [ -47.368462013999874, -15.946945727999946 ], [ -47.368474535999951, -15.947070123999936 ], [ -47.368524618999913, -15.947198532999835 ], [ -47.368599742999891, -15.947274773999936 ], [ -47.368691558999956, -15.947294835999969 ], [ -47.369204888999889, -15.947170427999879 ], [ -47.369325917999959, -15.947154373999979 ], [ -47.369442773999936, -15.947166409999909 ], [ -47.369776647999856, -15.947254682999926 ], [ -47.36992689099992, -15.947294806999878 ], [ -47.370160600999895, -15.947298813999964 ], [ -47.370310841999981, -15.947282758999961 ], [ -47.370477775999973, -15.947202498999957 ], [ -47.37056958699992, -15.947114215999875 ], [ -47.370602971999915, -15.947025933999953 ], [ -47.370594620999952, -15.946877461999975 ], [ -47.37047774499996, -15.946135101999971 ], [ -47.37048608799995, -15.946002679999935 ], [ -47.370519472999945, -15.945922423999946 ], [ -47.370590418999939, -15.94587828199991 ], [ -47.370678058999943, -15.945878278999942 ], [ -47.370782394999935, -15.945958531999906 ], [ -47.371437638999964, -15.946749028999932 ], [ -47.371504417999972, -15.946901511999954 ], [ -47.371521116999929, -15.94702992099991 ], [ -47.371491908999928, -15.947206483999935 ], [ -47.371395928999902, -15.947455278999939 ], [ -47.370861759999912, -15.948296196999877 ], [ -47.370799162999901, -15.948440658999914 ], [ -47.370786645999942, -15.948549003999915 ], [ -47.370815862999962, -15.948637283999858 ], [ -47.370911852999882, -15.94871352399997 ], [ -47.371216518999972, -15.948910140999942 ], [ -47.371262429999945, -15.948991270999841 ], [ -47.371270780999851, -15.94911566699983 ], [ -47.371183154999983, -15.949653381999894 ], [ -47.371133079999822, -15.949854022999887 ], [ -47.371057963999931, -15.950018547999946 ], [ -47.370674023999925, -15.950592384999879 ], [ -47.370557173999941, -15.950815862999889 ], [ -47.370523788999947, -15.950932233999936 ], [ -47.370532139999909, -15.951044591999903 ], [ -47.370590572999959, -15.95122115199996 ], [ -47.370982442999946, -15.952027416999954 ], [ -47.371303816999898, -15.95250492699995 ], [ -47.371967427999948, -15.953191144999948 ], [ -47.372322186999952, -15.953464000999872 ], [ -47.372397313999954, -15.953532215999928 ], [ -47.372430704999886, -15.953620495999871 ], [ -47.372426535999978, -15.953716801999917 ], [ -47.37233473799995, -15.954230441999982 ], [ -47.372297179999862, -15.95432273699987 ], [ -47.372217885999873, -15.95442707199993 ], [ -47.371934093999926, -15.954734526999971 ], [ -47.371821414999943, -15.954931156999976 ], [ -47.371767165999984, -15.955123770999933 ], [ -47.371767175999878, -15.955400652999913 ], [ -47.371813093999947, -15.955653456999869 ], [ -47.371884052999974, -15.955862118999903 ], [ -47.371946659999878, -15.955946385999937 ], [ -47.372038478999968, -15.95599279399994 ], [ -47.374857959999986, -15.956349818999911 ], [ -47.374958128999936, -15.95639800899994 ], [ -47.375037431999942, -15.956482272999949 ], [ -47.375074998999935, -15.956578577999949 ], [ -47.375079177999908, -15.956666859999871 ], [ -47.375058317999958, -15.95683940999993 ], [ -47.374816296999938, -15.957803882999883 ], [ -47.374737007999954, -15.958024589999923 ], [ -47.374615983999945, -15.958253323999941 ], [ -47.374419834999969, -15.958514162999961 ], [ -47.374319671999956, -15.958602448999955 ], [ -47.374240374999886, -15.958642579999832 ], [ -47.374181943999929, -15.958646594999891 ], [ -47.374106817999916, -15.958618508999962 ], [ -47.373785429999884, -15.958209219999958 ], [ -47.373739517999923, -15.958157055999891 ], [ -47.373672738999971, -15.958124955999892 ], [ -47.373593439999979, -15.958124959999964 ], [ -47.373484929999904, -15.958197193999922 ], [ -47.373075940999968, -15.958815175999973 ], [ -47.373017515999948, -15.958939574999874 ], [ -47.373000825999895, -15.959051932999955 ], [ -47.373013352999976, -15.959204417999956 ], [ -47.373109370999828, -15.959798307999961 ], [ -47.37317582899982, -15.96002701999987 ], [ -47.373246786999914, -15.960163450999971 ], [ -47.37335947899993, -15.960247714999923 ], [ -47.373472167999978, -15.960263761999954 ], [ -47.373605723999958, -15.960239679999972 ], [ -47.374010559999874, -15.960063100999946 ], [ -47.374123247999876, -15.960035006999931 ], [ -47.374215067999899, -15.960035002999916 ], [ -47.374298540999973, -15.960047036999924 ], [ -47.374427927999932, -15.960119261999978 ], [ -47.375625838999952, -15.961246802999938 ], [ -47.376144575999945, -15.961571161999927 ], [ -47.376870820999898, -15.961900169999979 ], [ -47.377162987999952, -15.961972383999978 ], [ -47.377484369999877, -15.962000454999838 ], [ -47.378253925999957, -15.961996395999961 ], [ -47.378400007999971, -15.962024475999954 ], [ -47.378537746999825, -15.962100709999959 ], [ -47.378596184999935, -15.9621849749999 ], [ -47.378617061999876, -15.962301344999958 ], [ -47.378600373999916, -15.962405677999982 ], [ -47.37851273299998, -15.96250600299993 ], [ -47.378400044999978, -15.962562188999868 ], [ -47.37776982299988, -15.962730763999957 ], [ -47.377640442999905, -15.962798987999918 ], [ -47.377544452999985, -15.96289128799998 ], [ -47.377135472999953, -15.963601575999974 ], [ -47.377079470999945, -15.963702105999857 ], [ -47.377066954999975, -15.963786374999813 ], [ -47.377079482999932, -15.963898731999961 ], [ -47.377137935999883, -15.964235800999973 ], [ -47.37714211499997, -15.964332106999848 ], [ -47.377112906999969, -15.964448479999874 ], [ -47.376721153999881, -15.965189154999962 ], [ -47.376666900999908, -15.965285464999965 ], [ -47.376600125999971, -15.9653697359999 ], [ -47.375444045999984, -15.966393058999927 ], [ -47.375381445999949, -15.966474475999917 ], [ -47.375348060999954, -15.96657880999993 ], [ -47.375356412999963, -15.966667090999977 ], [ -47.375406503999898, -15.966771419999873 ], [ -47.376170355999875, -15.967622091999942 ], [ -47.376228793999985, -15.967705868999928 ], [ -47.376266363999889, -15.967802172999882 ], [ -47.37627471899998, -15.967930580999962 ], [ -47.376178762999928, -15.968672949999927 ], [ -47.376174311999932, -15.968761989999905 ], [ -47.376195641999914, -15.968833748999884 ], [ -47.376248958999895, -15.968888420999974 ], [ -47.37634848099998, -15.968912334999914 ], [ -47.376809443999889, -15.968922563999968 ], [ -47.376933842999961, -15.968898635999949 ], [ -47.378519007999955, -15.968153603999951 ], [ -47.378664730999958, -15.968112588999929 ], [ -47.378782021999939, -15.968109163999884 ], [ -47.378860219999922, -15.968146747999981 ], [ -47.378949084999931, -15.96826292499992 ], [ -47.379066402999968, -15.968608048999954 ], [ -47.379105515999981, -15.96880965899993 ], [ -47.379116189999877, -15.968996991999973 ], [ -47.379087768999966, -15.969188353999925 ], [ -47.378956296999888, -15.969718019999959 ], [ -47.378892329999928, -15.969868377999887 ], [ -47.378792819999944, -15.970035027999927 ], [ -47.378277480999941, -15.970585219999975 ], [ -47.378167302999884, -15.970677488999968 ], [ -47.378071338999973, -15.970721917999981 ], [ -47.377932721999855, -15.970739011999967 ], [ -47.377278723999837, -15.970704879999914 ], [ -47.377118781999911, -15.970735642999955 ], [ -47.376973059999955, -15.970827913999869 ], [ -47.376880652999944, -15.970933850999927 ], [ -47.37683089899997, -15.971046618999935 ], [ -47.376823797999918, -15.971186722999903 ], [ -47.37684868599996, -15.971326824999949 ], [ -47.37716508099993, -15.972245417999943 ], [ -47.377229065999984, -15.972351345999982 ], [ -47.377314373999923, -15.972409431999893 ], [ -47.37742811399994, -15.972423093999964 ], [ -47.377925728999969, -15.972508492999907 ], [ -47.378021697999941, -15.97253240699996 ], [ -47.378110559999982, -15.972580240999889 ], [ -47.378921002999903, -15.973222614999941 ], [ -47.378979840999875, -15.973278432999962 ], [ -47.379022497999983, -15.973346772999832 ], [ -47.379157592999945, -15.973749985999973 ], [ -47.37916826299994, -15.973845664999885 ], [ -47.379157606999968, -15.973948179999923 ], [ -47.379068762999964, -15.974156630999971 ], [ -47.379022559999953, -15.974218142999973 ], [ -47.378965690999962, -15.974242065999931 ], [ -47.378894602999935, -15.974235236999959 ], [ -47.378212137999981, -15.973893565999958 ], [ -47.378141048999964, -15.973873067999932 ], [ -47.378080624999939, -15.973883322999882 ], [ -47.378030866999893, -15.973931165999943 ], [ -47.377963341999816, -15.974054187999911 ], [ -47.377754616999937, -15.974704972999859 ], [ -47.377719084999853, -15.974892916999863 ], [ -47.377711986999884, -15.975063773999977 ], [ -47.377744010999947, -15.975603680999939 ], [ -47.377786680999918, -15.975856374999978 ], [ -47.377829341999984, -15.975982805999877 ], [ -47.377907547999882, -15.976116069999819 ], [ -47.378817562999984, -15.977271007999889 ], [ -47.378952641999945, -15.977446932999953 ], [ -47.379027294999901, -15.977583612999979 ], [ -47.379073513999913, -15.977733963999924 ], [ -47.379069964999985, -15.977815975999931 ], [ -47.379030873999966, -15.977921909999907 ], [ -47.378949128999921, -15.978031263999981 ], [ -47.378658861999895, -15.978284151999958 ], [ -47.378559340999914, -15.978338831999963 ], [ -47.378427827999985, -15.978383262999898 ], [ -47.377663626999947, -15.978533662999894 ], [ -47.377489458999946, -15.978547341999899 ], [ -47.377343725999879, -15.978543932999969 ], [ -47.377180218999854, -15.978520021999941 ], [ -47.376419555999973, -15.978410716999974 ], [ -47.376295148999873, -15.978400472999908 ], [ -47.376177851999955, -15.978414147999956 ], [ -47.376085437999961, -15.978468826999972 ], [ -47.376000134999913, -15.978567929999826 ], [ -47.375875743999927, -15.978830411999979 ], [ -47.375840206999897, -15.978970516999937 ], [ -47.375829554999939, -15.97918238099993 ], [ -47.375801142999876, -15.979640279999899 ], [ -47.375779828999896, -15.979896567999958 ], [ -47.375737185999981, -15.980135771999869 ], [ -47.37566004599995, -15.980347711999912 ], [ -47.375564082999972, -15.980498069999896 ], [ -47.375429017999977, -15.980610841999919 ], [ -47.375261958999943, -15.980668941999909 ], [ -47.375144660999922, -15.980679198999894 ], [ -47.375013142999876, -15.98065870299996 ], [ -47.374899395999876, -15.98060061699988 ], [ -47.374817636999865, -15.980494689999887 ], [ -47.37477853099989, -15.980368256999839 ], [ -47.37467898299991, -15.979924033999851 ], [ -47.374597217999906, -15.979708756999969 ], [ -47.374472802999946, -15.979572076999943 ], [ -47.374305736999872, -15.979493488999935 ], [ -47.37418843599994, -15.979469573999893 ], [ -47.374067582999885, -15.979476412999929 ], [ -47.373936067999921, -15.979537926999967 ], [ -47.373758346999978, -15.979684870999961 ], [ -47.373584184999856, -15.979924078999943 ], [ -47.373527316999969, -15.980060767999873 ], [ -47.373520213999882, -15.980194037999979 ], [ -47.373669537999888, -15.980976561999967 ], [ -47.373713564999889, -15.981091670999831 ], [ -47.373770441999966, -15.981166845999894 ], [ -47.37387352799982, -15.981238601999905 ], [ -47.374424493999925, -15.981423102999884 ], [ -47.374669759999961, -15.981477765999955 ], [ -47.374922133999974, -15.981518758999982 ], [ -47.375412660999984, -15.981583660999945 ], [ -47.375593943999945, -15.981622257999959 ], [ -47.375714798999923, -15.981653005999931 ], [ -47.375881864999883, -15.98171108899993 ], [ -47.376120022999885, -15.981813590999877 ], [ -47.376368848999959, -15.981970766999893 ], [ -47.376525256999912, -15.982100610999908 ], [ -47.376575026999944, -15.982206539999879 ], [ -47.376599913999883, -15.982298801999946 ], [ -47.376599919999876, -15.982433615999923 ], [ -47.376521742999898, -15.982819755999969 ], [ -47.376471987999878, -15.982976946999941 ], [ -47.376393797999981, -15.983137556999907 ], [ -47.376304939999898, -15.983233240999937 ], [ -47.376176980999958, -15.983325509999929 ], [ -47.375921060999929, -15.983455374999892 ], [ -47.3758250919999, -15.983518753999931 ], [ -47.37575756099983, -15.983617853999931 ], [ -47.375658053999928, -15.983997160999877 ], [ -47.375633183999923, -15.984219275999976 ], [ -47.375647409999942, -15.984362794999925 ], [ -47.375714953999932, -15.984496058999866 ], [ -47.375985119999825, -15.984836586999961 ], [ -47.376123755999913, -15.984973264999894 ], [ -47.376290826999877, -15.985082603999899 ], [ -47.376735171999883, -15.985444796999957 ], [ -47.376891584999953, -15.98560304699987 ], [ -47.376987566999901, -15.985722641999928 ], [ -47.377079995999907, -15.985883241999886 ], [ -47.377126214999919, -15.986033593999878 ], [ -47.377179554999884, -15.98637530499991 ], [ -47.37717956299997, -15.986505156999897 ], [ -47.377154687999962, -15.98661450599991 ], [ -47.377090710999823, -15.986723858999881 ], [ -47.376966304999939, -15.986819544999889 ], [ -47.376824122999949, -15.986881061999952 ], [ -47.376639285999943, -15.986935745999915 ], [ -47.376504211999986, -15.986952838999912 ], [ -47.376394017999985, -15.986939175999964 ], [ -47.376330031999942, -15.986891338999897 ], [ -47.376276708999967, -15.98681616499988 ], [ -47.37610961799993, -15.986385614999961 ], [ -47.376049182999964, -15.986269435999873 ], [ -47.375970976999895, -15.986190845999943 ], [ -47.375494647999915, -15.985944835999931 ], [ -47.375359571999923, -15.985917504999975 ], [ -47.375260043999958, -15.985931178999863 ], [ -47.375199617999954, -15.985975603999975 ], [ -47.375178293999966, -15.986040530999958 ], [ -47.375228074999882, -15.986344653999879 ], [ -47.375267180999913, -15.986457416999883 ], [ -47.375452039999971, -15.986829875999945 ], [ -47.375526695999895, -15.986997311999971 ], [ -47.375558692999959, -15.987096342999962 ], [ -47.375622693999958, -15.98742438499994 ], [ -47.375629649999894, -15.987550528999975 ], [ -47.375594117999981, -15.987834153999927 ], [ -47.375551469999891, -15.987981092999917 ], [ -47.375512372999879, -15.988052854999978 ], [ -47.375444837999964, -15.988114366999923 ], [ -47.375224458999924, -15.988274982999883 ], [ -47.375167587999954, -15.988326021999967 ], [ -47.375107163999928, -15.988418287999934 ], [ -47.375046740999892, -15.988537890999964 ], [ -47.373352828999884, -15.99290626699991 ], [ -47.373241332999896, -15.993115505999924 ], [ -47.373199524999904, -15.99324056099988 ], [ -47.373190239999929, -15.993423674999917 ], [ -47.373241376999829, -15.994147193999936 ], [ -47.373227443999895, -15.994281179999916 ], [ -47.373157760999902, -15.994437498999957 ], [ -47.373032323999951, -15.994602752999981 ], [ -47.372879010999952, -15.994754608999926 ], [ -47.372642066999958, -15.994852873999946 ], [ -47.37245622599994, -15.994893075999983 ], [ -47.372223921999932, -15.994879685999877 ], [ -47.372005553999884, -15.994799301999876 ], [ -47.371673426999962, -15.994659519999971 ], [ -47.371520105999934, -15.99460146499996 ], [ -47.371218111999951, -15.994543412999917 ], [ -47.370860364999885, -15.994512158999953 ], [ -47.370581601999845, -15.994538963999844 ], [ -47.370437575999915, -15.994592560999934 ], [ -47.37033071899998, -15.994677421999938 ], [ -47.370256385999937, -15.994829273999869 ], [ -47.370209930999977, -15.995012388999953 ], [ -47.370154186999912, -15.995360752999886 ], [ -47.37014954599988, -15.995539400999917 ], [ -47.370182073999899, -15.995767175999958 ], [ -47.370228539999857, -15.995950288999893 ], [ -47.370451569999943, -15.996577285999933 ], [ -47.370479449999834, -15.996666608999931 ], [ -47.370493391999901, -15.996787195999957 ], [ -47.370544540999958, -15.998326407999969 ], [ -47.370549191999828, -15.998455927999942 ], [ -47.370530610999879, -15.998572048999961 ], [ -47.370486960999983, -15.99871892199991 ], [ -47.37038194899992, -15.999072266999917 ], [ -47.37034013899995, -15.999295576999941 ], [ -47.370295141999861, -15.999844042999939 ], [ -47.370262717999935, -16.000239260999933 ], [ -47.37018221399984, -16.001220516999979 ], [ -47.370155270999931, -16.001356900999951 ], [ -47.370053060999965, -16.001629340999955 ], [ -47.369974078999917, -16.001785659999825 ], [ -47.369360805999975, -16.002960278999922 ], [ -47.369272530999979, -16.00308086799987 ], [ -47.369054160999951, -16.003259519999915 ], [ -47.368928712999946, -16.003299717999937 ], [ -47.368845080999961, -16.003295252999919 ], [ -47.368747508999945, -16.003250592999962 ], [ -47.368659227999956, -16.003156804999946 ], [ -47.367939044999957, -16.002129593999939 ], [ -47.36774389899989, -16.001901820999933 ], [ -47.366876588999958, -16.001236369999958 ], [ -47.366713970999911, -16.001142581999886 ], [ -47.366551353999967, -16.001093454999932 ], [ -47.366351566999981, -16.001071125999943 ], [ -47.365366572999903, -16.001088993999929 ], [ -47.365203955999959, -16.001115790999904 ], [ -47.365111030999913, -16.001155985999958 ], [ -47.365041337999912, -16.001222978999976 ], [ -47.364985583999839, -16.001325701999974 ], [ -47.364934475999974, -16.001513281999848 ], [ -47.364846198999942, -16.002553904999957 ], [ -47.364846197999952, -16.00272808599982 ], [ -47.364860136999937, -16.002866537999978 ], [ -47.364985585999932, -16.003334154999948 ], [ -47.365069219999896, -16.003544065999904 ], [ -47.365347997999891, -16.004021947999945 ], [ -47.365385167999932, -16.004124669999896 ], [ -47.365385168999921, -16.004240790999916 ], [ -47.365352644999916, -16.004307783999877 ], [ -47.365255072999844, -16.004410505999942 ], [ -47.365019503999974, -16.004590935999943 ], [ -47.364334300999928, -16.00511553299998 ], [ -47.363752216999842, -16.005561592999982 ], [ -47.363104736999901, -16.006057519999956 ], [ -47.362914235999938, -16.006164707999972 ], [ -47.362672622999867, -16.006249564999962 ], [ -47.362077880999948, -16.006423744999893 ], [ -47.361970700999962, -16.00646078099993 ], [ -47.361891712999977, -16.006523305999963 ], [ -47.361696563999942, -16.00676894299994 ], [ -47.361598989999948, -16.00683593499997 ], [ -47.361445660999948, -16.006867195999973 ], [ -47.361217990999933, -16.006858259999944 ], [ -47.361022845999969, -16.006795729999851 ], [ -47.360874164999984, -16.006688538999924 ], [ -47.36012282799993, -16.005929272999936 ], [ -47.359881224999981, -16.005759552999905 ], [ -47.359681435999903, -16.005688089999865 ], [ -47.359388719999913, -16.005656818999853 ], [ -47.359244683999918, -16.005692544999874 ], [ -47.359040242999981, -16.005830990999982 ], [ -47.358951959999956, -16.00596050799993 ], [ -47.358933369999932, -16.006098958999928 ], [ -47.358956598999953, -16.006201681999983 ], [ -47.359016997999902, -16.006291006999902 ], [ -47.359379403999981, -16.006550053999945 ], [ -47.359444449999842, -16.006617048999885 ], [ -47.360387627999899, -16.007805078999979 ], [ -47.360443379999879, -16.007905378999908 ], [ -47.360457316999884, -16.007981303999884 ], [ -47.360443376999967, -16.008048296999903 ], [ -47.360378325999932, -16.008142084999974 ], [ -47.360243579999974, -16.008218006999925 ], [ -47.360029845999975, -16.00828946199988 ], [ -47.358440780999842, -16.008575256999904 ], [ -47.358236339999962, -16.00855738599995 ], [ -47.358059777999927, -16.008494854999924 ], [ -47.357892510999932, -16.008392126999865 ], [ -47.357576562999895, -16.008146475999979 ], [ -47.357442314999901, -16.008083944999953 ], [ -47.357312216999901, -16.00805714299986 ], [ -47.357121714999948, -16.008083932999853 ], [ -47.356317881999871, -16.008365271999935 ], [ -47.356006572999945, -16.008441184999924 ], [ -47.355709204999869, -16.008476901999927 ], [ -47.355467594999936, -16.008445627999947 ], [ -47.355286392999972, -16.008333965999952 ], [ -47.355160948999981, -16.008159779999914 ], [ -47.354696345999912, -16.007489829999884 ], [ -47.354544161999911, -16.007333795999955 ], [ -47.354316497999832, -16.007204265999974 ], [ -47.354000553999981, -16.007088129999886 ], [ -47.351308796999945, -16.006565433999981 ], [ -47.351041607999946, -16.006547553999894 ], [ -47.350855752999905, -16.006569872999876 ], [ -47.350655955999912, -16.006650250999883 ], [ -47.350418981999951, -16.006819950999898 ], [ -47.350056547999884, -16.00709236299997 ], [ -47.349810282999954, -16.00722633099997 ], [ -47.349615132999929, -16.007270978999827 ], [ -47.349452511999971, -16.007253102999925 ], [ -47.349368881999908, -16.007195036999917 ], [ -47.349317781999957, -16.007061046999866 ], [ -47.349173787999916, -16.006493829999897 ], [ -47.349109624999869, -16.006364307999945 ], [ -47.349002767999821, -16.006257111999957 ], [ -47.348863383999912, -16.006190107999942 ], [ -47.348705410999912, -16.006172231999926 ], [ -47.348598541999934, -16.006216885999891 ], [ -47.348013043999913, -16.006967159999931 ], [ -47.347961923999947, -16.007092209999939 ], [ -47.347934036999959, -16.007203861999869 ], [ -47.347938668999973, -16.00737804299996 ], [ -47.348240567999881, -16.008717922999892 ], [ -47.348245215999953, -16.008828350999977 ], [ -47.348189450999939, -16.008917670999892 ], [ -47.34799894299988, -16.008989114999963 ], [ -47.347873488999824, -16.009002503999909 ], [ -47.347748037999907, -16.008984629999929 ], [ -47.347617943999978, -16.00892209299991 ], [ -47.347302006999939, -16.008743419999973 ], [ -47.347176557999887, -16.008707680999862 ], [ -47.346999997999944, -16.008689801999878 ], [ -47.346735151999951, -16.00872550899993 ], [ -47.346535349999954, -16.008814815999926 ], [ -47.346316956999885, -16.008962180999958 ], [ -47.346163608999916, -16.009145280999917 ], [ -47.346103194999898, -16.009270328999946 ], [ -47.346089247999885, -16.009355184999947 ], [ -47.346103174999882, -16.009475772999906 ], [ -47.346391153999832, -16.010525351999888 ], [ -47.34641247799982, -16.010650643999952 ], [ -47.346398529999817, -16.010744432999957 ], [ -47.346347408999918, -16.010856082999965 ], [ -47.345794425999941, -16.011463435999872 ], [ -47.345625090999931, -16.011594392999939 ], [ -47.345399863999944, -16.011709827999937 ], [ -47.34502449199988, -16.011843287999966 ], [ -47.344164897999917, -16.012041646999933 ], [ -47.344018505999884, -16.012059673999829 ], [ -47.343894635999959, -16.012063269999942 ], [ -47.343755755999894, -16.012030784999922 ], [ -47.34314018799995, -16.01178538299996 ], [ -47.343042238999942, -16.011766890999922 ], [ -47.342899599999953, -16.011777700999858 ], [ -47.342704404999949, -16.011846232999915 ], [ -47.342524218999984, -16.011961668999959 ], [ -47.342038444999844, -16.012331133999908 ], [ -47.341858257999945, -16.012446569999952 ], [ -47.341689334999899, -16.012525927999945 ], [ -47.341535431999944, -16.012565598999856 ], [ -47.341321474999916, -16.012580007999873 ], [ -47.340690871999982, -16.012554681999916 ], [ -47.340428124999903, -16.012514964999923 ], [ -47.340236696999966, -16.012468039999931 ], [ -47.339531043999955, -16.012265911999918 ], [ -47.339388407999934, -16.012255070999913 ], [ -47.33926078199994, -16.012273095999888 ], [ -47.339140657999963, -16.012334416999977 ], [ -47.339069326999947, -16.012428215999932 ], [ -47.338423119999845, -16.013449764999905 ], [ -47.338374305999878, -16.013576037999883 ], [ -47.338340497999923, -16.013763647999951 ], [ -47.338351680999949, -16.014344532999871 ], [ -47.338392941999928, -16.014574552999875 ], [ -47.33843355099998, -16.014686404999907 ], [ -47.338621199999977, -16.014949809999962 ], [ -47.338741305999974, -16.01503641599993 ], [ -47.33888393999996, -16.015076119999833 ], [ -47.339060360999895, -16.015079748999938 ], [ -47.340062600999943, -16.01495358699998 ], [ -47.340212747999942, -16.014949996999974 ], [ -47.340392919999942, -16.014971664999962 ], [ -47.340997236999954, -16.015176327999939 ], [ -47.341094824999914, -16.015241282999909 ], [ -47.341162378999911, -16.015338704999976 ], [ -47.341196145999959, -16.015479419999963 ], [ -47.341203631999974, -16.015656211999953 ], [ -47.341132258999892, -16.016103593999844 ], [ -47.341098459999955, -16.016240692999929 ], [ -47.341030881999984, -16.016341708999903 ], [ -47.340910752999946, -16.016424678999954 ], [ -47.340730567999969, -16.016485994999869 ], [ -47.340542880999976, -16.016504012999917 ], [ -47.340358951999974, -16.016489559999968 ], [ -47.340084936999858, -16.016457055999979 ], [ -47.339972326999941, -16.01645840599997 ], [ -47.339852202999964, -16.016508903999977 ], [ -47.339769609999962, -16.016602701999943 ], [ -47.339713287999928, -16.016736189999961 ], [ -47.339694501999986, -16.016873290999911 ], [ -47.339705739999943, -16.017060905999926 ], [ -47.339739508999969, -16.017172756999912 ], [ -47.339803310999912, -16.017255747999968 ], [ -47.340891812999985, -16.017858403999981 ], [ -47.341004413999883, -16.01794406199997 ], [ -47.341056956999978, -16.018016227999908 ], [ -47.341071961999887, -16.018099212999914 ], [ -47.341053124999917, -16.018676486999937 ], [ -47.34096032399998, -16.019057853999925 ], [ -47.340831346999948, -16.019260064999969 ], [ -47.340607355999907, -16.019436171999871 ], [ -47.340322287999868, -16.01956008399992 ], [ -47.340023656999847, -16.019592665999937 ], [ -47.339786116999903, -16.019573068999932 ], [ -47.339507868999874, -16.019436044999964 ], [ -47.338228025999967, -16.018686000999821 ], [ -47.337363587999846, -16.017442779999897 ], [ -47.335278264999943, -16.020495310999934 ], [ -47.333184589999917, -16.022138696999946 ], [ -47.331446470999822, -16.02233766199987 ], [ -47.32567815799996, -16.029618658999937 ], [ -47.325406102999978, -16.027100655999959 ], [ -47.323632034999946, -16.02629783399982 ], [ -47.322468822999951, -16.026513989999955 ], [ -47.320392292999941, -16.03105383999997 ], [ -47.316932861999931, -16.036191621999876 ], [ -47.31426065799991, -16.036074662999965 ], [ -47.313530312999887, -16.035963533999848 ], [ -47.312815347999958, -16.035795611999959 ], [ -47.312699630999816, -16.035768434999966 ], [ -47.312439358999939, -16.035691024999949 ], [ -47.312068002999979, -16.035580577999951 ], [ -47.311934140999881, -16.035513586999912 ], [ -47.311927875999913, -16.035538235999979 ], [ -47.311466847999952, -16.035758862999955 ], [ -47.31058537499996, -16.036010688999909 ], [ -47.310006187999875, -16.036273507999908 ], [ -47.309951436999881, -16.036666645999844 ], [ -47.310068851999915, -16.037065428999881 ], [ -47.310298250999892, -16.037437130999933 ], [ -47.310375429999965, -16.037562186999935 ], [ -47.310433557999886, -16.037681611999972 ], [ -47.310683581999967, -16.038195303999942 ], [ -47.310902865999935, -16.038846962999855 ], [ -47.310985374999973, -16.039092158999892 ], [ -47.311315477999869, -16.03999780099997 ], [ -47.311604415999966, -16.040594756999951 ], [ -47.312165136999909, -16.041116042999931 ], [ -47.312632272999906, -16.041674705999981 ], [ -47.312674911999977, -16.042110660999981 ], [ -47.312565984999935, -16.042448240999931 ], [ -47.312252524999963, -16.042718519999823 ], [ -47.312202923999905, -16.042761287999895 ], [ -47.311869564999881, -16.04279670699998 ], [ -47.311536205999914, -16.042832124999961 ], [ -47.311150250999958, -16.042790827999966 ], [ -47.310590785999921, -16.04237862999986 ], [ -47.310003329999915, -16.041984914999944 ], [ -47.309285313999908, -16.041683525999872 ], [ -47.308759921999979, -16.041780106999965 ], [ -47.308500261999882, -16.04209203299996 ], [ -47.308438541999863, -16.042447286999959 ], [ -47.308633049999969, -16.043008895999947 ], [ -47.309213410999917, -16.043602714999963 ], [ -47.309840816999952, -16.043791430999931 ], [ -47.310053539999899, -16.043893695999884 ], [ -47.310178056999973, -16.04409237699997 ], [ -47.310182982999947, -16.044519648999881 ], [ -47.309962183999971, -16.044940261999955 ], [ -47.309834135999949, -16.045250769999825 ], [ -47.309591389999923, -16.045398858999818 ], [ -47.309029013999975, -16.045550392999928 ], [ -47.308494525999947, -16.045674348999967 ], [ -47.308405544999971, -16.046111724999889 ], [ -47.308543127999883, -16.046628486999964 ], [ -47.308858492999946, -16.047070596999959 ], [ -47.309334409999906, -16.047574619999978 ], [ -47.309800717999963, -16.048060560999943 ], [ -47.309943637999936, -16.048409721999974 ], [ -47.309974862999979, -16.048486006999894 ], [ -47.309773491999977, -16.048960962999956 ], [ -47.309186780999937, -16.049449164999942 ], [ -47.308542925999973, -16.049874342999942 ], [ -47.308504114999948, -16.04997138899995 ] ] ] } }
]
}
